Patient_ID,Age,Gender,BMI,Systolic_BP,Fasting_Glucose,Postmeal_Glucose,Insulin_Level,Physical_Activity,Smoking_Status,Alcohol_Consumption,Family_History_Diabetes,Hypertension,Heart_Disease,Sleep_Hours,Stress_Level,Diet_Quality,Diabetes
P0001,23,Male,20.8,97,75,142,17.9,Low,Never,None,0,0,0,7.5,Moderate,Average,0
P0002,66,Male,23.7,145,115,196,9.9,Low,Current,None,1,1,0,7.7,High,Average,0
P0003,59,Female,27.9,128,80,137,17.2,Moderate,Never,Occasional,0,0,0,5.5,Moderate,Good,0
P0004,45,Female,23.2,122,108,149,9.6,High,Former,None,0,0,0,5.3,Moderate,Average,0
P0005,45,Female,25.1,127,118,165,9.9,Low,Never,Occasional,0,1,0,6.8,High,Average,0
P0006,72,Female,28.8,133,137,185,15.6,Moderate,Current,None,0,0,0,7.0,Moderate,Good,0
P0007,23,Male,24.7,102,102,143,23.6,Low,Never,None,0,0,0,7.9,Moderate,Average,0
P0008,61,Female,27.7,131,108,163,17.6,Moderate,Former,None,1,0,0,7.6,Moderate,Good,0
P0009,30,Female,34.8,120,130,188,34.8,Low,Never,None,0,0,0,6.7,Low,Average,0
P0010,23,Male,25.6,126,81,110,22.5,High,Current,None,1,0,0,8.0,Moderate,Average,0
P0011,51,Female,32.6,133,105,173,27.7,Moderate,Never,Frequent,0,0,0,6.4,Moderate,Good,0
P0012,79,Male,29.4,157,108,128,27.9,High,Never,None,0,0,0,6.4,Moderate,Good,0
P0013,64,Female,18.9,123,102,144,12.3,Moderate,Never,Occasional,1,0,0,7.8,High,Poor,0
P0014,65,Female,20.8,134,75,140,22.9,High,Current,Frequent,0,0,0,7.9,Moderate,Average,0
P0015,63,Female,22.2,144,76,133,18.8,Moderate,Former,None,0,0,0,8.0,Moderate,Average,0
P0016,67,Female,22.1,147,101,142,19.9,Moderate,Former,Occasional,0,1,0,6.6,Low,Average,0
P0017,50,Male,26.0,121,106,186,9.8,Low,Never,Occasional,1,0,0,6.9,High,Average,0
P0018,26,Female,29.7,126,90,133,23.3,Moderate,Former,None,0,0,0,5.8,High,Poor,0
P0019,70,Female,33.0,140,131,150,13.0,Moderate,Never,None,0,1,0,7.9,Moderate,Average,0
P0020,46,Female,28.1,120,119,175,32.0,Moderate,Never,Occasional,1,0,0,6.1,Low,Average,0
P0021,49,Female,24.2,134,109,128,10.4,Moderate,Current,None,0,0,0,4.4,Moderate,Poor,0
P0022,41,Male,15.7,130,84,115,8.1,Moderate,Never,None,1,1,0,6.3,Low,Average,0
P0023,29,Female,26.9,113,93,152,6.9,Moderate,Never,None,0,0,0,5.8,Low,Average,0
P0024,76,Male,26.6,138,126,167,19.3,Moderate,Former,None,1,0,0,3.6,Moderate,Average,0
P0025,67,Female,27.5,133,110,168,17.3,Moderate,Never,Frequent,0,1,0,6.1,Low,Poor,0
P0026,58,Male,37.5,135,143,177,48.6,Moderate,Former,Frequent,0,1,0,7.7,High,Poor,0
P0027,43,Male,33.0,137,138,203,35.1,Moderate,Never,Frequent,0,0,0,7.3,Moderate,Average,0
P0028,69,Male,30.6,142,121,144,19.9,Moderate,Former,None,1,0,0,7.3,Moderate,Good,0
P0029,52,Female,21.5,140,72,140,2.0,Moderate,Never,Frequent,0,0,0,8.5,Moderate,Poor,0
P0030,45,Male,23.8,137,80,120,2.0,Moderate,Former,Occasional,0,1,0,6.1,Moderate,Good,0
P0031,46,Male,26.0,121,91,164,8.6,Low,Former,Occasional,0,0,0,5.4,High,Good,0
P0032,32,Female,22.5,103,95,129,2.0,Low,Former,Occasional,1,0,0,7.4,Moderate,Average,0
P0033,23,Male,29.1,105,104,184,23.6,High,Never,Occasional,0,0,0,7.2,Low,Good,0
P0034,52,Male,28.4,129,139,173,21.6,High,Former,None,0,1,0,5.3,Moderate,Average,0
P0035,73,Male,20.8,135,95,113,12.1,Low,Never,Occasional,0,0,0,6.6,Moderate,Average,0
P0036,22,Male,32.7,124,101,152,17.3,High,Never,Occasional,0,0,0,7.4,Moderate,Average,0
P0037,72,Female,27.0,151,86,154,19.2,Low,Never,None,0,0,0,7.1,Low,Poor,0
P0038,70,Female,17.5,168,104,162,2.0,High,Never,None,1,1,1,7.7,Moderate,Good,0
P0039,35,Female,26.2,114,94,161,16.3,High,Current,Occasional,0,0,0,6.0,Low,Good,0
P0040,57,Male,28.0,154,88,150,25.8,Moderate,Never,Occasional,0,1,1,5.1,High,Average,0
P0041,28,Male,31.6,133,105,142,21.0,High,Former,Occasional,0,0,0,5.7,Moderate,Poor,0
P0042,65,Male,24.7,136,82,142,18.8,Moderate,Former,Occasional,0,0,0,7.8,Moderate,Poor,0
P0043,62,Male,30.8,141,103,155,7.0,Low,Never,Occasional,1,0,0,8.0,Moderate,Poor,0
P0044,40,Female,27.5,137,98,136,2.1,Moderate,Never,None,0,0,0,6.6,High,Poor,0
P0045,22,Female,19.7,114,65,114,14.6,Low,Never,Occasional,1,0,0,8.6,Low,Good,0
P0046,79,Male,19.1,149,86,131,20.4,Low,Never,None,0,1,0,6.6,Moderate,Poor,0
P0047,46,Female,32.3,121,99,172,22.5,Low,Never,Occasional,1,0,0,6.2,Moderate,Good,0
P0048,74,Female,32.7,124,112,154,43.0,Moderate,Current,Occasional,0,1,0,5.1,Moderate,Good,1
P0049,60,Male,28.2,136,88,128,7.9,Moderate,Current,Frequent,0,0,0,6.7,Moderate,Average,0
P0050,67,Female,34.3,132,111,151,22.2,High,Never,None,0,0,0,8.1,High,Average,0
P0051,65,Male,32.0,127,99,180,25.1,High,Never,Occasional,0,0,0,8.3,Moderate,Poor,0
P0052,30,Male,30.1,123,110,150,26.2,High,Former,Occasional,0,0,0,8.1,Moderate,Average,0
P0053,40,Female,21.8,110,88,156,7.3,Moderate,Current,None,0,0,0,7.4,Moderate,Average,0
P0054,47,Female,35.5,141,140,175,22.9,High,Current,Occasional,0,1,0,8.7,Moderate,Poor,0
P0055,49,Male,29.3,139,136,194,28.6,Low,Current,None,0,1,0,5.6,Moderate,Good,1
P0056,20,Female,24.5,109,97,149,16.1,Moderate,Never,None,1,0,0,8.2,Moderate,Average,0
P0057,52,Female,23.0,135,103,170,10.7,Low,Current,Occasional,0,1,0,7.1,High,Average,0
P0058,27,Female,27.8,105,106,172,23.4,Low,Never,None,0,0,0,7.1,Moderate,Poor,0
P0059,64,Male,17.8,145,87,134,10.9,Low,Never,None,0,0,1,5.1,Moderate,Poor,0
P0060,61,Female,30.1,138,108,149,21.2,Low,Former,None,1,0,0,7.2,Moderate,Average,0
P0061,76,Female,21.5,152,97,170,10.6,High,Never,None,1,1,0,8.2,Low,Poor,0
P0062,64,Female,28.4,142,89,128,13.1,Moderate,Former,None,0,0,0,4.2,Moderate,Average,0
P0063,41,Female,23.8,118,101,112,6.9,High,Former,None,1,0,0,7.8,Low,Poor,0
P0064,78,Female,25.1,135,106,124,12.0,Moderate,Current,Occasional,0,1,0,4.1,Moderate,Average,0
P0065,43,Female,22.6,135,108,129,13.6,Moderate,Never,Occasional,1,0,0,5.1,Moderate,Average,0
P0066,38,Female,25.7,130,106,164,2.0,Low,Never,None,0,0,0,6.7,Low,Average,0
P0067,75,Female,36.3,138,114,201,37.8,High,Former,Occasional,0,0,0,8.7,Moderate,Good,0
P0068,41,Male,33.7,129,129,147,28.5,Low,Never,None,1,0,0,6.6,High,Average,0
P0069,22,Male,28.3,127,65,102,11.0,Moderate,Never,None,0,0,0,7.4,Low,Poor,0
P0070,47,Female,26.4,139,123,173,32.1,High,Never,Occasional,1,0,0,5.7,Moderate,Average,0
P0071,68,Female,30.9,134,91,166,23.0,Moderate,Current,Occasional,0,0,0,6.6,Low,Average,0
P0072,29,Female,32.4,103,113,151,14.8,Moderate,Current,None,0,0,0,6.7,Moderate,Average,0
P0073,47,Male,22.2,115,93,149,24.8,Low,Former,None,0,0,0,8.8,Moderate,Average,0
P0074,26,Female,26.1,113,108,152,28.4,Moderate,Former,Occasional,0,0,0,5.9,Moderate,Average,0
P0075,61,Male,17.0,150,74,161,4.7,Low,Current,None,0,0,1,6.0,High,Average,0
P0076,47,Male,32.3,121,79,132,21.8,Low,Never,Occasional,0,0,0,8.1,Moderate,Good,0
P0077,38,Male,37.2,117,114,172,27.7,Low,Never,Occasional,1,0,0,6.5,Low,Poor,0
P0078,32,Male,26.9,114,92,142,2.8,Moderate,Never,None,0,0,0,6.9,Moderate,Average,0
P0079,53,Female,15.4,131,65,103,14.6,High,Current,Occasional,0,1,1,7.3,Low,Good,0
P0080,60,Female,29.7,135,107,172,28.6,Moderate,Never,Frequent,1,0,0,6.0,Moderate,Good,0
P0081,77,Male,21.8,132,77,105,17.3,Moderate,Current,Frequent,0,0,0,4.3,Moderate,Average,1
P0082,45,Female,23.1,138,98,113,13.6,Moderate,Former,None,1,0,0,8.1,Low,Poor,0
P0083,28,Male,29.8,116,97,144,28.9,Low,Never,Frequent,0,0,0,6.9,Low,Average,0
P0084,70,Male,27.8,170,138,200,12.9,Moderate,Never,None,1,1,0,5.3,High,Poor,1
P0085,57,Female,24.0,122,89,127,28.9,Low,Never,None,1,0,0,7.7,Low,Average,0
P0086,62,Male,23.1,157,105,155,7.5,Moderate,Never,None,0,1,0,9.2,High,Average,0
P0087,24,Female,27.2,129,91,120,13.0,High,Never,None,0,0,0,8.2,Moderate,Average,0
P0088,37,Male,24.4,123,74,139,10.3,Low,Former,None,0,1,0,9.3,Moderate,Good,0
P0089,66,Male,20.7,139,91,148,6.8,Low,Never,None,0,1,0,5.3,Moderate,Poor,0
P0090,70,Female,24.8,136,114,162,14.9,Low,Former,Occasional,0,1,0,7.1,High,Average,0
P0091,45,Female,28.3,118,109,161,18.4,Moderate,Never,Occasional,0,0,0,7.2,Low,Average,0
P0092,68,Male,25.6,139,94,120,17.4,Low,Current,Occasional,1,0,0,6.7,Moderate,Good,0
P0093,71,Male,19.1,146,71,95,5.5,Moderate,Current,Occasional,0,1,0,6.4,High,Average,0
P0094,42,Female,31.6,109,116,164,26.1,Low,Former,None,1,0,0,3.5,Low,Poor,0
P0095,74,Male,15.0,166,82,135,3.3,Moderate,Never,Occasional,0,0,1,8.8,Moderate,Good,0
P0096,36,Male,24.2,119,101,158,20.6,High,Current,Occasional,0,0,0,4.9,High,Poor,0
P0097,33,Female,23.3,121,83,125,19.3,Low,Current,None,0,0,0,7.9,High,Average,0
P0098,60,Male,27.3,129,77,138,18.3,Moderate,Current,Frequent,0,0,0,6.8,High,Average,0
P0099,58,Female,29.4,131,112,184,16.6,Low,Never,Occasional,0,0,0,6.8,Low,Average,0
P0100,26,Male,32.4,113,106,155,27.4,Low,Current,Occasional,0,0,0,6.6,Moderate,Good,0
P0101,70,Female,22.8,141,112,164,6.8,Moderate,Never,Occasional,0,0,0,7.0,Moderate,Average,0
P0102,30,Female,29.6,118,101,147,21.5,Low,Never,Occasional,1,0,0,7.6,Moderate,Average,0
P0103,68,Male,27.5,153,109,156,18.1,High,Former,Occasional,0,1,0,7.9,Moderate,Average,0
P0104,18,Male,17.6,114,78,126,33.0,Moderate,Never,Occasional,1,0,0,6.6,High,Average,0
P0105,68,Male,36.4,152,121,200,21.1,High,Never,None,0,1,0,5.4,Moderate,Average,0
P0106,67,Female,19.0,139,75,136,2.0,Low,Never,None,1,0,0,5.3,Moderate,Poor,0
P0107,67,Female,28.7,141,104,166,15.3,Moderate,Never,None,0,0,0,8.0,Moderate,Good,0
P0108,59,Female,28.5,137,97,139,6.1,Moderate,Never,Frequent,0,1,0,6.5,Moderate,Average,0
P0109,47,Male,27.9,143,103,138,13.5,Low,Never,None,0,1,0,5.6,Moderate,Good,0
P0110,62,Male,23.9,144,128,182,6.1,Moderate,Never,None,0,1,0,5.9,Moderate,Average,0
P0111,35,Female,30.8,120,118,188,16.8,High,Never,None,0,0,0,6.7,Moderate,Good,0
P0112,67,Female,18.4,142,94,167,3.5,High,Current,Occasional,1,1,1,5.3,Moderate,Average,1
P0113,53,Female,26.2,135,126,135,26.8,High,Never,Frequent,1,1,0,6.8,Moderate,Good,0
P0114,46,Male,23.6,128,78,165,13.5,Low,Never,Occasional,0,0,0,8.3,Low,Good,0
P0115,49,Male,23.0,133,131,185,24.3,High,Current,None,1,1,0,6.7,Moderate,Average,0
P0116,53,Male,28.7,126,96,160,20.4,High,Current,Occasional,0,0,0,4.7,High,Average,0
P0117,20,Male,32.1,121,132,155,34.1,Moderate,Former,Frequent,0,0,0,7.8,Moderate,Average,0
P0118,26,Male,24.7,125,117,161,14.2,Low,Never,Occasional,0,0,0,8.1,Moderate,Poor,0
P0119,33,Female,30.6,138,78,141,35.1,Moderate,Never,Occasional,0,0,0,8.2,Moderate,Poor,0
P0120,25,Male,26.8,110,114,144,22.6,Low,Former,Occasional,0,0,0,6.9,Moderate,Poor,0
P0121,45,Female,21.9,134,82,90,5.8,Low,Current,Occasional,0,0,0,9.6,High,Poor,0
P0122,60,Female,25.2,116,88,141,20.8,High,Current,Frequent,0,0,0,7.7,High,Average,0
P0123,59,Female,24.9,148,110,157,16.5,High,Never,Occasional,1,1,0,10.0,High,Good,0
P0124,47,Female,22.9,113,74,144,11.5,High,Never,Occasional,1,0,0,8.4,Moderate,Poor,0
P0125,71,Male,28.7,136,120,167,22.4,Low,Current,None,1,1,0,8.2,Low,Average,0
P0126,53,Female,27.7,135,87,135,24.8,Moderate,Current,None,0,0,0,6.1,Moderate,Good,0
P0127,22,Male,18.2,108,76,133,2.0,Moderate,Former,None,0,0,0,5.7,Moderate,Average,0
P0128,66,Female,17.9,131,100,162,9.2,Moderate,Never,Occasional,0,0,0,6.9,Low,Average,0
P0129,54,Female,28.7,127,108,146,26.1,Moderate,Former,Frequent,0,0,0,6.6,High,Average,0
P0130,57,Female,22.3,141,84,146,14.3,High,Never,None,0,0,0,6.2,High,Average,0
P0131,53,Male,28.1,122,109,150,11.0,Moderate,Never,Occasional,1,0,0,6.6,Moderate,Average,0
P0132,52,Male,30.6,130,87,137,3.4,High,Never,Occasional,1,0,0,6.6,Moderate,Average,0
P0133,23,Male,19.9,111,66,123,25.6,Low,Never,None,0,0,0,6.0,Moderate,Good,0
P0134,53,Male,19.2,144,83,142,10.5,Moderate,Never,Occasional,1,1,0,7.6,High,Average,0
P0135,68,Female,35.2,148,130,187,42.4,Moderate,Never,Occasional,0,0,0,5.9,Moderate,Good,0
P0136,37,Male,28.3,104,104,136,26.2,Moderate,Never,None,0,0,0,6.7,Low,Average,0
P0137,55,Male,24.3,143,101,119,8.5,High,Never,Occasional,0,0,0,5.3,High,Poor,0
P0138,19,Female,21.6,106,80,124,2.0,Low,Never,Occasional,0,0,0,6.9,High,Good,0
P0139,39,Male,23.8,126,78,141,10.5,Low,Current,Occasional,0,0,0,7.0,Moderate,Good,0
P0140,45,Female,20.3,122,110,164,12.5,High,Former,None,0,1,1,5.6,Moderate,Poor,0
P0141,79,Male,31.1,154,110,164,27.3,Moderate,Never,None,0,1,0,6.9,Moderate,Poor,0
P0142,31,Male,22.5,145,91,138,3.7,Moderate,Former,None,0,0,0,6.7,High,Average,0
P0143,35,Female,32.2,123,105,160,26.1,High,Never,Occasional,1,0,0,6.2,Moderate,Good,0
P0144,43,Female,24.4,121,99,131,16.3,Moderate,Never,None,0,0,0,6.3,Moderate,Good,0
P0145,80,Female,21.1,149,89,148,19.9,Moderate,Never,Occasional,0,1,0,7.3,Moderate,Average,0
P0146,71,Female,24.3,126,111,172,13.2,Low,Current,Occasional,1,0,0,6.8,High,Good,0
P0147,20,Male,15.0,128,86,125,15.5,Moderate,Never,Occasional,1,0,0,7.9,Low,Poor,0
P0148,32,Female,25.9,128,113,168,20.0,Moderate,Current,Occasional,1,1,0,5.6,Moderate,Average,0
P0149,69,Male,25.6,135,108,129,24.0,Moderate,Former,None,0,1,0,6.6,Low,Good,0
P0150,21,Female,30.8,108,102,155,16.2,Moderate,Never,None,0,1,0,6.1,Low,Poor,0
P0151,71,Male,16.7,141,119,162,2.0,Low,Current,None,1,0,0,6.9,Moderate,Poor,0
P0152,35,Female,32.5,131,94,165,22.7,Low,Never,Occasional,1,0,0,7.1,Moderate,Average,0
P0153,75,Male,30.8,132,123,170,22.6,Moderate,Former,Occasional,0,0,0,5.4,High,Good,0
P0154,36,Female,33.0,133,113,178,17.0,Moderate,Former,None,1,0,0,7.5,Moderate,Good,0
P0155,45,Female,26.2,126,95,137,5.0,Low,Never,Occasional,0,0,0,9.4,High,Average,0
P0156,59,Female,31.8,125,113,127,20.2,High,Never,None,1,0,0,7.0,Moderate,Average,0
P0157,25,Female,18.8,111,68,110,11.1,Low,Current,Occasional,0,0,0,5.8,Low,Average,0
P0158,53,Male,30.2,149,112,165,23.6,Moderate,Never,Occasional,0,0,0,6.4,Moderate,Poor,0
P0159,49,Male,22.5,115,93,143,2.0,Moderate,Current,None,0,0,1,6.4,Low,Average,0
P0160,67,Female,17.9,137,126,174,2.0,Moderate,Never,Occasional,0,1,1,6.0,Moderate,Average,0
P0161,80,Male,20.7,161,112,150,22.0,Low,Never,Occasional,0,1,0,7.7,Moderate,Poor,0
P0162,59,Male,26.5,137,106,149,16.4,Low,Never,Occasional,0,0,0,4.6,Low,Good,0
P0163,43,Male,22.2,118,94,123,12.2,Low,Never,Occasional,0,0,0,7.1,Moderate,Average,0
P0164,43,Female,28.5,135,126,143,11.2,Low,Current,None,0,0,0,8.3,Moderate,Good,0
P0165,44,Male,17.1,136,65,109,12.0,Low,Never,Occasional,0,0,0,8.3,Moderate,Average,0
P0166,69,Male,15.4,143,74,107,9.0,Moderate,Never,Occasional,0,0,0,8.0,Low,Average,0
P0167,38,Female,33.6,117,84,152,21.0,Moderate,Never,None,0,0,0,6.0,High,Average,0
P0168,28,Male,31.2,118,118,133,12.8,Low,Never,Occasional,0,1,0,8.5,High,Good,0
P0169,39,Male,21.0,126,95,146,5.1,Moderate,Never,Occasional,0,0,0,7.2,Low,Average,0
P0170,19,Male,26.5,99,78,160,33.2,Low,Never,None,1,0,0,8.5,Moderate,Average,0
P0171,24,Female,31.8,129,124,171,22.9,High,Never,None,1,0,0,8.1,Moderate,Good,0
P0172,23,Male,28.7,137,94,143,26.4,Moderate,Never,Occasional,0,1,0,7.2,High,Good,0
P0173,66,Female,27.3,136,97,153,16.8,Moderate,Current,None,0,0,1,6.5,Moderate,Good,0
P0174,63,Male,32.2,140,114,173,22.9,Low,Never,Occasional,1,0,0,9.6,Moderate,Average,0
P0175,61,Male,22.7,153,120,161,9.4,Moderate,Current,None,0,1,0,4.7,Low,Average,0
P0176,47,Male,26.7,153,92,124,28.4,Moderate,Never,None,0,1,0,6.6,Low,Poor,1
P0177,63,Male,26.4,152,103,162,20.5,High,Former,Occasional,1,0,0,5.1,High,Average,0
P0178,28,Male,25.1,100,101,119,9.5,Low,Never,None,1,0,0,6.9,Moderate,Poor,0
P0179,74,Male,24.5,140,105,166,12.2,Moderate,Never,Occasional,1,0,0,7.2,Low,Good,0
P0180,49,Male,26.9,139,113,155,27.5,Moderate,Current,None,0,1,0,6.0,Moderate,Good,0
P0181,77,Female,26.7,145,120,169,2.0,Moderate,Former,None,0,1,0,6.1,Moderate,Average,0
P0182,27,Female,21.0,135,73,111,14.5,Moderate,Never,Occasional,1,0,0,5.2,Moderate,Poor,0
P0183,49,Female,30.7,145,130,203,29.1,High,Former,Occasional,0,0,0,7.3,Moderate,Average,0
P0184,61,Female,21.4,132,93,144,6.0,Low,Never,None,1,1,0,6.2,Low,Average,0
P0185,49,Female,25.4,132,98,141,17.3,Low,Never,Occasional,0,1,0,7.3,Moderate,Average,0
P0186,46,Female,25.0,120,112,154,20.6,High,Former,None,1,0,0,6.2,High,Average,0
P0187,28,Female,28.4,116,88,135,9.8,Low,Current,Occasional,0,0,0,7.1,Moderate,Good,0
P0188,42,Male,15.5,128,83,166,18.7,Moderate,Never,Occasional,0,1,0,7.7,High,Poor,0
P0189,33,Female,31.1,130,94,123,25.3,Low,Former,Frequent,1,0,0,7.4,Low,Good,0
P0190,36,Male,23.0,113,122,187,13.7,Low,Current,Occasional,1,0,0,7.1,Moderate,Good,0
P0191,61,Female,32.8,109,145,205,29.4,Low,Never,Occasional,0,0,0,6.7,Moderate,Good,1
P0192,57,Female,24.0,117,91,163,20.1,High,Never,Frequent,1,0,0,7.4,Moderate,Average,0
P0193,56,Male,26.2,128,112,170,36.5,Low,Never,Occasional,0,1,0,6.1,Moderate,Average,0
P0194,40,Male,36.5,118,117,169,35.6,Low,Never,Occasional,0,0,0,6.6,Moderate,Average,0
P0195,78,Male,25.1,147,94,158,22.2,Low,Never,None,0,0,0,7.2,High,Average,0
P0196,23,Male,32.9,104,108,162,27.3,Low,Former,Occasional,1,0,0,8.6,Moderate,Average,1
P0197,39,Female,26.7,111,95,156,32.9,Low,Never,Occasional,0,0,0,6.1,Low,Average,0
P0198,25,Female,28.7,107,76,148,8.3,High,Never,Frequent,0,0,0,5.7,Moderate,Good,0
P0199,39,Female,26.9,112,100,150,4.0,Moderate,Never,Occasional,1,0,0,7.1,Low,Poor,0
P0200,78,Female,30.9,139,111,154,24.8,Low,Never,None,0,0,0,8.2,Low,Poor,0
P0201,41,Male,22.9,119,92,129,18.4,Low,Former,None,1,0,0,7.8,Moderate,Poor,0
P0202,75,Male,21.4,155,96,150,2.0,Low,Former,None,1,1,0,6.8,Moderate,Average,0
P0203,49,Female,23.2,119,85,118,13.4,Low,Never,Occasional,0,0,0,8.3,Moderate,Average,0
P0204,62,Female,27.0,138,120,163,18.2,Low,Never,Occasional,1,1,0,4.6,High,Poor,0
P0205,46,Female,25.4,122,101,134,22.1,High,Never,None,1,0,0,8.0,Moderate,Average,0
P0206,34,Male,30.2,129,122,180,27.0,Low,Never,None,0,0,0,6.4,Low,Poor,0
P0207,66,Female,33.3,142,129,168,13.4,Moderate,Former,None,0,1,0,7.6,Moderate,Average,0
P0208,79,Female,21.4,156,88,114,3.4,Moderate,Former,Occasional,0,0,0,8.0,Low,Good,0
P0209,34,Male,22.7,109,94,123,6.4,Low,Former,None,0,0,0,7.0,Moderate,Poor,0
P0210,67,Male,19.0,138,65,102,17.9,Moderate,Never,None,0,0,0,6.9,Moderate,Good,0
P0211,34,Male,37.1,115,147,192,36.9,Moderate,Former,Occasional,0,0,0,6.3,Low,Average,0
P0212,63,Male,28.1,124,107,160,14.9,Low,Never,None,0,0,0,8.8,Moderate,Average,0
P0213,67,Male,29.0,138,136,183,24.4,High,Never,Occasional,0,0,0,7.2,Moderate,Average,0
P0214,46,Female,19.5,145,69,121,3.5,Low,Never,Occasional,0,0,0,7.1,Low,Average,0
P0215,64,Female,26.5,129,84,140,33.8,Low,Current,None,1,0,0,8.6,Moderate,Average,0
P0216,35,Male,29.1,120,105,166,25.5,Moderate,Former,Occasional,1,0,0,6.2,Moderate,Average,0
P0217,22,Female,25.2,101,94,112,22.1,Moderate,Current,Occasional,1,0,0,6.5,Moderate,Poor,0
P0218,24,Female,32.1,101,109,141,35.9,Low,Never,None,1,0,0,7.9,Moderate,Average,0
P0219,46,Male,38.5,120,125,187,41.9,Low,Current,None,0,0,0,8.9,Low,Good,0
P0220,74,Male,21.6,143,89,139,12.3,High,Never,None,1,1,0,6.9,Moderate,Average,0
P0221,26,Male,21.2,112,65,127,10.5,Moderate,Former,None,1,0,0,7.3,High,Good,0
P0222,46,Female,21.9,125,90,112,22.3,Moderate,Never,None,1,0,0,4.9,Moderate,Average,0
P0223,62,Female,34.9,120,100,144,27.7,Moderate,Former,Frequent,0,0,0,8.3,Low,Average,0
P0224,30,Female,31.9,117,93,139,17.9,Moderate,Never,None,0,1,0,5.5,Moderate,Average,0
P0225,63,Female,25.8,142,93,144,32.3,Moderate,Never,Frequent,0,0,0,6.2,Moderate,Poor,0
P0226,37,Male,26.7,114,108,157,10.8,Low,Never,Occasional,0,1,0,7.0,Moderate,Average,0
P0227,68,Male,22.3,136,119,174,2.0,Low,Never,Occasional,0,0,0,6.0,Low,Average,0
P0228,54,Female,31.1,140,129,177,33.2,Moderate,Never,Occasional,0,1,0,4.5,Low,Poor,0
P0229,52,Male,24.5,128,120,190,10.8,Moderate,Never,Occasional,1,1,0,5.3,Moderate,Average,0
P0230,29,Male,25.1,126,106,181,19.7,Moderate,Never,Frequent,0,1,0,6.9,Moderate,Average,0
P0231,47,Male,29.7,113,109,141,36.5,Moderate,Current,None,0,0,0,8.6,Moderate,Average,0
P0232,71,Male,25.5,155,141,190,8.5,Moderate,Never,None,0,1,0,8.5,High,Average,0
P0233,19,Male,25.3,116,70,131,15.6,Low,Former,None,0,0,0,7.3,Low,Average,0
P0234,65,Male,26.6,143,101,159,29.5,High,Former,None,0,1,0,7.0,Moderate,Poor,0
P0235,49,Male,30.6,140,101,144,27.9,High,Former,None,1,0,0,7.8,High,Average,0
P0236,63,Female,35.1,133,131,187,28.8,High,Never,Occasional,0,0,0,8.4,Moderate,Good,0
P0237,59,Female,29.5,128,92,116,40.1,High,Never,None,0,0,0,6.9,Moderate,Good,0
P0238,45,Female,30.7,146,123,173,23.5,High,Never,Occasional,0,1,0,7.0,Moderate,Good,0
P0239,37,Female,25.5,141,101,126,19.5,Low,Former,Occasional,0,0,0,7.0,Moderate,Average,0
P0240,57,Female,22.8,127,102,157,26.3,Moderate,Never,None,0,0,0,8.0,High,Average,0
P0241,26,Male,29.9,115,111,143,30.2,Moderate,Never,Occasional,0,0,0,5.2,Moderate,Average,0
P0242,54,Female,27.4,147,128,179,31.3,Moderate,Current,Occasional,1,1,0,6.8,Moderate,Average,1
P0243,23,Female,19.1,114,75,126,4.8,High,Former,None,0,0,0,7.3,Moderate,Poor,0
P0244,58,Female,24.8,145,109,158,25.9,Low,Never,None,0,1,0,4.5,Moderate,Poor,0
P0245,57,Male,26.1,141,87,125,18.3,Low,Never,None,0,0,0,7.9,Moderate,Average,0
P0246,23,Male,23.8,109,73,117,8.2,Low,Never,None,1,0,0,8.1,Moderate,Average,0
P0247,65,Female,34.2,147,148,218,32.3,Low,Current,Occasional,0,1,0,4.5,Moderate,Average,1
P0248,44,Female,29.0,126,90,133,21.9,Moderate,Former,None,1,0,0,6.3,Moderate,Poor,0
P0249,67,Female,33.6,132,132,183,43.4,Low,Never,None,1,1,0,6.3,Moderate,Poor,1
P0250,20,Female,27.9,103,102,142,22.3,Low,Current,Occasional,0,0,0,5.7,Low,Good,0
P0251,29,Male,26.9,112,111,176,12.5,Moderate,Never,Occasional,1,0,0,5.9,Moderate,Average,0
P0252,49,Male,21.6,138,65,113,3.9,Moderate,Never,None,0,0,0,6.2,High,Average,0
P0253,29,Female,26.6,128,106,142,17.6,Moderate,Never,None,1,0,0,7.5,Moderate,Poor,0
P0254,38,Female,26.6,130,94,143,6.7,Low,Never,None,0,0,0,8.3,Low,Average,0
P0255,59,Male,19.4,144,82,124,6.3,High,Never,Occasional,0,1,0,7.5,High,Average,0
P0256,27,Male,23.7,121,83,153,12.1,Low,Never,Occasional,0,0,0,5.7,Moderate,Poor,0
P0257,60,Male,24.8,138,110,157,12.8,Moderate,Never,Occasional,0,0,0,7.7,Moderate,Average,0
P0258,24,Male,28.7,124,114,141,27.0,High,Never,None,0,1,0,7.5,Moderate,Good,0
P0259,29,Female,28.9,123,97,154,14.4,High,Current,Occasional,0,0,0,3.5,Moderate,Good,0
P0260,55,Male,23.5,118,75,151,2.0,Moderate,Former,None,0,0,0,8.3,Moderate,Average,0
P0261,67,Female,28.9,131,90,159,6.8,Low,Former,None,0,0,1,7.0,Moderate,Average,0
P0262,28,Male,25.6,107,102,133,16.3,Moderate,Former,Frequent,0,0,0,7.0,Moderate,Good,0
P0263,36,Female,15.0,133,65,105,7.3,Moderate,Former,Occasional,0,0,0,4.7,Moderate,Average,0
P0264,76,Male,24.0,165,102,149,4.7,Moderate,Never,Occasional,1,1,0,8.7,Moderate,Average,0
P0265,80,Female,32.1,129,159,209,44.5,Moderate,Current,None,0,1,0,7.2,High,Good,1
P0266,54,Female,17.8,147,85,137,18.6,High,Never,Occasional,0,0,0,7.7,High,Average,0
P0267,46,Female,27.1,128,108,151,18.3,High,Never,Occasional,1,0,0,5.2,Low,Average,0
P0268,39,Female,34.7,134,98,135,29.1,Moderate,Current,None,0,0,0,7.4,Moderate,Average,0
P0269,56,Female,22.5,143,79,141,10.5,High,Never,None,0,1,1,7.4,Low,Poor,0
P0270,55,Female,26.5,147,109,140,8.1,Moderate,Never,Occasional,1,0,0,6.6,High,Average,0
P0271,36,Male,19.7,124,76,109,20.2,Low,Current,Occasional,1,0,0,5.2,Low,Average,0
P0272,19,Male,35.0,99,127,160,36.6,Moderate,Never,Occasional,0,0,0,6.7,Moderate,Poor,0
P0273,27,Male,26.1,116,94,152,2.0,Moderate,Never,None,0,0,0,5.7,Moderate,Poor,0
P0274,78,Male,26.7,150,152,202,23.6,Moderate,Current,Frequent,0,0,0,6.0,Moderate,Good,0
P0275,44,Female,33.5,124,105,170,28.9,Low,Current,Frequent,1,0,0,8.2,Moderate,Good,0
P0276,48,Male,29.9,135,110,147,19.7,Moderate,Current,Occasional,0,0,0,6.9,Moderate,Poor,0
P0277,47,Male,21.9,127,75,102,28.8,Low,Never,None,1,0,0,6.7,Moderate,Average,0
P0278,67,Female,23.1,133,108,148,29.9,Moderate,Current,None,0,0,0,5.4,Low,Average,0
P0279,22,Male,29.1,103,105,152,17.9,High,Former,Occasional,0,0,0,6.7,Low,Average,0
P0280,23,Male,23.3,116,80,131,11.8,Low,Former,Occasional,0,1,0,6.6,Low,Poor,0
P0281,35,Female,15.5,123,67,90,9.3,Moderate,Never,Occasional,0,0,0,5.6,High,Good,0
P0282,48,Female,26.2,109,117,173,13.5,Low,Never,None,1,0,0,8.1,Moderate,Average,0
P0283,60,Female,18.8,132,108,140,5.3,Moderate,Never,Frequent,0,1,0,8.0,Low,Average,0
P0284,48,Female,34.9,109,97,138,31.5,High,Current,None,0,0,0,5.9,Low,Good,0
P0285,45,Female,27.4,121,93,161,34.2,Low,Never,Frequent,0,0,0,7.3,Low,Good,0
P0286,77,Female,21.8,156,118,130,25.8,Low,Never,Occasional,0,0,0,4.6,Low,Poor,0
P0287,28,Male,22.9,111,91,143,19.4,High,Never,Occasional,0,1,0,7.2,Moderate,Average,0
P0288,54,Female,16.7,144,87,137,2.0,Low,Never,None,0,1,0,7.7,Moderate,Average,0
P0289,52,Male,20.8,164,108,141,2.0,Low,Never,None,1,1,0,5.5,Moderate,Average,0
P0290,47,Male,31.8,142,91,134,32.3,Moderate,Current,Frequent,0,0,0,6.8,High,Good,0
P0291,68,Female,38.1,141,114,186,45.4,Low,Never,Occasional,0,0,0,7.0,Low,Average,0
P0292,34,Female,30.3,129,99,180,26.4,Low,Never,Occasional,0,0,0,10.0,Moderate,Good,0
P0293,78,Male,26.0,131,119,184,15.9,Moderate,Never,Occasional,0,0,0,9.9,Moderate,Average,0
P0294,38,Female,24.3,107,106,184,26.1,Moderate,Never,None,0,0,0,7.2,Moderate,Average,0
P0295,52,Female,21.5,136,105,141,18.4,Moderate,Never,Occasional,1,1,0,6.0,Moderate,Average,0
P0296,50,Female,37.2,134,120,147,40.9,Moderate,Never,None,1,0,0,7.1,Moderate,Average,0
P0297,71,Male,25.5,157,123,170,3.2,Low,Never,None,0,1,0,8.2,Moderate,Average,0
P0298,45,Female,37.5,121,120,185,34.9,Moderate,Never,None,0,0,0,4.8,Moderate,Poor,0
P0299,35,Male,33.7,123,120,141,41.8,High,Former,Occasional,0,0,0,4.3,Moderate,Average,0
P0300,19,Female,17.4,114,86,117,16.2,Moderate,Never,None,1,0,0,5.4,Low,Average,0
P0301,40,Male,23.0,123,113,147,21.8,Moderate,Never,Frequent,0,0,0,7.7,High,Poor,0
P0302,70,Female,23.0,140,94,147,13.5,Moderate,Never,Occasional,1,0,0,7.8,High,Average,0
P0303,18,Male,26.1,103,87,139,17.8,High,Never,Frequent,1,0,0,7.3,Moderate,Average,0
P0304,74,Male,26.2,151,127,163,30.4,Moderate,Never,Occasional,1,1,0,8.1,High,Poor,0
P0305,52,Male,42.1,133,152,209,34.9,Low,Never,None,0,0,0,6.6,Moderate,Poor,0
P0306,26,Female,20.9,112,74,102,5.9,Moderate,Never,Frequent,1,0,0,6.5,Low,Average,0
P0307,37,Male,27.7,129,83,125,15.0,Low,Former,None,0,0,0,7.3,High,Average,0
P0308,52,Female,29.7,146,130,159,23.8,High,Never,Frequent,0,1,0,8.9,Moderate,Average,0
P0309,37,Male,26.5,129,73,119,4.5,Moderate,Current,None,0,0,0,7.3,Low,Average,0
P0310,24,Male,27.1,105,71,107,24.0,Moderate,Never,Occasional,0,0,0,6.7,Low,Average,0
P0311,59,Female,21.1,136,84,142,10.7,Low,Former,Occasional,0,0,0,7.3,Moderate,Average,0
P0312,60,Female,27.1,126,102,150,25.1,High,Current,Occasional,0,0,0,8.5,Low,Average,0
P0313,25,Male,29.2,117,84,130,3.7,Low,Never,Occasional,0,0,0,6.4,Moderate,Poor,0
P0314,35,Male,28.2,112,101,178,26.4,Moderate,Never,None,0,0,0,6.3,High,Poor,0
P0315,33,Male,29.5,133,104,160,32.0,High,Never,None,0,0,0,6.2,High,Average,0
P0316,59,Female,33.8,147,115,160,30.9,High,Never,None,0,1,0,7.8,High,Average,0
P0317,64,Female,31.4,149,139,180,26.6,Low,Former,Frequent,0,0,0,5.9,Low,Poor,0
P0318,63,Male,26.9,147,106,136,25.3,Moderate,Never,Occasional,0,0,0,7.6,Moderate,Average,0
P0319,77,Female,20.4,142,104,149,22.5,Low,Current,None,0,0,0,5.0,High,Good,0
P0320,66,Male,23.4,139,80,132,17.9,High,Former,None,0,1,0,6.5,Low,Poor,0
P0321,38,Male,25.4,140,72,90,20.9,Low,Former,Occasional,0,0,0,6.7,High,Good,0
P0322,24,Female,27.8,114,102,129,32.4,Moderate,Never,Frequent,1,0,0,8.9,Moderate,Average,0
P0323,56,Female,24.0,119,119,158,22.0,Moderate,Current,Frequent,1,0,0,8.0,High,Good,0
P0324,75,Male,21.6,158,84,113,5.6,High,Never,None,0,1,1,6.4,Moderate,Average,0
P0325,79,Female,20.3,147,91,138,22.1,Low,Former,Occasional,0,0,0,6.2,Low,Good,0
P0326,32,Male,17.9,140,65,113,11.0,Low,Never,None,0,1,0,6.0,High,Average,0
P0327,32,Female,25.3,127,88,134,16.2,High,Never,Occasional,0,1,0,5.5,Moderate,Average,0
P0328,20,Male,18.9,113,78,133,12.9,Low,Never,Occasional,0,0,0,8.7,High,Average,0
P0329,26,Male,21.3,132,74,111,19.8,Low,Never,None,0,0,0,5.9,Low,Average,0
P0330,52,Male,24.5,115,75,122,29.0,Low,Never,Occasional,1,0,1,8.9,Moderate,Average,0
P0331,52,Female,19.6,130,71,101,12.2,High,Former,None,0,1,0,6.9,Moderate,Average,0
P0332,41,Female,28.5,116,73,127,33.7,Moderate,Never,Occasional,0,0,0,6.7,High,Average,0
P0333,37,Male,30.3,100,110,161,24.1,Moderate,Current,None,0,0,0,6.9,Moderate,Average,0
P0334,70,Female,23.6,149,103,131,25.4,High,Former,None,0,0,0,8.3,Moderate,Average,0
P0335,46,Female,24.2,127,107,152,16.8,High,Current,None,0,1,0,5.8,Moderate,Average,0
P0336,68,Male,29.3,149,94,143,16.8,Moderate,Current,None,0,0,0,7.4,Low,Good,0
P0337,78,Female,22.8,149,108,160,29.0,Low,Current,Occasional,0,0,0,6.8,Moderate,Good,0
P0338,37,Female,22.4,129,96,148,7.8,Moderate,Never,Occasional,1,0,0,7.3,Moderate,Poor,0
P0339,30,Male,32.7,114,107,146,20.2,Moderate,Never,Frequent,1,0,0,6.6,High,Good,0
P0340,78,Male,31.1,142,117,179,14.2,Low,Never,None,1,1,0,6.4,Low,Good,0
P0341,57,Male,29.6,139,103,161,31.5,High,Never,Occasional,0,1,0,7.4,Low,Average,0
P0342,36,Female,31.3,131,108,147,35.8,Low,Current,Frequent,0,0,0,5.1,Moderate,Average,0
P0343,57,Female,16.2,133,98,125,15.0,Moderate,Never,Occasional,1,0,0,8.5,Moderate,Average,0
P0344,50,Male,33.5,128,135,176,20.7,Moderate,Current,Occasional,0,1,0,6.9,Moderate,Average,0
P0345,75,Male,28.5,131,102,128,19.9,High,Never,Frequent,1,0,0,6.1,Low,Average,0
P0346,34,Male,31.8,123,113,167,22.4,Low,Current,Occasional,0,0,0,7.2,High,Good,0
P0347,80,Male,28.5,141,91,159,11.6,Low,Never,None,0,0,0,6.0,Moderate,Average,0
P0348,76,Male,26.8,148,120,191,15.4,Moderate,Never,None,0,1,0,6.9,Moderate,Poor,0
P0349,29,Male,25.1,121,86,117,19.8,High,Current,None,0,1,0,6.9,Low,Good,0
P0350,28,Female,28.4,113,107,169,15.4,Moderate,Never,Occasional,0,0,0,8.3,Low,Average,0
P0351,51,Male,24.9,133,135,184,20.6,Moderate,Former,Occasional,1,0,0,7.1,Moderate,Average,0
P0352,20,Female,31.0,119,94,106,8.6,High,Never,None,1,0,0,5.5,Moderate,Average,0
P0353,36,Male,18.3,142,117,157,26.8,Moderate,Current,Occasional,1,0,0,7.5,Moderate,Average,0
P0354,45,Male,23.7,139,104,144,11.2,Low,Former,Occasional,1,1,0,7.7,Low,Good,0
P0355,79,Female,37.1,161,115,187,38.3,Low,Current,Occasional,1,0,0,4.9,Moderate,Poor,1
P0356,80,Female,23.2,138,84,117,14.9,Moderate,Never,None,1,0,0,5.4,Moderate,Average,0
P0357,27,Female,25.3,101,123,180,21.0,Moderate,Former,None,1,0,0,9.2,Moderate,Poor,0
P0358,74,Female,21.9,143,98,143,2.9,Low,Never,Occasional,0,0,1,6.4,Moderate,Average,1
P0359,23,Male,28.2,123,88,114,13.4,Moderate,Never,None,1,0,0,6.4,Moderate,Average,0
P0360,65,Male,22.7,145,89,127,6.9,High,Former,Occasional,0,0,0,6.8,Low,Good,0
P0361,71,Female,25.5,158,112,185,17.4,Moderate,Never,Occasional,0,1,0,6.0,Low,Average,0
P0362,74,Female,30.9,122,118,165,34.7,Moderate,Former,Occasional,0,1,0,4.7,Moderate,Good,0
P0363,32,Female,22.9,132,91,153,16.5,Low,Never,Occasional,1,0,0,5.5,Low,Good,0
P0364,74,Female,30.6,146,135,199,17.9,Low,Never,None,1,0,0,6.0,Moderate,Good,1
P0365,25,Male,30.8,100,86,129,23.3,High,Former,None,0,0,0,6.2,Moderate,Average,0
P0366,50,Male,32.0,137,118,148,24.8,Moderate,Never,Frequent,0,0,0,5.9,Low,Poor,0
P0367,47,Male,27.2,130,97,127,15.4,Low,Former,Occasional,1,0,0,5.0,Moderate,Average,0
P0368,37,Female,43.4,131,132,210,40.1,Moderate,Current,None,1,1,0,6.1,Low,Average,1
P0369,19,Female,32.0,128,126,179,32.2,Low,Never,Occasional,0,1,0,8.1,High,Average,0
P0370,66,Male,28.2,143,83,104,13.7,Low,Current,Occasional,1,0,0,6.0,Moderate,Good,0
P0371,39,Female,21.9,114,65,125,9.2,Low,Never,Occasional,0,1,0,6.6,Moderate,Poor,0
P0372,59,Female,26.0,133,101,121,24.7,High,Never,Occasional,0,0,0,8.5,Moderate,Good,0
P0373,43,Male,33.9,110,110,148,30.8,Moderate,Former,None,0,0,0,6.0,Low,Good,0
P0374,41,Male,35.4,131,96,149,38.3,Moderate,Never,Occasional,0,0,0,10.0,Low,Average,0
P0375,73,Female,34.2,156,94,186,38.1,Moderate,Current,None,0,0,0,7.9,High,Good,0
P0376,23,Female,30.6,102,128,191,13.7,High,Never,Occasional,1,0,0,6.9,Moderate,Poor,0
P0377,64,Male,20.0,136,99,138,14.3,Low,Never,None,1,1,1,6.5,Low,Average,0
P0378,65,Male,29.0,134,113,163,17.4,Low,Former,Frequent,1,1,0,8.4,Low,Poor,0
P0379,41,Male,20.0,120,112,173,3.4,High,Never,Occasional,0,0,0,6.0,Moderate,Average,0
P0380,34,Female,18.8,125,92,161,5.7,High,Never,Occasional,0,0,0,6.3,Low,Poor,0
P0381,18,Male,27.7,113,126,171,18.5,Low,Never,None,0,1,0,8.7,Moderate,Poor,0
P0382,77,Female,29.2,151,91,137,18.3,Low,Current,None,0,0,0,6.3,Low,Poor,0
P0383,77,Male,31.2,160,102,139,18.3,Moderate,Never,Occasional,0,1,0,6.2,Moderate,Average,0
P0384,33,Male,29.1,136,115,175,21.6,Low,Never,None,1,1,0,6.0,Low,Average,0
P0385,20,Male,29.3,102,104,170,40.7,Moderate,Never,Frequent,0,0,0,4.5,Low,Average,0
P0386,25,Female,21.4,130,99,115,2.0,Moderate,Current,Occasional,0,0,0,8.0,Moderate,Average,0
P0387,22,Male,26.0,129,68,110,25.9,Moderate,Current,Frequent,0,0,1,6.7,Moderate,Average,0
P0388,70,Female,18.7,161,100,126,11.9,Moderate,Current,None,0,1,0,8.1,Low,Good,0
P0389,74,Male,16.1,141,92,139,8.5,Moderate,Never,None,0,0,0,6.6,Low,Average,0
P0390,27,Female,30.4,109,115,145,7.1,High,Never,None,0,0,0,6.3,Moderate,Average,0
P0391,65,Male,22.6,128,85,111,18.8,Moderate,Current,Frequent,0,0,0,6.0,Moderate,Poor,0
P0392,29,Male,31.0,107,110,178,12.1,Moderate,Never,None,0,0,0,7.6,Moderate,Poor,0
P0393,41,Female,32.3,125,97,145,31.0,High,Never,Occasional,1,0,0,5.8,Low,Average,0
P0394,55,Female,23.3,146,94,140,27.5,Moderate,Current,Occasional,0,1,0,7.3,Moderate,Good,0
P0395,63,Female,29.6,150,92,149,10.9,Low,Never,Frequent,0,0,0,6.8,Moderate,Average,0
P0396,73,Male,23.1,137,83,146,22.7,Low,Never,Frequent,1,0,0,5.5,Low,Good,0
P0397,20,Female,16.9,113,67,105,12.2,Low,Never,Occasional,0,0,0,6.3,Moderate,Good,0
P0398,30,Male,27.1,118,88,130,2.0,Low,Never,None,0,0,0,6.8,Low,Good,0
P0399,35,Female,24.1,115,78,119,4.9,Moderate,Current,Occasional,1,0,0,6.4,Low,Average,0
P0400,37,Female,24.2,130,71,136,16.1,Low,Never,Occasional,1,0,0,9.1,Moderate,Good,0
P0401,80,Female,36.8,150,153,204,37.2,Moderate,Never,Occasional,0,0,0,7.1,Moderate,Average,0
P0402,66,Female,18.6,140,76,117,2.0,High,Never,None,0,0,0,6.6,High,Average,0
P0403,38,Female,28.5,132,111,166,20.9,Low,Never,Occasional,0,1,0,6.4,Low,Poor,0
P0404,79,Female,21.3,152,66,142,18.6,Moderate,Former,Occasional,1,0,0,6.5,Low,Good,0
P0405,49,Male,31.2,135,126,177,33.1,High,Former,Occasional,0,0,0,6.1,Low,Average,0
P0406,49,Male,28.1,121,103,148,16.3,Low,Never,Occasional,0,0,0,5.8,High,Poor,0
P0407,45,Female,28.5,136,94,174,23.3,Low,Never,Occasional,0,0,0,7.5,High,Average,0
P0408,27,Female,21.6,125,83,151,20.6,Low,Never,None,0,1,0,8.6,High,Average,0
P0409,76,Female,22.5,145,112,178,20.4,Moderate,Never,None,0,1,0,6.3,High,Average,0
P0410,18,Female,31.3,114,65,107,30.3,Moderate,Current,Frequent,0,0,0,7.3,High,Good,0
P0411,28,Male,35.7,121,102,144,29.5,High,Current,Occasional,0,0,0,6.0,High,Average,0
P0412,32,Male,29.0,131,98,118,19.6,Moderate,Never,None,0,0,0,6.9,Moderate,Poor,0
P0413,35,Female,21.8,116,89,151,14.2,Moderate,Current,Occasional,0,1,0,5.2,Moderate,Poor,0
P0414,26,Female,28.3,130,132,182,16.0,High,Current,Occasional,0,0,0,5.8,Low,Average,0
P0415,19,Male,39.1,118,121,145,43.1,Low,Current,Occasional,0,1,0,5.7,High,Poor,0
P0416,60,Male,27.0,135,121,189,7.4,Moderate,Current,Occasional,1,1,0,6.6,Low,Poor,0
P0417,79,Male,34.1,140,144,190,26.0,Moderate,Current,Occasional,1,0,0,5.4,Moderate,Average,1
P0418,25,Male,22.7,106,94,138,12.6,Moderate,Never,None,0,0,0,4.1,Moderate,Poor,0
P0419,36,Female,26.3,104,85,109,20.9,Moderate,Never,Occasional,1,0,0,5.2,Moderate,Good,0
P0420,49,Female,29.7,136,86,144,26.5,Low,Current,Occasional,0,0,0,6.6,Moderate,Average,0
P0421,76,Female,28.6,164,117,174,33.2,Moderate,Never,Occasional,0,0,0,5.8,Moderate,Average,0
P0422,61,Female,22.5,124,120,166,14.8,Moderate,Former,None,0,1,0,6.1,High,Good,0
P0423,66,Male,22.3,129,98,138,6.6,Moderate,Never,None,0,0,0,7.1,Moderate,Average,0
P0424,54,Male,31.6,139,126,218,24.4,High,Never,Frequent,0,0,0,5.8,Moderate,Average,0
P0425,44,Male,32.7,126,146,177,26.0,Moderate,Current,Frequent,0,0,0,6.7,High,Average,0
P0426,30,Male,34.4,127,123,163,32.9,High,Never,Frequent,0,0,0,9.4,Moderate,Good,0
P0427,72,Female,35.9,141,106,169,20.6,Low,Never,Occasional,1,0,0,6.3,Moderate,Poor,0
P0428,68,Male,27.2,139,110,143,17.6,Low,Never,None,0,1,1,6.6,Moderate,Average,0
P0429,19,Male,24.9,110,107,138,29.0,Low,Current,Occasional,0,0,0,7.3,Moderate,Average,0
P0430,63,Female,33.5,113,111,180,28.1,Low,Never,None,0,0,0,5.8,Moderate,Average,0
P0431,23,Female,30.2,103,121,181,15.1,Moderate,Current,None,0,0,0,6.1,Low,Good,0
P0432,64,Male,21.4,152,94,148,9.3,Low,Never,None,0,1,0,6.7,Low,Poor,0
P0433,70,Male,21.1,153,93,143,2.0,Moderate,Current,None,0,0,0,7.0,Moderate,Poor,0
P0434,26,Female,29.1,130,94,132,20.0,High,Never,None,0,0,0,5.7,Moderate,Average,0
P0435,45,Female,25.6,131,96,140,29.5,Moderate,Current,None,0,0,0,7.5,High,Average,0
P0436,25,Female,26.4,93,95,142,7.8,Moderate,Never,Occasional,0,0,0,8.7,Moderate,Good,0
P0437,53,Male,32.1,125,87,151,12.5,High,Never,Frequent,0,0,0,4.5,High,Average,0
P0438,76,Male,30.4,157,104,161,17.2,Moderate,Never,None,1,0,0,7.3,Moderate,Poor,1
P0439,23,Male,33.4,136,97,133,33.1,Moderate,Former,None,1,1,0,6.7,High,Average,0
P0440,43,Female,16.5,139,68,126,25.6,Low,Former,None,0,0,0,6.4,Low,Average,0
P0441,79,Female,27.8,148,101,123,22.6,Moderate,Never,Occasional,1,1,1,7.2,Moderate,Good,0
P0442,36,Female,30.1,109,117,162,12.8,Low,Never,None,1,0,0,8.5,Low,Average,0
P0443,26,Female,18.6,116,90,117,11.8,Low,Current,Occasional,0,0,0,7.1,Low,Poor,0
P0444,48,Female,23.1,134,104,138,28.0,Low,Former,None,1,1,0,8.0,Low,Average,0
P0445,50,Male,22.1,145,70,148,9.6,Moderate,Former,Occasional,1,0,0,6.8,Moderate,Average,0
P0446,59,Male,26.6,137,98,123,18.6,Low,Never,Occasional,0,0,0,7.2,Moderate,Good,0
P0447,37,Female,35.0,123,95,133,29.5,Moderate,Never,None,0,0,0,6.1,Moderate,Average,0
P0448,78,Male,37.0,151,130,190,20.0,Moderate,Never,Frequent,1,1,0,6.8,High,Average,0
P0449,50,Male,22.3,134,97,137,20.3,Low,Never,Occasional,0,0,0,6.5,High,Average,0
P0450,36,Male,29.2,128,114,166,28.6,Low,Current,None,0,0,0,6.9,High,Good,0
P0451,78,Male,29.4,143,122,194,6.7,High,Never,Occasional,0,1,0,4.8,Moderate,Average,0
P0452,76,Female,28.5,133,124,184,11.1,High,Never,None,0,0,0,5.5,Moderate,Average,0
P0453,49,Female,28.6,143,105,147,12.6,High,Never,Frequent,0,0,0,8.2,Moderate,Average,0
P0454,19,Female,28.1,96,92,139,25.3,Moderate,Never,None,0,0,0,8.5,Moderate,Poor,0
P0455,55,Male,35.3,149,130,190,24.4,Low,Former,Frequent,1,0,0,4.7,Low,Poor,0
P0456,52,Male,32.2,117,130,191,29.9,Low,Former,Occasional,0,1,0,6.1,High,Good,0
P0457,27,Male,21.0,111,73,120,10.5,Moderate,Current,Occasional,1,0,0,5.9,Moderate,Good,0
P0458,57,Male,30.6,148,120,176,24.5,High,Never,None,1,1,0,7.1,Moderate,Average,0
P0459,70,Female,31.1,141,107,163,27.4,Low,Current,None,0,0,0,6.7,Low,Average,0
P0460,24,Female,28.1,102,68,116,21.5,Low,Current,Frequent,1,0,0,7.6,Moderate,Average,0
P0461,63,Female,32.4,141,119,160,25.8,Moderate,Current,Occasional,0,0,0,5.2,Low,Poor,0
P0462,26,Male,27.5,117,77,138,21.2,Moderate,Never,Frequent,0,0,0,7.2,Moderate,Poor,0
P0463,65,Female,27.5,141,114,168,21.5,Moderate,Never,Occasional,0,1,0,6.4,Moderate,Poor,0
P0464,44,Male,27.1,120,76,91,16.4,High,Current,Occasional,0,0,0,5.9,Moderate,Average,0
P0465,18,Male,16.0,112,65,97,8.6,Moderate,Former,Frequent,1,0,0,7.3,Moderate,Average,0
P0466,78,Female,26.1,139,95,136,32.0,High,Never,Occasional,0,0,0,6.5,High,Poor,0
P0467,28,Male,23.0,142,102,146,9.8,Low,Current,None,0,0,0,6.7,Low,Average,0
P0468,55,Male,20.3,130,77,143,22.9,Moderate,Current,Occasional,1,0,0,8.4,Moderate,Good,0
P0469,29,Female,34.0,114,95,197,20.9,Low,Former,None,1,0,0,6.9,Moderate,Average,0
P0470,76,Male,29.1,138,113,123,28.0,Low,Never,Occasional,1,0,0,9.1,High,Average,0
P0471,64,Female,26.3,155,96,149,31.4,Low,Former,None,0,0,0,4.0,Moderate,Average,0
P0472,68,Male,23.6,123,105,154,11.6,Low,Former,Frequent,0,0,0,6.8,Low,Poor,0
P0473,45,Female,28.0,130,85,131,13.9,Low,Never,Frequent,0,0,0,5.5,Low,Poor,0
P0474,47,Male,31.7,126,111,170,21.1,Moderate,Former,Frequent,0,0,1,5.7,High,Average,0
P0475,57,Male,22.2,119,123,172,13.9,Low,Never,None,1,0,0,6.0,Low,Average,0
P0476,67,Female,26.5,136,104,147,20.3,Low,Never,Occasional,0,1,0,7.9,Low,Good,0
P0477,71,Male,31.0,144,113,164,23.5,Moderate,Current,None,1,0,0,6.3,High,Average,0
P0478,19,Female,16.4,104,65,119,8.6,Low,Never,None,0,0,0,5.4,High,Average,0
P0479,59,Male,26.2,137,86,142,32.7,Low,Never,Occasional,0,0,0,7.6,Moderate,Average,0
P0480,24,Female,24.3,133,94,145,13.2,High,Current,None,0,0,0,5.4,Low,Poor,0
P0481,36,Female,25.8,124,88,127,11.6,Moderate,Former,None,0,0,0,8.8,Moderate,Average,0
P0482,70,Male,23.9,126,104,197,21.2,Moderate,Current,Occasional,1,0,0,5.3,Low,Average,0
P0483,33,Male,27.2,112,101,156,25.1,Low,Never,Occasional,1,0,0,6.5,Low,Average,0
P0484,68,Female,36.5,137,104,168,41.0,Moderate,Never,None,1,0,0,9.1,Moderate,Poor,0
P0485,47,Female,24.8,124,107,147,31.3,Low,Never,Occasional,1,0,0,6.4,High,Good,0
P0486,32,Male,28.0,121,80,132,22.0,Moderate,Never,Frequent,0,0,0,7.3,Low,Average,0
P0487,39,Male,36.9,127,107,162,28.1,Moderate,Never,None,0,0,0,6.7,Moderate,Poor,0
P0488,51,Female,23.6,152,101,118,2.0,High,Never,Occasional,0,1,0,6.8,Moderate,Good,0
P0489,66,Female,35.9,143,150,190,25.2,Moderate,Never,Occasional,0,1,0,5.8,Low,Good,0
P0490,56,Male,26.5,126,91,128,19.1,Low,Never,Occasional,0,1,0,7.3,Low,Average,0
P0491,76,Male,35.8,160,131,173,21.6,Moderate,Current,None,0,1,0,8.4,Low,Average,1
P0492,72,Female,30.4,159,119,152,10.9,Moderate,Current,None,1,1,0,4.5,Low,Average,0
P0493,65,Male,28.1,140,112,162,20.8,Moderate,Never,Occasional,1,0,0,5.7,Moderate,Good,0
P0494,55,Male,26.2,130,114,185,24.4,Moderate,Current,Occasional,0,0,0,6.1,Low,Poor,0
P0495,36,Female,23.3,128,82,131,11.6,Moderate,Never,None,0,0,0,5.7,Moderate,Poor,0
P0496,43,Male,26.9,129,118,148,26.5,Low,Never,None,0,1,0,7.6,Low,Average,0
P0497,25,Female,31.2,100,129,163,30.3,Moderate,Never,Occasional,0,1,0,6.1,Low,Poor,1
P0498,41,Male,26.4,130,120,162,28.1,Low,Former,Occasional,0,0,0,6.9,Moderate,Good,0
P0499,76,Female,24.9,153,105,130,33.3,Moderate,Never,None,0,0,0,8.6,Moderate,Poor,0
P0500,44,Male,25.2,141,95,148,36.8,Moderate,Never,Frequent,1,0,0,4.6,Moderate,Good,0
P0501,25,Female,31.7,109,97,169,29.5,Moderate,Never,None,0,0,0,7.2,High,Poor,0
P0502,59,Male,32.9,137,92,134,21.4,Low,Never,Occasional,0,0,0,6.7,Low,Average,0
P0503,78,Male,23.0,152,98,147,13.7,Moderate,Never,None,1,1,0,6.7,Moderate,Poor,0
P0504,72,Female,23.0,143,95,135,25.8,Moderate,Never,None,0,0,0,5.7,Moderate,Poor,0
P0505,35,Female,28.5,122,97,136,12.7,Low,Former,None,0,0,0,6.3,Moderate,Poor,0
P0506,46,Female,34.4,128,122,176,40.2,Low,Former,Frequent,0,0,0,6.8,Moderate,Average,0
P0507,51,Male,32.5,137,97,137,23.2,Low,Never,Occasional,0,1,0,6.6,Low,Poor,0
P0508,33,Male,20.0,128,77,110,13.8,Low,Current,None,0,0,0,7.6,Moderate,Average,0
P0509,34,Female,25.1,133,119,141,10.8,Moderate,Never,Occasional,1,0,0,5.5,Low,Good,0
P0510,32,Female,21.7,112,97,145,2.0,Moderate,Former,Occasional,0,0,0,5.1,High,Average,0
P0511,80,Male,25.1,149,115,180,14.7,Low,Never,Occasional,0,1,0,4.4,Low,Poor,0
P0512,64,Female,34.8,133,123,186,39.6,Low,Never,Occasional,0,0,0,7.0,Moderate,Average,0
P0513,70,Female,19.1,135,79,149,6.4,Moderate,Current,Occasional,1,0,0,7.7,Moderate,Poor,0
P0514,69,Female,18.1,129,65,100,24.9,Low,Current,None,1,1,0,5.4,High,Average,0
P0515,78,Female,22.2,145,99,160,7.7,High,Never,Occasional,1,0,0,5.3,Low,Average,0
P0516,24,Female,28.0,120,65,96,10.7,Moderate,Never,Occasional,1,0,0,9.1,Moderate,Good,0
P0517,73,Female,29.7,146,111,172,24.1,Moderate,Former,Occasional,0,1,0,8.3,Moderate,Poor,0
P0518,22,Female,28.8,114,97,173,25.6,Low,Never,Occasional,0,0,0,8.4,Moderate,Average,0
P0519,47,Female,32.6,132,104,163,26.5,High,Current,Occasional,0,0,0,7.2,Moderate,Good,0
P0520,55,Female,17.3,146,108,180,13.8,Moderate,Never,Occasional,0,0,0,7.6,Low,Average,0
P0521,40,Male,32.7,125,141,182,40.9,Moderate,Never,Frequent,0,1,0,6.5,High,Poor,0
P0522,27,Female,24.9,105,104,150,16.6,Moderate,Never,Occasional,0,0,0,5.1,High,Poor,0
P0523,30,Female,30.3,118,89,124,18.2,Low,Never,Occasional,0,0,0,5.2,Low,Average,0
P0524,69,Female,19.6,159,112,159,3.9,High,Current,Occasional,1,0,0,6.8,Moderate,Average,0
P0525,38,Female,26.5,116,111,164,28.5,Low,Former,None,0,1,0,7.9,Low,Poor,0
P0526,37,Male,27.7,134,91,140,15.4,High,Never,Occasional,1,1,0,6.6,High,Good,0
P0527,76,Female,32.5,160,122,165,23.7,High,Never,Occasional,0,1,0,7.5,Low,Poor,0
P0528,27,Male,18.3,93,88,126,20.4,Moderate,Never,None,1,0,0,6.7,Moderate,Good,0
P0529,75,Male,26.7,152,101,155,34.2,High,Never,Occasional,1,1,0,7.2,High,Average,0
P0530,76,Male,20.9,155,98,142,14.0,Low,Never,None,0,1,0,7.7,Low,Average,0
P0531,55,Female,29.1,135,115,146,20.6,Moderate,Never,None,0,1,0,8.4,High,Average,0
P0532,28,Female,30.5,116,93,113,22.2,Low,Former,Occasional,1,1,0,7.1,Moderate,Poor,0
P0533,27,Female,33.2,111,104,145,22.1,Low,Former,None,1,0,0,9.1,Moderate,Average,0
P0534,35,Male,23.7,118,74,99,11.2,Moderate,Current,Occasional,0,0,0,6.5,Low,Good,0
P0535,54,Male,31.3,129,121,158,22.0,Moderate,Never,Occasional,0,0,0,8.4,Moderate,Good,0
P0536,27,Female,33.6,112,96,140,33.2,Moderate,Never,None,0,0,0,7.5,Moderate,Poor,0
P0537,46,Male,18.0,124,82,125,11.3,Low,Never,None,0,0,0,4.6,Moderate,Good,0
P0538,25,Female,29.7,128,80,119,32.1,Moderate,Current,None,0,0,0,8.5,Moderate,Average,0
P0539,52,Female,31.5,124,100,185,22.5,Low,Never,Occasional,0,1,1,5.7,Moderate,Average,0
P0540,19,Female,25.2,95,72,100,12.9,Moderate,Never,Occasional,0,0,0,6.5,Moderate,Good,0
P0541,62,Male,20.2,153,88,154,22.2,Low,Never,Occasional,0,1,0,7.8,Moderate,Poor,0
P0542,21,Male,31.4,112,105,153,23.9,Moderate,Never,None,0,0,1,5.9,Moderate,Poor,0
P0543,30,Male,20.3,115,85,121,11.0,High,Never,Occasional,1,0,0,6.7,High,Average,0
P0544,29,Female,25.6,117,66,124,16.6,High,Former,Frequent,0,0,0,7.6,Moderate,Average,0
P0545,70,Male,26.3,148,105,146,29.3,Moderate,Never,Frequent,0,1,0,5.8,Low,Average,0
P0546,21,Female,30.2,108,89,126,24.3,Low,Former,Occasional,1,0,0,6.5,High,Average,0
P0547,45,Male,23.2,132,96,172,23.4,Moderate,Current,None,0,0,0,6.4,High,Good,0
P0548,55,Male,22.9,123,86,98,11.2,Moderate,Never,None,0,0,0,8.0,High,Poor,0
P0549,50,Male,27.0,127,97,142,26.7,Low,Never,Occasional,1,0,0,8.7,Moderate,Good,0
P0550,60,Female,31.7,118,107,160,26.1,High,Current,None,0,1,0,5.5,Moderate,Poor,0
P0551,68,Female,38.4,156,158,233,43.4,Low,Never,Occasional,0,1,0,6.9,Low,Good,1
P0552,42,Male,18.7,128,67,106,19.7,Moderate,Never,None,0,1,0,6.2,High,Good,0
P0553,70,Female,28.1,147,99,191,11.8,Moderate,Never,Frequent,0,0,0,6.8,Moderate,Good,0
P0554,38,Female,20.9,128,84,143,12.6,High,Never,Occasional,1,0,0,8.9,Moderate,Good,0
P0555,80,Female,31.8,152,111,124,32.3,Moderate,Former,Frequent,0,0,0,7.3,Low,Poor,0
P0556,49,Female,21.6,129,75,99,20.9,Low,Former,Frequent,0,0,0,6.1,High,Average,0
P0557,64,Male,23.0,141,67,118,23.2,Moderate,Never,Occasional,1,0,0,5.2,Moderate,Average,0
P0558,73,Male,23.4,133,85,114,14.5,High,Never,Occasional,1,0,0,8.0,Moderate,Average,0
P0559,67,Female,26.1,127,86,143,29.2,Moderate,Never,Occasional,1,0,0,6.2,Low,Average,0
P0560,71,Male,28.2,145,135,177,17.0,Low,Never,None,0,1,0,5.9,Low,Average,1
P0561,51,Male,29.0,123,134,164,11.2,Moderate,Former,None,1,0,0,7.2,Moderate,Average,0
P0562,20,Male,26.5,127,91,124,15.2,High,Never,None,0,0,0,7.5,Low,Average,0
P0563,49,Female,19.6,138,69,129,21.6,Low,Current,Occasional,0,1,0,6.4,Low,Poor,0
P0564,29,Male,30.3,111,112,129,14.2,Moderate,Never,Occasional,0,0,0,5.7,Moderate,Average,0
P0565,74,Male,26.2,140,87,152,5.3,Moderate,Never,None,0,0,0,8.4,Low,Good,0
P0566,32,Female,32.5,121,99,167,10.8,Moderate,Former,Occasional,1,0,0,7.6,High,Average,0
P0567,32,Male,22.8,119,77,119,18.8,Low,Never,Occasional,0,0,0,8.0,Moderate,Average,0
P0568,33,Male,18.2,123,69,92,2.0,Low,Never,Occasional,0,0,0,6.4,Low,Poor,0
P0569,58,Male,26.3,135,93,150,21.6,Moderate,Current,None,0,0,0,5.8,Low,Good,0
P0570,53,Male,33.2,122,101,144,22.9,Low,Former,Occasional,1,1,0,6.2,Moderate,Poor,0
P0571,77,Female,27.3,128,101,126,12.3,Low,Never,Frequent,0,1,0,5.0,Moderate,Good,0
P0572,44,Female,25.5,128,115,194,9.4,Moderate,Former,None,1,1,0,6.4,Moderate,Average,0
P0573,35,Male,22.0,127,84,117,13.7,Low,Never,Occasional,1,0,0,6.0,Moderate,Average,0
P0574,21,Female,35.6,110,114,142,23.4,Moderate,Never,None,1,0,0,6.7,Moderate,Poor,0
P0575,18,Female,21.1,124,65,116,12.0,High,Never,Occasional,0,0,0,6.9,Moderate,Poor,0
P0576,41,Female,22.7,129,107,153,16.6,Moderate,Never,Frequent,0,1,0,6.9,Low,Poor,0
P0577,76,Female,29.5,157,99,172,25.9,Low,Never,None,0,0,1,6.1,Low,Average,0
P0578,50,Female,16.8,146,98,137,19.5,Low,Former,Occasional,1,1,0,5.4,Low,Average,0
P0579,74,Male,33.1,158,125,170,28.6,Moderate,Never,None,0,1,0,5.1,Moderate,Average,0
P0580,24,Male,29.7,103,92,147,12.8,Moderate,Never,Occasional,1,0,0,7.0,Low,Good,0
P0581,23,Female,31.2,115,79,132,26.8,High,Former,Occasional,0,0,0,7.0,Moderate,Poor,0
P0582,70,Female,29.4,153,137,190,29.1,Moderate,Never,None,0,0,0,5.1,Low,Good,0
P0583,24,Female,25.7,118,102,155,15.1,Moderate,Current,Frequent,0,0,0,8.5,High,Average,0
P0584,21,Male,21.0,119,92,141,9.7,Moderate,Former,Occasional,0,0,0,7.8,Low,Average,0
P0585,43,Male,25.8,112,120,162,38.0,Moderate,Never,None,1,0,0,5.6,Moderate,Average,1
P0586,76,Female,21.4,168,101,161,2.0,Low,Never,Occasional,0,1,0,7.1,High,Average,0
P0587,61,Male,29.0,133,130,174,26.7,Moderate,Never,None,0,1,0,6.6,High,Good,0
P0588,24,Female,30.7,95,95,158,30.8,Low,Former,Frequent,0,0,0,7.1,High,Average,0
P0589,70,Female,34.2,142,135,208,26.7,Moderate,Never,None,0,1,0,7.0,Moderate,Average,0
P0590,71,Female,28.4,117,96,134,18.3,Moderate,Never,Occasional,0,0,0,7.6,Low,Average,0
P0591,68,Male,31.3,129,104,193,20.3,High,Never,Occasional,0,0,0,8.6,Moderate,Good,0
P0592,74,Female,25.0,173,106,143,16.1,Low,Never,Occasional,0,1,0,7.2,Moderate,Poor,0
P0593,33,Female,24.0,116,71,107,21.6,High,Never,Occasional,0,0,0,7.4,Moderate,Average,0
P0594,79,Female,29.0,136,119,177,20.3,Moderate,Never,Occasional,0,1,0,8.6,Moderate,Average,0
P0595,38,Female,24.5,128,93,148,39.9,Moderate,Never,Occasional,0,1,0,6.2,Low,Average,0
P0596,68,Male,27.9,131,76,126,15.5,Moderate,Former,None,1,0,0,5.7,Low,Average,0
P0597,54,Female,21.0,140,79,139,23.0,Moderate,Never,Occasional,0,0,0,7.6,Moderate,Average,0
P0598,67,Female,21.9,135,92,143,16.4,Moderate,Never,None,0,1,0,5.3,High,Average,0
P0599,57,Female,29.8,141,125,208,24.2,Low,Former,Occasional,0,1,0,5.8,Moderate,Poor,1
P0600,58,Female,31.1,123,113,162,35.7,Moderate,Never,Occasional,0,0,0,8.6,Moderate,Good,0
P0601,56,Male,21.4,159,107,140,2.0,High,Never,Occasional,0,0,1,4.7,High,Good,0
P0602,67,Female,30.0,144,115,156,26.2,Moderate,Never,None,1,0,1,7.2,Moderate,Poor,0
P0603,64,Male,23.7,136,86,141,8.3,Moderate,Never,Occasional,0,0,0,5.1,High,Poor,0
P0604,26,Male,26.6,113,92,148,14.0,High,Never,Occasional,0,0,0,7.3,High,Average,0
P0605,70,Female,33.9,135,112,166,23.4,Low,Current,Frequent,1,0,0,9.0,Moderate,Average,0
P0606,51,Male,30.7,128,120,156,16.3,High,Never,None,1,1,0,5.6,High,Average,0
P0607,38,Male,30.6,115,105,173,9.5,Low,Never,Occasional,0,0,0,4.3,Moderate,Poor,0
P0608,50,Female,36.4,146,110,193,33.2,Low,Never,Occasional,1,0,0,7.2,Moderate,Average,0
P0609,78,Female,22.8,139,94,142,12.4,Moderate,Former,Frequent,0,0,0,6.0,Low,Poor,0
P0610,72,Male,21.4,120,96,172,9.6,Moderate,Never,Occasional,1,0,0,6.6,High,Poor,0
P0611,70,Male,22.7,129,78,139,18.9,Moderate,Former,None,0,0,0,7.2,Moderate,Average,0
P0612,47,Male,25.2,137,98,182,19.5,Low,Never,Frequent,0,0,0,7.5,Low,Average,0
P0613,67,Female,15.0,141,65,117,9.9,Moderate,Former,None,1,1,0,7.5,Moderate,Good,0
P0614,42,Male,25.4,129,116,166,41.8,Moderate,Current,Occasional,1,1,0,6.8,Low,Poor,0
P0615,61,Female,23.7,152,107,168,22.7,Moderate,Never,None,0,1,0,7.3,Moderate,Poor,0
P0616,58,Female,30.6,126,130,173,44.3,Low,Current,Frequent,0,0,0,6.6,Moderate,Poor,0
P0617,33,Female,28.3,127,82,138,16.2,Low,Current,Occasional,1,0,0,6.4,Moderate,Average,0
P0618,34,Male,23.4,119,110,179,16.5,Moderate,Never,None,0,1,0,6.8,Moderate,Poor,0
P0619,21,Female,29.6,119,112,175,12.2,Low,Never,Occasional,0,0,0,7.5,Moderate,Good,0
P0620,26,Male,30.3,112,99,148,19.3,High,Former,None,0,0,0,6.0,High,Average,0
P0621,45,Male,22.5,124,82,132,7.9,Low,Current,None,1,0,0,7.1,High,Average,0
P0622,48,Male,23.9,142,83,143,38.2,Moderate,Former,Occasional,0,1,0,6.2,Low,Average,0
P0623,28,Male,15.0,125,65,121,6.5,High,Former,None,1,0,0,5.9,Moderate,Average,0
P0624,44,Female,20.8,125,73,132,10.1,Moderate,Never,None,0,0,0,8.1,Low,Average,0
P0625,56,Male,22.6,128,72,125,2.0,Moderate,Current,Occasional,0,0,0,7.2,Moderate,Average,0
P0626,32,Female,26.9,136,117,152,23.5,Low,Never,None,1,0,0,7.3,Low,Poor,0
P0627,39,Male,21.6,129,65,101,4.8,Moderate,Former,Frequent,0,0,0,5.7,Moderate,Poor,0
P0628,41,Male,23.8,121,92,147,21.5,Moderate,Never,Occasional,0,0,0,6.5,High,Poor,0
P0629,49,Male,20.1,128,96,156,2.0,High,Former,Frequent,1,1,0,7.5,Moderate,Average,0
P0630,41,Male,27.4,140,109,169,18.2,Moderate,Former,Occasional,1,1,0,7.2,Moderate,Good,0
P0631,64,Male,28.7,138,111,149,6.2,Low,Never,Frequent,1,0,0,9.9,Low,Good,0
P0632,38,Female,28.6,126,120,167,17.6,Low,Former,None,0,1,0,7.1,Low,Average,0
P0633,45,Female,26.6,133,97,127,15.2,High,Current,Occasional,1,1,0,6.0,Low,Good,0
P0634,41,Male,18.5,128,79,102,7.2,Moderate,Never,Frequent,0,0,0,6.3,Low,Average,0
P0635,29,Female,23.3,117,82,131,9.6,Low,Never,Occasional,0,0,0,5.8,Moderate,Good,0
P0636,61,Female,24.4,153,120,190,24.2,Moderate,Never,Frequent,0,1,0,6.0,High,Poor,0
P0637,32,Male,24.4,132,119,168,33.8,Low,Never,Frequent,0,0,0,6.9,High,Average,0
P0638,36,Male,26.9,127,79,158,20.6,Low,Current,None,0,0,0,6.2,High,Average,0
P0639,67,Male,33.9,153,88,136,19.4,High,Never,Occasional,0,0,0,8.4,Low,Average,0
P0640,77,Female,30.7,145,119,169,24.5,Moderate,Former,None,0,0,0,7.9,Moderate,Average,0
P0641,60,Female,21.4,147,110,141,10.0,Low,Never,Frequent,1,1,0,7.8,Low,Good,0
P0642,75,Male,30.0,153,137,181,31.7,High,Never,Frequent,1,0,0,6.5,Low,Poor,1
P0643,71,Female,29.8,156,125,156,25.7,High,Never,Occasional,0,1,0,7.9,Low,Good,0
P0644,48,Female,22.3,138,107,129,2.0,High,Never,None,1,0,0,8.0,Moderate,Average,0
P0645,66,Female,30.9,150,140,171,34.7,Moderate,Current,None,1,1,0,8.7,Moderate,Poor,0
P0646,38,Male,25.7,143,114,164,25.3,High,Never,None,1,0,0,6.2,High,Average,0
P0647,47,Female,19.2,128,100,134,24.0,Low,Former,Occasional,1,1,0,6.8,Low,Poor,0
P0648,51,Female,28.9,134,92,133,16.1,High,Former,Frequent,0,1,0,5.9,Moderate,Average,0
P0649,78,Female,27.6,143,104,159,21.4,Low,Never,None,1,0,1,10.0,Moderate,Poor,0
P0650,71,Female,25.3,142,109,132,7.2,Low,Former,Occasional,0,1,1,6.6,Moderate,Average,0
P0651,48,Female,26.3,109,95,145,16.8,Low,Never,Occasional,1,0,0,8.3,Moderate,Good,0
P0652,59,Female,22.8,153,97,158,16.1,Low,Former,Occasional,0,1,0,7.0,Low,Average,0
P0653,30,Male,29.7,108,122,187,17.9,Moderate,Never,None,1,0,0,7.9,Moderate,Average,0
P0654,68,Male,26.3,141,89,146,19.9,High,Former,None,0,0,0,6.8,Low,Average,0
P0655,52,Male,27.4,116,111,159,20.7,Low,Never,None,0,0,0,7.9,Moderate,Poor,1
P0656,51,Male,28.4,136,106,145,16.6,High,Never,None,0,0,0,7.1,Low,Average,0
P0657,66,Female,20.5,136,82,127,23.2,Moderate,Never,None,0,1,0,8.8,Moderate,Average,0
P0658,57,Female,21.8,127,80,153,10.1,Low,Never,Occasional,0,1,0,7.2,High,Average,0
P0659,22,Female,15.0,116,65,114,13.1,Moderate,Never,Occasional,0,0,0,5.9,Low,Average,0
P0660,36,Female,29.4,115,108,156,9.8,Low,Never,None,1,0,0,7.4,Moderate,Average,0
P0661,29,Male,20.2,112,79,134,16.2,Low,Never,Occasional,1,0,0,6.8,Moderate,Good,0
P0662,64,Male,27.2,139,90,140,14.4,Moderate,Never,Occasional,0,0,0,5.6,Low,Good,0
P0663,20,Female,28.4,121,70,123,27.3,High,Never,None,1,0,0,7.3,Moderate,Average,0
P0664,30,Male,29.6,110,106,152,11.1,Low,Current,None,0,0,0,6.1,Moderate,Good,0
P0665,55,Female,20.2,127,89,129,15.4,Low,Current,None,1,1,0,6.5,Low,Average,0
P0666,61,Male,26.2,136,88,152,2.0,Moderate,Never,Occasional,1,0,0,6.8,Low,Good,0
P0667,49,Male,35.2,139,110,130,33.6,Moderate,Never,Occasional,1,1,0,4.4,High,Average,0
P0668,72,Female,35.4,156,117,176,28.0,High,Never,None,0,0,0,6.3,Moderate,Average,0
P0669,75,Female,31.6,133,119,162,28.2,Moderate,Current,None,1,0,0,7.9,Moderate,Good,1
P0670,26,Female,28.3,113,92,111,14.8,High,Current,None,1,0,0,6.6,Low,Good,0
P0671,78,Male,21.3,157,74,105,4.4,Moderate,Never,None,0,0,0,4.5,High,Average,0
P0672,56,Female,30.2,153,105,154,18.8,Low,Never,Occasional,0,0,0,6.7,High,Average,0
P0673,58,Female,25.7,129,118,168,19.4,Moderate,Never,Occasional,1,1,0,7.4,Moderate,Good,0
P0674,23,Female,29.4,107,99,160,25.5,Low,Never,Occasional,1,0,0,6.4,Low,Poor,0
P0675,57,Male,23.2,142,99,159,15.9,Moderate,Never,Occasional,0,1,0,6.5,Moderate,Good,0
P0676,63,Male,25.6,131,93,116,8.8,Low,Former,None,0,0,0,6.3,Moderate,Average,0
P0677,54,Female,27.4,124,87,142,33.2,Low,Never,None,0,0,0,7.5,Low,Good,0
P0678,23,Male,27.8,117,82,143,21.6,High,Never,Occasional,0,0,0,5.8,Low,Poor,0
P0679,50,Female,29.1,150,87,140,15.5,High,Former,Occasional,1,1,0,7.5,Low,Average,0
P0680,76,Male,23.5,136,119,175,18.7,Moderate,Former,Occasional,0,1,0,6.5,Low,Good,0
P0681,63,Male,19.5,152,90,105,14.0,Moderate,Never,Occasional,0,0,0,8.3,Moderate,Poor,0
P0682,26,Female,34.9,116,119,155,27.6,High,Former,Occasional,0,1,0,6.2,Moderate,Good,0
P0683,78,Male,39.4,148,135,210,33.3,Low,Never,Occasional,1,0,0,5.5,High,Average,0
P0684,78,Male,28.8,166,119,164,29.6,Moderate,Never,Occasional,1,1,1,7.5,High,Poor,0
P0685,28,Female,19.6,121,68,150,25.8,Low,Never,Frequent,0,0,0,7.4,High,Average,0
P0686,68,Male,22.5,137,87,114,2.0,Moderate,Never,None,0,0,0,7.3,Low,Poor,0
P0687,43,Female,29.1,138,102,176,30.5,Low,Never,None,0,1,0,7.8,Moderate,Good,0
P0688,55,Male,33.5,136,156,197,30.4,Moderate,Former,Occasional,0,1,0,5.6,Low,Average,0
P0689,46,Female,20.2,133,97,157,13.9,Low,Current,None,0,0,0,5.9,Moderate,Good,0
P0690,67,Male,25.9,137,101,145,27.6,Moderate,Never,None,0,0,0,8.4,Low,Average,0
P0691,80,Male,27.5,160,131,182,2.0,Moderate,Never,Occasional,0,1,0,7.3,Moderate,Good,0
P0692,68,Female,31.0,126,128,188,31.6,Low,Never,Occasional,0,0,0,6.3,Low,Average,0
P0693,76,Female,24.7,139,85,123,25.5,High,Never,Occasional,0,1,0,4.7,Moderate,Average,0
P0694,77,Male,18.4,135,88,147,6.5,Low,Current,None,1,1,0,5.3,Moderate,Poor,0
P0695,23,Female,29.7,114,99,144,10.1,Moderate,Never,Occasional,1,0,0,5.7,Moderate,Average,0
P0696,33,Male,32.3,105,115,168,38.7,Moderate,Never,Occasional,0,0,0,6.1,High,Good,0
P0697,63,Male,26.1,130,95,101,2.9,Low,Never,None,0,0,0,7.2,Low,Good,0
P0698,55,Female,28.6,126,108,152,23.9,Moderate,Current,None,0,1,1,5.2,Low,Poor,0
P0699,21,Female,24.0,128,80,148,22.6,Moderate,Never,Occasional,0,0,0,6.2,Moderate,Average,0
P0700,23,Male,22.1,105,97,155,15.3,Moderate,Never,Frequent,1,0,0,5.3,Moderate,Poor,0
P0701,50,Female,31.8,117,89,154,28.3,Moderate,Never,None,0,0,0,6.3,High,Average,0
P0702,56,Male,28.5,140,104,154,18.0,Moderate,Former,None,0,1,0,9.7,Moderate,Average,0
P0703,28,Male,29.0,134,73,149,24.1,Low,Never,None,1,0,0,8.2,Low,Good,0
P0704,28,Male,34.3,116,96,152,21.1,Low,Never,None,0,0,0,7.5,Moderate,Average,0
P0705,26,Male,21.0,116,85,121,7.4,High,Never,Occasional,0,0,0,6.2,High,Average,0
P0706,53,Female,23.6,149,103,164,14.4,Moderate,Never,None,0,1,0,5.5,Low,Good,0
P0707,18,Male,27.3,121,89,153,6.0,Low,Never,None,0,0,0,6.7,Low,Poor,0
P0708,54,Male,23.6,136,107,165,19.1,Low,Never,Frequent,0,0,0,4.9,High,Good,0
P0709,47,Female,30.6,127,131,175,5.0,Moderate,Current,None,1,1,0,7.6,High,Average,0
P0710,47,Female,25.5,133,93,146,19.1,Moderate,Current,Occasional,0,0,0,6.6,High,Good,0
P0711,60,Male,21.3,121,91,160,15.7,Low,Never,Frequent,0,0,0,6.8,Low,Good,0
P0712,50,Female,26.8,123,91,147,11.4,High,Never,Occasional,0,0,0,4.8,Moderate,Average,0
P0713,63,Male,27.4,151,110,135,9.4,High,Never,None,0,0,0,6.9,Low,Average,0
P0714,66,Female,31.4,156,101,141,20.1,High,Current,None,1,1,0,6.5,Moderate,Good,1
P0715,75,Female,28.5,153,138,176,28.0,Moderate,Never,Frequent,0,1,0,5.7,Low,Good,0
P0716,68,Male,28.9,120,122,159,24.8,Low,Never,Frequent,1,0,0,7.1,Moderate,Average,0
P0717,50,Male,28.2,118,84,99,10.5,Low,Former,None,0,0,0,6.3,High,Poor,0
P0718,49,Female,25.5,122,84,162,17.0,Low,Never,Occasional,1,0,0,7.2,Low,Average,0
P0719,32,Male,22.8,118,92,125,15.1,Moderate,Never,None,0,0,0,7.5,Low,Good,0
P0720,55,Male,28.0,120,97,133,21.0,Low,Never,None,0,0,0,5.5,Moderate,Poor,0
P0721,26,Female,24.8,114,97,114,7.5,Moderate,Never,Frequent,1,0,0,6.9,Moderate,Good,0
P0722,76,Male,35.3,167,123,188,31.0,Moderate,Never,None,0,1,0,6.9,Moderate,Average,0
P0723,71,Female,33.5,145,138,188,36.2,Moderate,Current,None,1,0,0,8.3,Moderate,Good,1
P0724,25,Female,29.8,118,100,144,25.7,Low,Never,Occasional,0,0,0,7.8,High,Average,0
P0725,67,Male,28.5,129,138,182,26.1,High,Current,Frequent,1,0,0,6.4,Moderate,Average,0
P0726,25,Male,26.0,99,100,158,29.9,Moderate,Never,Occasional,0,0,0,6.3,Moderate,Good,0
P0727,63,Female,19.9,124,66,105,13.3,Moderate,Current,Occasional,0,0,0,7.0,Moderate,Average,0
P0728,23,Male,25.4,98,119,135,10.9,High,Former,Occasional,1,0,0,5.5,Moderate,Average,0
P0729,48,Male,27.0,134,120,148,12.9,Low,Former,Occasional,0,1,0,5.6,Low,Good,0
P0730,59,Male,27.7,138,107,134,20.8,High,Current,Frequent,1,0,0,6.2,Low,Average,0
P0731,63,Female,28.9,127,114,168,9.9,Moderate,Never,Occasional,1,0,1,3.9,Moderate,Poor,0
P0732,44,Male,31.3,133,97,162,20.7,High,Former,Occasional,0,1,0,5.6,Moderate,Poor,0
P0733,76,Female,22.9,159,69,140,16.8,Moderate,Current,Frequent,1,0,0,6.4,Low,Average,0
P0734,66,Male,22.9,163,98,119,22.4,Low,Never,None,1,1,0,10.0,Moderate,Good,0
P0735,31,Female,34.0,127,129,190,16.4,Low,Never,Occasional,0,0,0,6.0,High,Average,0
P0736,60,Female,30.5,133,113,153,24.0,Moderate,Current,Frequent,0,0,0,7.6,Low,Average,0
P0737,64,Male,24.5,150,126,221,16.5,Low,Current,Frequent,0,1,0,6.6,High,Average,1
P0738,39,Female,25.9,137,112,182,17.9,Low,Never,Occasional,1,0,0,7.3,Low,Poor,0
P0739,64,Male,26.0,117,99,175,17.9,High,Former,Occasional,1,0,0,5.5,Moderate,Average,0
P0740,74,Male,26.7,158,118,179,18.8,Moderate,Current,Occasional,1,0,0,4.9,High,Good,0
P0741,69,Female,29.0,140,134,190,34.3,Low,Never,Occasional,0,1,0,8.5,Low,Poor,0
P0742,66,Female,39.7,138,135,182,46.0,Moderate,Never,None,0,1,0,5.2,Moderate,Average,0
P0743,57,Female,27.5,135,105,144,36.1,Low,Never,None,0,1,0,8.6,Moderate,Average,0
P0744,35,Male,29.9,125,104,141,21.7,Moderate,Never,None,1,0,0,6.4,Moderate,Average,0
P0745,68,Male,17.7,133,65,120,8.7,Low,Never,None,1,1,0,5.8,Low,Good,0
P0746,40,Male,24.0,121,94,167,6.7,Moderate,Current,None,0,0,0,6.2,Moderate,Good,0
P0747,51,Male,32.9,135,121,166,22.6,Low,Former,Occasional,0,0,0,8.7,Low,Good,0
P0748,37,Male,28.6,125,101,139,25.7,Moderate,Former,None,1,0,0,6.0,Moderate,Average,0
P0749,37,Female,15.0,126,74,95,18.9,Low,Never,None,1,0,0,6.3,Low,Poor,0
P0750,27,Male,30.0,114,100,154,27.0,Low,Never,Occasional,1,0,0,8.0,Moderate,Average,0
P0751,78,Female,36.5,152,96,168,24.1,High,Never,None,0,0,0,7.4,High,Good,0
P0752,27,Male,16.1,128,93,158,6.7,Moderate,Former,Frequent,0,0,0,9.3,Low,Poor,0
P0753,23,Male,34.4,125,104,177,42.9,Moderate,Never,None,0,0,0,8.2,Moderate,Average,0
P0754,76,Male,15.0,148,68,119,5.3,High,Never,Occasional,0,0,0,6.0,High,Average,0
P0755,52,Male,31.4,140,127,179,36.8,Low,Current,None,1,0,0,8.4,Moderate,Average,0
P0756,45,Male,26.5,136,110,179,21.4,Moderate,Never,Frequent,0,0,0,4.5,High,Good,0
P0757,64,Male,15.0,169,85,112,6.1,High,Never,Occasional,0,1,0,7.7,Low,Good,0
P0758,42,Female,28.8,142,118,160,12.1,Moderate,Never,Frequent,1,1,0,6.0,Low,Poor,1
P0759,26,Female,32.5,116,90,168,19.1,Low,Current,Occasional,0,0,0,7.5,Low,Poor,0
P0760,63,Male,28.4,128,102,134,23.2,Moderate,Never,Occasional,0,0,0,9.2,High,Poor,0
P0761,29,Male,29.5,115,118,167,15.2,Low,Never,None,1,0,0,4.8,Moderate,Good,0
P0762,52,Male,24.4,127,83,141,27.3,Low,Current,Occasional,0,0,0,7.9,Low,Poor,0
P0763,77,Male,16.8,155,74,120,10.3,Moderate,Current,None,0,1,0,7.8,Moderate,Average,0
P0764,76,Male,30.1,142,118,186,28.8,Low,Never,Occasional,1,1,0,7.6,Moderate,Poor,1
P0765,40,Male,35.6,136,117,193,34.6,Low,Current,Occasional,0,0,0,5.6,High,Average,0
P0766,67,Female,32.4,125,122,180,39.2,Low,Current,Occasional,1,0,0,6.7,Moderate,Average,1
P0767,56,Male,16.2,117,65,132,8.5,Moderate,Never,None,1,0,0,5.6,Low,Poor,0
P0768,48,Male,18.6,132,65,96,12.8,Moderate,Former,None,0,1,0,7.3,Low,Average,0
P0769,26,Male,22.1,108,96,140,2.0,Moderate,Never,Occasional,0,0,0,5.2,Moderate,Average,0
P0770,41,Female,18.2,117,69,153,12.8,Moderate,Current,Occasional,0,1,0,6.3,Low,Average,0
P0771,59,Male,26.7,133,98,178,26.8,Moderate,Never,None,1,1,0,7.6,High,Good,0
P0772,80,Male,28.5,143,83,112,21.6,Low,Former,Frequent,0,1,0,5.9,High,Average,0
P0773,18,Male,19.1,112,89,135,30.5,Low,Current,None,0,0,0,6.3,Moderate,Good,0
P0774,63,Male,30.5,131,113,165,27.4,High,Never,Occasional,1,0,0,5.7,Moderate,Good,0
P0775,71,Male,29.6,136,112,168,17.8,Moderate,Former,None,0,0,0,7.1,Low,Poor,0
P0776,77,Female,23.6,149,107,175,18.1,Low,Never,Occasional,0,1,0,6.6,Low,Average,0
P0777,44,Male,25.6,136,65,143,4.6,High,Never,Occasional,1,0,0,5.9,Low,Average,0
P0778,25,Male,16.4,131,65,111,5.6,Moderate,Current,Occasional,0,0,0,6.0,Moderate,Average,0
P0779,35,Female,24.8,123,84,150,5.6,Moderate,Current,Occasional,1,0,0,7.0,Low,Average,0
P0780,71,Male,26.5,143,90,149,17.5,Low,Former,None,0,0,0,5.5,Moderate,Average,0
P0781,73,Male,27.4,145,106,155,18.5,Moderate,Current,None,0,1,0,6.7,Moderate,Average,1
P0782,58,Male,28.5,139,106,128,29.9,Low,Never,None,0,0,0,6.8,High,Good,0
P0783,25,Female,27.8,120,110,175,19.0,Moderate,Never,Occasional,1,0,0,7.0,Moderate,Average,0
P0784,25,Female,25.1,134,76,134,7.7,Moderate,Current,None,0,1,0,6.2,Moderate,Average,0
P0785,48,Female,28.0,110,100,155,31.7,Moderate,Current,Occasional,1,0,0,7.5,Moderate,Average,0
P0786,55,Female,31.7,135,126,161,2.2,Low,Never,Occasional,0,1,0,8.0,High,Average,0
P0787,20,Female,26.0,116,78,158,17.1,Low,Never,Occasional,1,0,0,7.6,Low,Good,0
P0788,61,Female,28.2,135,100,152,21.2,High,Former,None,0,0,1,7.1,Low,Average,0
P0789,52,Female,25.5,121,102,132,16.3,High,Never,Frequent,1,0,0,5.1,Moderate,Average,0
P0790,18,Female,23.1,99,84,110,17.3,Low,Former,Frequent,0,0,0,8.8,High,Average,0
P0791,24,Female,29.2,123,108,168,22.2,Low,Never,None,0,0,0,6.9,Low,Average,0
P0792,46,Male,23.6,120,91,150,17.9,Moderate,Never,Frequent,0,0,0,7.2,High,Average,0
P0793,63,Male,28.5,119,99,141,15.0,High,Never,Occasional,0,0,0,6.0,Moderate,Good,0
P0794,70,Female,26.6,149,84,140,5.8,High,Former,None,0,0,0,6.5,Moderate,Good,0
P0795,45,Male,24.9,131,96,155,15.1,Moderate,Current,Occasional,0,0,0,8.2,Moderate,Poor,0
P0796,36,Male,24.8,121,92,142,7.1,Low,Never,None,1,0,0,7.7,Moderate,Average,0
P0797,79,Female,23.9,141,90,126,8.5,Moderate,Current,Occasional,1,1,0,6.4,High,Poor,0
P0798,46,Female,17.9,131,93,154,21.3,High,Never,Frequent,1,1,1,8.6,Moderate,Good,0
P0799,37,Female,28.5,135,117,180,33.6,Low,Never,Occasional,0,0,0,5.6,Moderate,Average,0
P0800,45,Male,27.7,111,90,148,28.0,Moderate,Current,Occasional,0,0,0,4.8,Moderate,Good,0
P0801,18,Male,30.9,96,91,128,30.3,Low,Never,Occasional,0,0,0,4.5,Moderate,Poor,0
P0802,37,Male,23.7,116,78,104,14.5,Low,Never,Occasional,1,0,0,7.8,High,Average,0
P0803,50,Male,36.4,134,102,155,37.6,High,Former,Occasional,1,1,0,6.0,Moderate,Average,0
P0804,75,Female,24.5,143,132,195,20.4,Low,Never,Occasional,0,1,0,6.6,Low,Average,1
P0805,64,Male,21.9,144,83,147,27.6,Moderate,Current,Occasional,0,0,0,8.1,Moderate,Good,0
P0806,67,Male,21.3,155,84,140,4.7,Low,Never,Occasional,0,1,0,7.2,Low,Good,0
P0807,52,Male,17.5,138,69,107,17.4,Low,Never,None,0,1,0,5.4,Moderate,Poor,0
P0808,24,Female,34.5,121,105,143,17.3,Moderate,Never,None,1,0,0,8.7,Moderate,Good,0
P0809,42,Male,33.6,128,102,153,31.5,Low,Never,None,0,0,0,6.5,Low,Good,0
P0810,80,Male,29.6,151,136,185,10.2,Moderate,Former,Occasional,0,1,1,6.7,High,Good,0
P0811,20,Female,21.8,100,65,130,2.3,Low,Never,None,0,0,0,5.9,Moderate,Poor,0
P0812,73,Female,35.9,132,100,144,18.4,Moderate,Current,None,0,0,0,5.5,Moderate,Average,0
P0813,61,Male,24.7,122,103,145,17.5,High,Never,Frequent,0,0,0,7.1,Moderate,Poor,0
P0814,35,Female,25.1,120,90,171,18.6,Moderate,Never,Frequent,1,0,0,5.1,Low,Good,0
P0815,67,Female,34.0,141,113,189,47.0,Low,Former,Occasional,0,0,0,6.7,Moderate,Average,0
P0816,70,Male,29.9,131,123,159,22.6,High,Never,Occasional,0,1,0,8.7,Low,Good,0
P0817,20,Male,37.9,114,119,195,38.8,Low,Never,Occasional,0,0,0,7.7,Moderate,Good,0
P0818,24,Female,27.8,107,95,126,20.2,Low,Never,Occasional,0,0,0,7.0,Moderate,Average,0
P0819,59,Male,24.4,124,74,115,20.4,High,Never,None,0,0,0,5.5,Moderate,Average,0
P0820,80,Female,23.3,145,79,121,14.7,Low,Never,Occasional,0,1,0,6.7,Low,Average,0
P0821,19,Female,16.9,101,65,109,20.8,Moderate,Current,Occasional,1,0,0,5.8,High,Average,0
P0822,59,Female,25.1,141,80,138,7.3,Low,Never,Occasional,0,0,0,8.5,Moderate,Average,0
P0823,26,Female,32.5,115,110,162,5.8,Moderate,Never,Occasional,1,0,0,6.2,Moderate,Poor,0
P0824,58,Male,29.6,142,80,139,24.5,Moderate,Never,None,0,0,0,5.9,Low,Average,0
P0825,57,Female,26.6,134,99,141,3.1,Moderate,Current,None,0,1,0,6.5,Low,Good,0
P0826,23,Female,21.3,111,78,131,22.5,Moderate,Never,Frequent,1,0,0,5.9,Low,Poor,0
P0827,60,Male,27.7,154,101,151,14.5,Low,Never,None,0,0,0,7.1,Low,Average,0
P0828,74,Female,31.8,132,126,154,17.5,Low,Never,None,1,1,0,9.0,Moderate,Good,0
P0829,72,Male,28.7,160,108,165,42.3,Moderate,Former,Occasional,0,1,0,6.8,Moderate,Average,0
P0830,19,Male,27.4,129,84,134,18.3,High,Never,None,0,0,0,5.7,Low,Poor,0
P0831,33,Male,22.4,128,102,138,11.0,Moderate,Current,Occasional,1,0,0,6.6,Low,Average,0
P0832,33,Male,31.0,117,99,142,28.8,Moderate,Never,None,0,0,0,5.3,Low,Poor,0
P0833,46,Female,15.0,147,98,136,18.5,Moderate,Current,Frequent,0,1,0,10.0,Moderate,Poor,0
P0834,27,Male,28.5,119,100,145,28.9,Moderate,Current,None,1,1,0,9.0,Low,Good,0
P0835,71,Male,39.9,139,137,218,25.8,Moderate,Former,None,0,1,0,8.3,Low,Poor,0
P0836,66,Female,18.7,140,88,167,16.3,Low,Former,Occasional,1,1,0,7.7,Moderate,Average,0
P0837,68,Female,25.2,134,101,105,13.6,Moderate,Never,None,0,0,0,6.6,Moderate,Poor,0
P0838,30,Male,26.5,109,88,144,10.0,Low,Former,None,1,0,0,6.6,Low,Good,0
P0839,18,Male,24.1,123,87,150,14.9,Low,Never,None,0,0,0,6.5,Moderate,Average,0
P0840,75,Female,31.9,141,142,189,12.8,Moderate,Current,None,0,1,0,9.7,Moderate,Average,0
P0841,36,Female,29.0,122,115,179,29.0,Low,Never,Occasional,1,0,0,6.6,Moderate,Poor,0
P0842,59,Female,27.3,125,122,197,17.8,Moderate,Former,Frequent,1,1,0,6.1,Moderate,Good,0
P0843,75,Female,30.6,149,99,127,18.5,High,Never,None,1,1,0,6.7,Moderate,Good,0
P0844,20,Male,26.6,107,82,133,16.4,High,Former,Occasional,0,1,0,7.4,High,Good,0
P0845,18,Female,43.0,105,138,224,38.9,Moderate,Never,Occasional,1,1,0,3.5,Moderate,Good,0
P0846,18,Male,27.3,111,104,133,27.8,High,Never,None,0,0,0,7.3,Low,Good,0
P0847,27,Male,27.5,128,88,135,9.8,Moderate,Never,Occasional,0,0,0,3.7,Moderate,Average,0
P0848,21,Female,17.6,123,69,107,8.9,Moderate,Former,Frequent,0,1,0,8.6,Moderate,Good,0
P0849,69,Female,23.7,145,114,178,13.4,Moderate,Never,None,0,0,0,4.7,High,Good,0
P0850,56,Male,32.5,132,121,191,17.8,High,Current,None,0,0,0,5.8,Moderate,Average,0
P0851,79,Male,19.6,147,109,158,14.0,Moderate,Current,None,1,1,0,4.5,Moderate,Poor,0
P0852,68,Female,15.3,152,76,121,6.2,Moderate,Current,Occasional,0,1,0,9.0,Moderate,Average,0
P0853,78,Male,26.7,144,102,123,6.6,High,Current,Frequent,0,1,0,6.8,Moderate,Good,0
P0854,33,Female,33.6,129,123,197,32.0,Moderate,Never,None,0,0,0,9.5,Low,Average,0
P0855,36,Male,26.7,134,91,134,30.0,Low,Current,None,0,0,0,9.2,High,Average,0
P0856,71,Female,24.8,138,96,142,15.7,Moderate,Never,None,0,1,0,8.3,Moderate,Poor,0
P0857,33,Male,16.8,113,65,126,11.2,Moderate,Never,Occasional,0,0,0,5.1,Moderate,Poor,0
P0858,21,Male,28.9,108,90,143,19.3,Moderate,Never,Occasional,0,0,0,7.0,Moderate,Average,0
P0859,60,Male,29.9,120,119,185,18.9,High,Never,None,1,0,0,8.4,Low,Average,0
P0860,68,Female,17.2,140,66,121,21.4,Moderate,Never,None,0,1,0,7.3,Low,Poor,0
P0861,78,Female,32.4,163,131,185,27.7,High,Never,None,0,1,0,6.4,Moderate,Poor,0
P0862,76,Female,30.5,133,101,156,4.9,Low,Current,Frequent,0,0,0,7.2,Moderate,Good,0
P0863,25,Female,32.4,129,103,136,34.3,Low,Never,Occasional,0,0,0,7.3,High,Good,0
P0864,66,Male,29.5,134,104,151,29.0,Low,Current,None,0,0,1,5.0,Moderate,Average,0
P0865,71,Female,29.9,162,105,172,26.7,Moderate,Current,Frequent,0,0,0,6.1,Moderate,Poor,0
P0866,61,Female,29.2,129,101,136,2.0,High,Current,Frequent,0,0,0,7.6,Moderate,Poor,0
P0867,69,Female,31.0,139,104,143,23.1,Moderate,Former,None,1,0,0,7.8,Moderate,Average,0
P0868,70,Female,17.0,136,79,110,19.1,Moderate,Current,None,0,1,0,7.1,Moderate,Poor,0
P0869,46,Female,18.7,121,98,146,15.0,Moderate,Never,Frequent,0,0,0,6.3,Moderate,Poor,0
P0870,20,Female,22.7,126,84,154,14.5,High,Never,None,1,0,0,6.6,Moderate,Good,0
P0871,46,Female,25.8,132,93,150,23.7,Low,Never,None,0,0,0,5.9,High,Average,0
P0872,30,Male,28.5,129,89,103,20.9,Low,Never,Occasional,0,0,0,6.7,Moderate,Good,0
P0873,25,Female,28.2,103,91,150,29.1,Moderate,Never,Occasional,1,0,0,7.8,High,Good,0
P0874,25,Male,32.3,122,96,139,25.7,Moderate,Never,None,0,0,0,9.7,Low,Average,0
P0875,61,Female,32.5,126,123,182,27.1,Moderate,Current,None,1,0,0,5.4,High,Average,0
P0876,49,Male,22.0,121,83,128,19.1,Low,Never,Occasional,1,1,0,8.3,Moderate,Average,0
P0877,52,Female,27.7,133,69,104,15.7,Moderate,Current,Occasional,0,0,0,7.3,Moderate,Good,0
P0878,64,Male,22.1,145,98,144,3.3,Low,Never,None,0,1,0,4.9,Moderate,Good,0
P0879,52,Female,25.5,131,91,132,16.2,Low,Former,None,0,0,0,6.7,Moderate,Poor,0
P0880,57,Male,28.2,146,101,155,24.2,Low,Never,Occasional,0,1,0,6.6,Low,Good,0
P0881,23,Male,15.0,123,80,110,19.4,Low,Current,None,0,0,0,6.8,Moderate,Average,0
P0882,71,Female,39.0,156,90,125,39.8,Moderate,Former,Occasional,1,0,0,8.1,Moderate,Average,0
P0883,46,Female,29.4,120,132,193,22.9,Moderate,Never,None,0,1,0,9.2,Moderate,Poor,0
P0884,27,Male,23.4,132,101,166,12.4,Low,Current,Occasional,1,0,0,8.4,Moderate,Average,0
P0885,69,Male,36.5,159,114,175,25.8,Moderate,Never,None,0,0,0,7.1,Moderate,Average,0
P0886,64,Female,24.7,139,96,134,17.2,Moderate,Current,None,0,1,0,7.2,Low,Average,0
P0887,21,Female,27.2,97,100,137,5.1,Low,Never,None,0,0,0,9.3,Moderate,Good,0
P0888,30,Male,24.0,110,102,139,14.7,Moderate,Never,None,0,1,0,5.5,High,Poor,0
P0889,18,Female,35.1,107,101,167,50.6,Low,Never,Occasional,0,0,0,8.3,Moderate,Poor,0
P0890,35,Male,26.0,141,71,106,4.8,High,Former,Occasional,0,0,0,5.4,Moderate,Average,0
P0891,24,Female,27.3,115,124,187,21.5,Moderate,Former,Occasional,1,0,0,5.0,Moderate,Poor,0
P0892,62,Male,32.8,135,133,194,30.6,Low,Former,Occasional,1,1,0,7.6,Low,Average,1
P0893,50,Male,29.5,128,113,182,26.1,High,Never,Occasional,0,1,0,4.8,High,Average,0
P0894,79,Male,26.2,132,104,169,9.6,Moderate,Never,Occasional,0,0,0,6.3,Low,Average,0
P0895,65,Female,32.3,152,128,187,30.7,Low,Never,None,1,1,0,8.4,Moderate,Average,0
P0896,56,Female,39.7,132,138,168,32.0,Moderate,Never,Occasional,0,0,0,5.7,Moderate,Poor,0
P0897,50,Male,28.2,151,72,131,8.0,Moderate,Never,Occasional,1,0,0,9.0,Moderate,Average,0
P0898,21,Female,27.1,120,88,139,25.7,Moderate,Never,None,0,0,0,4.1,High,Average,0
P0899,22,Female,27.4,122,88,131,23.8,Moderate,Never,Occasional,0,0,0,8.1,Moderate,Good,0
P0900,56,Female,33.3,135,118,191,19.3,High,Former,Frequent,0,1,1,5.1,High,Good,0
P0901,18,Female,23.4,101,95,140,9.3,High,Never,None,0,0,0,6.6,Moderate,Average,0
P0902,20,Male,25.1,104,65,105,11.1,Low,Current,Occasional,1,0,0,7.1,High,Poor,0
P0903,31,Male,18.5,110,65,129,2.0,High,Current,Occasional,0,1,0,6.5,Low,Average,0
P0904,73,Female,20.3,156,85,125,18.1,Low,Former,None,1,1,0,6.5,High,Average,0
P0905,46,Male,23.8,124,93,131,20.6,High,Current,None,0,0,0,5.1,Moderate,Average,0
P0906,62,Male,26.2,146,110,140,15.2,Low,Never,None,1,0,0,8.5,High,Average,0
P0907,43,Male,35.7,127,139,178,31.3,Low,Current,None,1,0,0,5.3,Moderate,Average,1
P0908,28,Female,29.3,115,95,133,21.7,Moderate,Never,Occasional,0,0,0,5.3,Moderate,Average,0
P0909,41,Female,21.8,113,97,154,14.0,Low,Never,None,1,0,0,6.7,Moderate,Poor,0
P0910,23,Female,22.7,123,101,132,2.1,Moderate,Current,Occasional,0,1,0,6.0,Moderate,Good,0
P0911,66,Male,33.6,141,130,151,32.2,Low,Current,None,0,1,0,7.8,Moderate,Average,0
P0912,29,Male,32.4,127,106,161,15.6,Moderate,Never,None,0,0,0,6.2,High,Good,0
P0913,41,Female,26.6,117,90,128,23.0,High,Current,Occasional,0,0,0,6.8,Moderate,Poor,0
P0914,79,Male,24.2,157,89,136,6.1,Moderate,Former,Occasional,0,1,0,6.9,Moderate,Good,0
P0915,55,Female,32.3,149,95,166,14.0,Moderate,Never,Occasional,0,0,0,8.0,High,Good,0
P0916,46,Male,21.3,135,97,145,11.8,High,Current,Occasional,1,1,0,6.2,Moderate,Good,0
P0917,52,Male,28.5,139,101,174,19.5,Low,Never,Occasional,1,0,0,4.8,Moderate,Poor,0
P0918,67,Male,38.3,150,127,179,34.5,Low,Current,None,1,1,0,5.8,Moderate,Average,0
P0919,34,Female,27.6,140,106,171,12.1,Low,Current,None,1,0,0,8.2,Moderate,Good,0
P0920,58,Female,22.5,138,87,125,14.2,Low,Never,None,0,0,0,7.2,High,Average,0
P0921,72,Male,28.6,154,100,151,22.3,Low,Current,Occasional,1,1,0,6.4,Low,Good,0
P0922,54,Female,24.1,131,89,122,23.8,Moderate,Never,None,0,0,0,6.9,Low,Average,0
P0923,46,Female,19.3,125,99,132,13.5,Low,Current,Occasional,1,1,0,6.5,Low,Average,0
P0924,27,Female,30.1,110,94,140,16.9,Moderate,Former,None,0,1,0,7.7,Low,Average,0
P0925,33,Female,32.3,133,110,139,14.4,Moderate,Former,Occasional,0,0,0,7.2,Low,Good,0
P0926,77,Male,24.9,134,98,149,3.2,Moderate,Current,None,0,0,0,6.5,Moderate,Poor,0
P0927,52,Female,24.5,138,82,125,17.6,Moderate,Never,Frequent,0,0,0,7.9,Moderate,Average,0
P0928,36,Female,21.5,131,86,137,18.3,Low,Never,Frequent,0,1,0,8.2,Moderate,Good,0
P0929,44,Male,25.7,140,79,106,9.3,Moderate,Never,Frequent,1,1,0,5.7,High,Good,0
P0930,54,Male,23.6,127,93,152,16.0,Moderate,Former,Occasional,0,0,0,5.7,High,Good,0
P0931,51,Female,21.2,127,73,147,10.6,High,Never,Frequent,0,1,0,9.7,Moderate,Poor,0
P0932,62,Female,36.3,140,136,212,37.8,Moderate,Never,None,1,0,0,7.6,Low,Average,1
P0933,34,Male,28.9,118,98,178,27.2,Moderate,Never,Occasional,1,0,0,8.8,Moderate,Average,0
P0934,58,Male,29.5,127,104,154,3.2,Low,Current,Occasional,1,1,0,7.9,High,Good,0
P0935,45,Female,31.1,151,130,174,33.6,Low,Former,Occasional,0,1,0,7.4,High,Average,0
P0936,77,Male,30.5,137,96,154,24.2,Moderate,Current,None,0,0,0,4.2,Moderate,Good,0
P0937,27,Male,24.4,107,78,122,10.6,Moderate,Never,Occasional,1,0,0,5.3,High,Poor,0
P0938,27,Female,27.9,115,70,91,15.1,Moderate,Current,Frequent,0,0,0,7.6,Moderate,Good,0
P0939,47,Female,25.1,140,112,173,16.9,Moderate,Former,Occasional,0,0,0,5.7,High,Average,0
P0940,50,Male,28.8,108,128,174,18.4,Low,Never,None,0,0,0,6.6,High,Average,0
P0941,61,Male,28.3,152,87,113,12.1,High,Never,None,1,1,1,7.9,Low,Good,0
P0942,43,Male,24.5,117,80,120,9.3,High,Current,None,0,0,0,7.0,Moderate,Poor,0
P0943,75,Male,19.6,146,87,130,3.7,Low,Current,Occasional,1,0,0,7.3,Moderate,Poor,0
P0944,47,Female,27.3,126,98,147,29.1,Low,Never,Occasional,1,1,0,8.5,Moderate,Poor,0
P0945,26,Male,25.4,136,90,139,16.5,Moderate,Current,None,1,0,0,8.6,High,Average,0
P0946,25,Male,16.7,117,69,136,30.0,Low,Current,Frequent,0,0,0,6.7,Moderate,Average,0
P0947,79,Male,29.1,143,121,150,25.2,Low,Never,Occasional,0,1,0,8.3,High,Good,0
P0948,26,Female,31.5,113,90,138,28.1,Moderate,Never,Occasional,0,0,0,5.6,Low,Good,0
P0949,77,Female,39.6,145,133,172,27.3,Moderate,Former,Occasional,1,0,0,7.1,High,Average,0
P0950,35,Female,24.5,123,74,142,13.3,Low,Never,Occasional,0,0,0,7.5,Moderate,Average,0
P0951,23,Male,23.7,119,80,119,14.6,High,Current,Frequent,0,0,0,6.7,Low,Average,0
P0952,37,Female,20.7,122,65,106,6.9,Low,Never,Frequent,0,0,0,6.5,Low,Average,0
P0953,56,Male,27.6,119,95,161,15.0,Low,Never,None,0,0,0,5.5,Low,Good,0
P0954,44,Female,27.6,123,90,160,22.1,Low,Never,None,0,0,0,6.8,Moderate,Average,0
P0955,67,Female,22.3,150,111,182,16.8,High,Former,Frequent,0,1,0,4.9,High,Average,0
P0956,56,Female,25.6,126,95,117,5.6,High,Never,Occasional,0,0,0,6.6,Moderate,Good,0
P0957,43,Male,16.2,132,75,128,14.3,Low,Never,Occasional,0,0,0,6.9,Moderate,Good,0
P0958,57,Female,31.3,134,109,164,28.3,Moderate,Never,Frequent,0,0,0,7.7,Moderate,Average,0
P0959,79,Female,22.5,148,71,117,7.9,Low,Never,Occasional,0,1,0,5.4,High,Average,0
P0960,43,Female,26.3,138,67,117,11.6,Low,Current,None,0,0,0,7.2,Moderate,Average,0
P0961,27,Male,19.1,100,72,139,15.5,Low,Never,None,0,0,0,7.5,Moderate,Good,0
P0962,43,Female,23.5,119,93,157,2.0,Moderate,Never,Frequent,0,0,0,6.8,Low,Good,0
P0963,70,Female,25.0,158,101,163,15.7,Moderate,Never,Occasional,0,1,0,7.3,Low,Average,0
P0964,31,Male,26.4,137,81,133,30.4,Moderate,Never,Frequent,0,0,0,7.1,Low,Average,0
P0965,77,Female,29.0,167,104,190,2.0,Low,Never,Occasional,0,0,0,3.7,High,Poor,0
P0966,55,Male,34.0,133,110,155,33.8,High,Never,None,0,0,0,5.7,Moderate,Average,0
P0967,55,Female,30.3,137,117,141,27.7,High,Former,None,0,0,1,9.4,High,Average,0
P0968,37,Female,31.5,131,116,162,13.2,Low,Never,None,0,0,0,7.6,Moderate,Average,0
P0969,75,Male,34.0,161,117,169,31.9,Moderate,Never,None,0,1,0,6.1,Low,Poor,0
P0970,20,Male,29.5,116,98,168,29.0,Moderate,Never,Occasional,0,0,0,7.2,Low,Average,0
P0971,36,Female,26.3,131,98,138,7.7,High,Current,None,0,0,0,7.7,Moderate,Good,0
P0972,44,Male,31.7,131,113,171,19.0,Moderate,Never,Occasional,1,0,0,8.6,High,Average,0
P0973,48,Male,32.1,134,132,159,26.9,Low,Former,Frequent,0,0,0,6.3,Low,Average,0
P0974,47,Male,29.9,124,111,178,30.2,Low,Current,Occasional,0,1,0,6.1,High,Good,0
P0975,27,Female,18.9,114,93,140,7.7,Moderate,Never,None,0,0,0,6.2,Low,Average,0
P0976,32,Female,22.1,114,68,110,11.8,Moderate,Never,None,0,0,0,6.1,Low,Good,0
P0977,24,Female,25.1,103,80,162,10.4,Low,Former,None,1,0,0,6.1,Low,Poor,0
P0978,54,Male,30.6,115,77,144,22.5,Moderate,Current,Occasional,1,0,0,7.0,Low,Poor,0
P0979,40,Male,26.4,120,97,129,25.7,High,Never,Frequent,0,0,0,6.3,Moderate,Good,0
P0980,53,Female,32.4,129,120,169,26.9,Moderate,Former,Occasional,0,0,0,6.7,High,Good,0
P0981,55,Female,33.3,133,77,172,22.7,Moderate,Former,None,0,0,0,9.0,High,Poor,0
P0982,62,Female,32.7,142,115,197,25.8,Moderate,Never,Occasional,0,0,0,5.7,Low,Good,0
P0983,52,Female,32.8,133,120,185,20.2,Moderate,Former,None,0,0,0,7.2,Moderate,Average,1
P0984,58,Female,21.1,136,101,118,4.1,Low,Never,Occasional,0,1,0,5.4,Moderate,Average,0
P0985,54,Male,29.0,123,87,158,30.0,Moderate,Current,None,1,0,0,7.9,Low,Poor,0
P0986,59,Male,23.3,148,109,146,27.4,Moderate,Never,None,1,1,0,8.1,Moderate,Average,0
P0987,56,Female,17.9,132,79,146,2.0,High,Never,Occasional,0,0,0,5.8,Low,Poor,0
P0988,37,Female,25.0,118,100,136,20.3,Low,Former,Occasional,1,0,0,6.0,Low,Average,0
P0989,33,Female,33.4,123,114,173,33.7,Low,Never,None,0,1,0,7.6,High,Good,0
P0990,67,Female,28.9,132,111,150,11.5,Moderate,Never,None,0,0,1,6.5,Moderate,Average,0
P0991,39,Male,37.0,118,134,180,28.9,High,Never,Occasional,0,0,0,8.5,Moderate,Good,0
P0992,52,Male,27.4,125,97,156,13.9,Moderate,Former,None,0,0,0,5.4,Moderate,Average,0
P0993,30,Female,39.2,121,132,164,50.4,Low,Never,None,0,1,0,8.1,Moderate,Average,0
P0994,45,Female,27.4,133,116,203,33.0,Moderate,Current,None,1,0,0,9.5,Moderate,Average,0
P0995,51,Male,26.6,139,103,135,10.4,Low,Former,None,1,1,0,7.3,Low,Average,0
P0996,57,Male,19.8,149,68,97,2.0,Moderate,Never,Occasional,0,0,0,6.0,High,Good,0
P0997,51,Female,32.3,142,119,180,32.1,Moderate,Former,None,0,0,0,5.9,Moderate,Poor,0
P0998,40,Female,23.9,144,110,178,19.4,Moderate,Never,None,0,0,0,6.6,Moderate,Poor,0
P0999,78,Female,23.1,151,113,155,24.3,Moderate,Never,Frequent,0,0,0,7.6,Moderate,Average,0
P1000,50,Male,33.2,135,122,156,18.7,Low,Never,Occasional,0,0,0,5.0,High,Good,0
P1001,68,Female,32.5,135,81,117,30.4,Moderate,Never,Occasional,0,0,1,6.4,Low,Average,0
P1002,64,Female,32.4,146,104,138,18.9,High,Current,Occasional,0,0,0,7.0,High,Average,0
P1003,53,Female,24.6,125,85,138,20.1,Moderate,Current,None,0,0,0,8.7,Low,Good,0
P1004,73,Female,26.2,128,101,148,16.8,Moderate,Never,Occasional,1,0,0,9.0,Low,Average,0
P1005,26,Male,26.2,132,116,171,33.5,Moderate,Never,Occasional,0,0,0,6.6,High,Average,0
P1006,76,Male,30.6,131,96,152,25.9,Moderate,Never,None,0,0,0,5.5,Low,Average,0
P1007,71,Male,34.6,146,150,215,28.6,Low,Never,None,0,0,0,7.0,Moderate,Average,0
P1008,49,Female,28.4,120,96,139,20.8,High,Current,None,1,0,0,7.0,Moderate,Poor,0
P1009,64,Male,36.8,154,119,159,30.5,Low,Never,None,0,1,0,8.2,Moderate,Average,0
P1010,50,Male,31.2,142,119,172,15.3,Low,Current,None,0,0,0,6.3,High,Average,0
P1011,34,Male,25.3,126,104,151,31.7,Low,Never,None,1,0,0,5.6,Moderate,Poor,0
P1012,68,Female,30.8,152,119,173,36.9,Moderate,Never,Occasional,0,0,0,6.8,Low,Average,0
P1013,33,Female,35.4,125,110,150,27.5,Moderate,Former,None,0,1,0,6.4,Low,Average,0
P1014,37,Female,36.9,145,125,187,37.5,Moderate,Never,Occasional,0,0,0,6.4,High,Poor,0
P1015,50,Female,32.7,137,96,128,41.3,Low,Former,None,0,0,0,5.8,High,Good,0
P1016,70,Male,26.6,132,90,132,27.4,Moderate,Former,Occasional,1,0,0,5.3,Moderate,Average,0
P1017,42,Male,25.4,126,92,158,13.6,Low,Never,Occasional,1,0,0,7.5,Moderate,Average,0
P1018,49,Male,29.5,133,99,130,20.3,Moderate,Never,Occasional,0,1,0,7.1,Moderate,Average,0
P1019,20,Female,35.2,111,126,194,16.2,Low,Never,None,1,0,0,5.8,High,Poor,0
P1020,25,Female,28.8,99,90,117,26.4,Moderate,Current,None,0,0,0,7.8,Moderate,Average,0
P1021,21,Male,28.9,118,94,118,30.2,Low,Current,None,1,0,0,4.6,High,Poor,0
P1022,22,Male,26.8,105,87,112,27.8,Low,Never,None,0,1,0,6.3,Low,Average,0
P1023,72,Male,24.8,121,119,169,22.5,Moderate,Former,Occasional,0,1,0,7.1,Moderate,Poor,0
P1024,71,Female,25.7,143,97,157,19.3,High,Former,Occasional,0,1,0,8.1,Moderate,Good,0
P1025,69,Male,27.2,137,125,194,12.3,Moderate,Current,None,1,1,0,6.1,Low,Good,0
P1026,21,Female,35.4,105,126,197,32.7,Moderate,Never,Frequent,0,0,0,8.1,Moderate,Good,0
P1027,22,Male,25.3,90,83,145,10.9,Low,Current,Frequent,0,0,0,6.0,High,Good,0
P1028,35,Female,26.8,113,95,130,22.0,Moderate,Current,None,0,0,0,7.8,Moderate,Average,0
P1029,53,Female,22.0,130,81,115,5.9,Moderate,Never,Occasional,1,0,0,8.8,Low,Poor,0
P1030,39,Male,30.2,117,111,173,26.9,Moderate,Never,None,0,0,0,5.6,Moderate,Poor,0
P1031,48,Female,33.6,132,110,184,37.3,Moderate,Never,Occasional,1,0,0,7.0,Moderate,Poor,0
P1032,28,Female,34.9,131,106,141,31.0,Moderate,Never,Occasional,0,0,0,7.4,Low,Good,0
P1033,64,Female,27.6,142,103,173,21.6,High,Current,None,0,0,0,5.3,Moderate,Good,0
P1034,37,Female,29.5,133,79,98,28.3,Low,Former,None,0,0,0,7.3,Low,Poor,0
P1035,22,Male,25.7,125,89,143,30.6,Moderate,Current,Occasional,0,0,0,6.1,High,Poor,0
P1036,64,Male,29.2,127,115,163,21.0,Moderate,Never,None,0,0,0,5.8,Moderate,Poor,0
P1037,74,Female,28.1,147,107,153,24.0,Low,Current,Occasional,0,0,0,6.3,Low,Good,0
P1038,18,Male,26.8,122,105,154,30.2,Low,Current,Frequent,0,0,0,6.2,Moderate,Average,0
P1039,45,Male,27.2,122,92,127,23.6,Moderate,Never,Occasional,0,0,0,7.8,Low,Good,0
P1040,70,Male,28.8,133,99,155,4.1,Low,Never,None,0,0,0,6.8,High,Good,0
P1041,62,Male,25.0,142,80,129,9.9,High,Former,Occasional,0,0,0,9.6,Moderate,Good,0
P1042,71,Male,25.2,131,99,162,21.8,Low,Former,Occasional,0,1,0,6.2,Moderate,Average,0
P1043,44,Male,35.4,115,143,220,28.3,Low,Never,Occasional,1,0,0,7.4,Moderate,Poor,1
P1044,41,Female,40.6,118,130,185,48.2,Moderate,Former,None,0,0,0,6.6,Moderate,Poor,0
P1045,62,Female,20.2,146,84,117,26.9,Low,Never,Occasional,0,1,0,5.3,Moderate,Good,0
P1046,27,Male,20.0,119,65,93,7.3,Low,Never,None,0,0,0,8.7,Low,Average,0
P1047,33,Male,21.5,131,65,139,3.7,Moderate,Current,None,1,0,0,6.9,Low,Average,0
P1048,55,Female,26.0,123,85,158,13.9,Moderate,Never,None,0,0,0,5.9,Low,Average,0
P1049,60,Male,31.2,125,120,184,21.3,Moderate,Never,Occasional,0,0,0,7.3,Low,Average,0
P1050,25,Male,29.6,121,93,144,33.4,Moderate,Former,Frequent,0,0,0,8.0,Moderate,Average,0
P1051,50,Male,27.4,122,86,148,10.2,Moderate,Former,Occasional,1,0,0,5.8,Low,Good,0
P1052,40,Male,29.3,123,97,167,26.7,High,Never,Occasional,0,1,0,6.9,Low,Poor,0
P1053,49,Male,22.9,115,105,142,24.6,Low,Never,None,0,1,0,8.0,Low,Poor,0
P1054,78,Male,25.2,153,105,154,22.8,Moderate,Never,Occasional,0,1,0,7.0,Moderate,Poor,0
P1055,22,Female,26.4,130,83,114,20.8,Low,Current,Occasional,0,0,0,7.5,Low,Good,0
P1056,80,Female,18.3,141,87,131,10.7,Moderate,Former,Occasional,0,1,0,6.5,Low,Average,0
P1057,46,Male,20.5,138,114,185,27.9,Low,Never,Occasional,0,0,0,4.9,High,Average,1
P1058,66,Female,20.7,143,111,175,10.9,Moderate,Never,None,1,1,0,6.5,Low,Poor,0
P1059,44,Female,30.5,109,125,177,31.8,Low,Never,None,0,0,0,6.1,Moderate,Average,0
P1060,37,Male,27.8,114,73,90,17.7,Low,Never,Occasional,0,0,0,6.7,Moderate,Poor,0
P1061,66,Male,29.7,134,112,151,7.5,Low,Never,None,0,1,0,6.1,High,Average,0
P1062,61,Female,16.9,137,76,123,9.8,Low,Current,None,0,1,0,7.0,Moderate,Average,0
P1063,27,Male,18.8,121,84,126,10.7,Moderate,Current,Frequent,0,0,0,6.4,Moderate,Good,0
P1064,62,Male,29.9,155,122,172,22.1,Moderate,Never,Frequent,0,0,0,7.8,Moderate,Average,0
P1065,65,Male,15.0,124,79,127,6.7,Low,Current,None,0,0,0,7.5,Moderate,Poor,0
P1066,42,Male,32.9,120,97,139,30.1,Moderate,Never,None,0,0,0,5.7,Moderate,Poor,0
P1067,76,Male,17.0,140,79,124,17.9,Low,Former,None,0,1,0,8.3,Moderate,Poor,0
P1068,58,Male,30.9,121,117,165,21.6,Low,Current,None,1,0,0,5.9,High,Poor,0
P1069,39,Male,21.9,125,95,131,9.5,Low,Never,None,1,0,0,5.5,Moderate,Good,0
P1070,18,Female,32.0,112,105,185,16.0,Moderate,Former,None,0,0,0,8.1,Low,Good,0
P1071,60,Male,43.2,117,137,184,42.4,Moderate,Never,Occasional,0,0,0,6.1,High,Average,0
P1072,31,Female,15.0,124,76,90,23.0,Moderate,Current,None,0,1,0,6.9,Moderate,Poor,0
P1073,65,Female,30.1,126,111,189,33.6,Low,Never,None,0,0,0,5.3,High,Average,0
P1074,51,Female,17.1,130,87,119,7.2,Moderate,Former,Occasional,0,0,0,6.4,Moderate,Average,0
P1075,47,Female,28.7,146,117,181,37.3,Moderate,Never,None,0,1,0,6.7,Low,Average,0
P1076,28,Male,25.4,122,91,128,13.2,High,Never,Frequent,0,0,0,6.3,Low,Average,0
P1077,62,Male,27.2,138,100,158,10.1,Moderate,Never,None,1,0,0,6.2,Moderate,Poor,0
P1078,28,Male,21.8,112,82,128,2.0,Low,Former,None,0,0,0,6.8,High,Average,0
P1079,44,Female,30.6,127,94,160,13.7,High,Never,None,0,0,0,8.0,High,Average,0
P1080,70,Female,19.0,146,73,115,14.7,Low,Never,None,0,0,1,5.7,Moderate,Poor,0
P1081,75,Female,33.0,153,130,170,25.5,High,Never,None,0,1,0,3.8,Moderate,Average,0
P1082,80,Male,24.4,150,95,147,9.8,Low,Never,Frequent,0,1,0,8.3,Low,Poor,0
P1083,78,Male,19.2,152,104,144,5.5,Moderate,Never,Frequent,0,1,0,6.0,Moderate,Average,0
P1084,53,Female,34.8,118,115,136,19.9,Moderate,Never,Frequent,0,0,0,6.1,Low,Good,0
P1085,30,Female,26.1,111,104,143,10.1,Low,Never,Occasional,0,0,0,6.1,Moderate,Average,0
P1086,70,Female,36.4,148,131,229,39.9,Moderate,Current,None,0,0,0,5.2,High,Good,0
P1087,68,Male,32.9,148,126,148,41.6,Low,Never,Frequent,1,0,0,6.3,Moderate,Average,0
P1088,80,Male,22.3,147,87,138,27.3,Low,Never,Occasional,0,0,0,6.5,Moderate,Poor,0
P1089,59,Male,26.1,154,111,155,23.3,Low,Current,None,1,1,0,7.3,Moderate,Average,0
P1090,26,Female,27.1,121,104,182,14.5,High,Never,Occasional,1,0,0,6.1,Moderate,Poor,0
P1091,49,Male,34.4,127,93,127,21.5,High,Current,Occasional,0,0,0,3.9,Moderate,Poor,0
P1092,46,Female,28.8,115,125,176,28.2,Moderate,Never,Occasional,1,0,0,5.2,High,Poor,0
P1093,71,Male,27.4,156,135,195,19.3,Moderate,Never,Occasional,0,0,0,8.1,Moderate,Average,0
P1094,42,Male,25.5,133,107,152,20.1,Low,Current,Frequent,0,0,0,5.8,Low,Average,0
P1095,38,Male,26.2,141,106,142,33.0,Moderate,Never,Occasional,0,0,0,7.5,Moderate,Average,0
P1096,23,Female,33.3,136,115,166,28.5,High,Current,Frequent,1,0,0,5.9,Low,Average,0
P1097,70,Female,26.5,133,103,147,35.9,Moderate,Never,Occasional,1,1,1,7.8,Low,Good,0
P1098,65,Female,24.4,125,94,137,5.9,Moderate,Never,None,0,0,0,6.9,Moderate,Poor,0
P1099,20,Female,23.6,90,99,161,17.5,Low,Never,Occasional,0,0,0,5.1,Moderate,Average,0
P1100,45,Male,23.6,141,83,137,16.4,Moderate,Never,Occasional,0,1,0,5.4,Low,Good,0
P1101,48,Male,19.2,135,66,121,4.1,High,Former,None,0,0,0,5.0,Moderate,Poor,0
P1102,47,Female,22.6,129,82,134,19.1,High,Never,Occasional,1,0,0,7.9,Low,Average,0
P1103,75,Male,34.3,131,128,195,41.2,Moderate,Never,None,0,0,0,5.3,Low,Average,0
P1104,27,Male,25.4,116,78,147,33.7,Low,Never,None,1,0,0,6.4,Moderate,Average,0
P1105,37,Female,30.2,129,107,152,25.7,High,Never,Occasional,0,1,0,6.7,Moderate,Good,0
P1106,29,Female,15.0,126,66,124,2.0,Moderate,Never,Frequent,0,0,0,7.1,Moderate,Average,0
P1107,33,Male,29.5,123,86,115,24.8,Low,Never,None,0,0,0,6.2,Moderate,Average,0
P1108,75,Female,25.7,155,73,90,22.4,Low,Never,Occasional,0,1,0,4.9,High,Poor,0
P1109,77,Female,24.0,143,82,159,12.5,Moderate,Former,None,1,0,0,5.4,Moderate,Average,0
P1110,20,Female,27.4,125,97,141,20.2,High,Current,Occasional,0,0,0,5.5,Moderate,Poor,0
P1111,57,Female,23.9,140,99,151,10.4,High,Never,Occasional,0,0,0,3.6,Moderate,Poor,0
P1112,32,Male,15.5,108,77,102,10.9,High,Never,Frequent,0,0,0,7.3,High,Average,0
P1113,30,Male,31.3,132,113,143,32.3,Moderate,Never,None,1,0,0,7.4,Moderate,Poor,0
P1114,36,Female,27.8,134,89,127,30.1,High,Never,Occasional,0,0,0,5.5,Moderate,Poor,0
P1115,30,Male,24.9,123,78,136,5.3,Low,Never,Frequent,1,0,0,8.4,Moderate,Good,0
P1116,48,Male,21.5,131,91,130,7.9,Low,Never,None,0,0,0,6.7,High,Good,0
P1117,80,Female,18.9,168,90,130,2.0,Low,Never,None,0,1,0,7.8,Moderate,Poor,1
P1118,54,Male,27.7,120,120,157,35.1,Moderate,Never,Occasional,0,1,0,7.7,High,Poor,1
P1119,63,Female,34.9,149,123,193,36.3,High,Never,None,0,0,0,6.6,Low,Average,0
P1120,49,Male,27.6,129,124,187,4.6,High,Current,Occasional,0,1,0,4.4,Moderate,Poor,0
P1121,18,Male,19.3,123,69,107,11.5,High,Current,None,0,0,0,7.0,Moderate,Average,0
P1122,23,Female,27.7,116,110,170,17.4,Moderate,Never,Occasional,0,0,0,7.4,Moderate,Average,0
P1123,34,Female,26.2,108,122,166,12.8,Moderate,Never,None,0,0,0,6.0,Low,Poor,0
P1124,33,Male,31.0,115,105,150,31.5,Low,Never,None,0,0,0,7.0,High,Good,0
P1125,70,Male,29.7,151,115,164,30.5,Moderate,Never,None,1,0,1,6.8,Moderate,Good,0
P1126,71,Male,15.0,144,70,125,14.2,Moderate,Former,Frequent,1,1,0,5.7,Moderate,Poor,0
P1127,71,Male,29.3,140,127,162,17.8,Moderate,Current,Occasional,0,1,0,6.7,Moderate,Average,0
P1128,58,Female,21.3,128,103,158,7.2,Low,Never,Occasional,1,0,0,6.2,Moderate,Poor,0
P1129,53,Male,19.1,143,81,167,12.4,Low,Never,Occasional,1,1,0,7.3,High,Average,0
P1130,58,Male,25.5,152,105,156,12.9,High,Never,None,0,0,0,6.1,High,Poor,0
P1131,43,Male,28.6,104,104,154,20.2,Moderate,Former,None,1,0,0,5.9,Moderate,Average,0
P1132,60,Male,18.0,163,86,130,16.5,Moderate,Never,Occasional,0,0,0,4.8,Low,Average,0
P1133,68,Female,30.2,147,127,184,11.7,High,Former,None,0,1,0,9.4,Low,Good,0
P1134,66,Male,30.5,144,116,140,17.4,Low,Former,None,0,0,0,6.3,Low,Poor,0
P1135,56,Female,26.7,129,97,173,17.4,Low,Never,Occasional,0,0,0,5.4,Moderate,Poor,0
P1136,21,Male,22.0,114,94,157,24.5,Moderate,Current,Frequent,0,0,0,7.5,Low,Poor,0
P1137,63,Male,21.4,139,104,140,19.1,Low,Current,None,1,0,0,7.0,Moderate,Poor,0
P1138,41,Female,31.8,114,99,150,23.7,Moderate,Never,None,1,0,0,7.5,Moderate,Average,0
P1139,64,Male,18.6,129,82,119,15.2,Moderate,Never,Occasional,0,0,0,7.6,Low,Good,0
P1140,51,Male,32.0,147,92,147,23.2,Moderate,Never,Occasional,0,1,0,8.1,Moderate,Average,0
P1141,73,Male,25.6,127,107,156,25.5,Low,Never,None,1,0,0,5.5,High,Average,0
P1142,39,Male,26.0,128,111,163,21.2,Low,Never,Occasional,1,0,0,7.0,Moderate,Average,0
P1143,76,Female,17.6,140,79,108,22.2,High,Never,Frequent,0,0,0,4.9,Moderate,Poor,0
P1144,71,Female,25.7,132,101,142,5.7,Moderate,Current,None,1,0,0,6.4,Low,Good,0
P1145,38,Male,29.7,143,99,167,14.8,High,Never,None,0,0,0,7.6,Low,Good,0
P1146,48,Female,19.6,119,76,114,14.2,Moderate,Never,Occasional,0,0,0,5.7,Moderate,Poor,0
P1147,51,Female,29.1,119,106,113,24.9,Low,Current,None,0,0,0,9.5,Moderate,Poor,0
P1148,66,Female,27.0,137,90,136,37.2,Low,Never,None,1,0,0,6.8,Moderate,Average,0
P1149,61,Male,23.2,128,88,174,2.0,Moderate,Never,Occasional,0,0,0,4.6,Moderate,Good,0
P1150,71,Female,30.9,146,105,169,22.8,Moderate,Current,Occasional,1,1,0,7.6,Low,Average,0
P1151,41,Male,15.0,126,78,113,11.4,Moderate,Never,Occasional,1,0,0,9.5,High,Average,0
P1152,49,Female,28.3,131,104,152,21.8,Moderate,Never,Occasional,0,0,0,4.1,High,Average,1
P1153,45,Female,34.9,126,109,171,42.1,Moderate,Never,Occasional,0,0,0,7.7,Moderate,Average,0
P1154,75,Male,34.0,136,119,142,34.9,Low,Former,Occasional,0,0,0,5.6,High,Good,0
P1155,37,Male,28.5,129,96,132,7.0,High,Former,Frequent,0,0,0,6.7,High,Good,0
P1156,54,Female,24.9,131,110,164,28.6,Moderate,Former,Occasional,0,0,0,5.2,Moderate,Good,0
P1157,25,Male,23.2,111,79,152,25.5,Moderate,Never,Occasional,1,0,0,7.8,High,Poor,0
P1158,71,Female,24.9,156,106,147,18.1,Low,Current,Occasional,0,0,0,6.4,Moderate,Average,0
P1159,42,Female,29.3,124,92,167,7.8,Low,Never,Occasional,0,0,0,8.2,Moderate,Good,0
P1160,39,Male,22.3,134,97,132,11.1,Moderate,Current,Occasional,1,0,0,5.6,Moderate,Poor,0
P1161,54,Male,30.4,149,128,124,28.1,Low,Never,None,1,1,1,6.6,Moderate,Average,0
P1162,49,Male,37.6,142,136,200,41.6,High,Never,None,1,0,0,4.0,Low,Good,1
P1163,71,Male,26.2,148,121,178,4.6,Moderate,Current,Occasional,0,0,0,9.9,Moderate,Average,0
P1164,51,Male,19.5,130,86,144,5.8,Moderate,Former,None,0,0,0,9.1,Moderate,Average,0
P1165,50,Male,19.5,129,99,156,20.8,Moderate,Never,None,0,0,0,9.4,Moderate,Average,0
P1166,24,Female,30.5,113,124,177,36.1,High,Former,None,0,0,0,8.6,Moderate,Poor,0
P1167,19,Male,26.2,91,75,119,20.5,High,Never,None,0,0,0,6.1,High,Good,0
P1168,43,Female,31.1,133,97,144,32.1,Low,Never,Occasional,1,0,0,6.7,High,Poor,0
P1169,80,Female,23.7,149,75,115,17.7,Moderate,Never,Occasional,1,0,0,7.1,High,Average,0
P1170,75,Female,30.8,157,133,177,32.9,High,Never,Occasional,0,1,1,7.2,Moderate,Average,0
P1171,57,Female,25.7,132,75,94,17.6,Low,Never,Occasional,1,0,0,5.5,High,Average,0
P1172,57,Male,22.7,140,65,93,16.7,Low,Never,None,0,0,0,5.4,Low,Good,0
P1173,42,Female,24.4,116,83,128,5.1,High,Former,Occasional,0,1,0,5.2,Moderate,Poor,0
P1174,29,Male,20.3,106,65,90,17.8,Moderate,Never,Occasional,0,0,0,6.3,Moderate,Average,0
P1175,18,Male,36.8,92,125,145,21.7,High,Never,Occasional,0,1,0,6.4,Low,Average,0
P1176,39,Male,26.0,127,86,129,22.6,Moderate,Never,Occasional,1,1,0,6.3,Moderate,Poor,1
P1177,37,Female,29.9,115,79,127,18.0,Moderate,Current,None,0,0,0,7.1,Low,Good,0
P1178,30,Female,23.7,110,87,130,17.0,Moderate,Current,Occasional,1,0,0,5.1,High,Average,0
P1179,34,Female,21.0,129,89,98,4.4,Moderate,Current,Occasional,0,1,0,5.8,High,Average,0
P1180,19,Female,25.3,108,65,138,11.9,High,Current,None,0,0,0,5.9,Moderate,Poor,0
P1181,56,Male,32.2,119,101,129,27.3,Moderate,Former,None,0,0,0,7.8,Low,Average,0
P1182,76,Female,23.8,174,102,136,20.4,High,Never,Occasional,0,1,0,7.0,Moderate,Poor,0
P1183,61,Male,22.0,135,84,111,20.8,Low,Current,None,0,0,0,7.2,High,Average,0
P1184,46,Female,27.3,122,100,170,9.2,High,Former,Frequent,0,1,0,5.7,Moderate,Good,0
P1185,44,Male,29.1,120,118,174,10.0,Moderate,Never,Occasional,0,0,0,6.8,Moderate,Average,0
P1186,37,Female,35.0,126,150,194,23.8,Low,Never,None,0,1,0,5.9,Moderate,Average,0
P1187,26,Male,28.3,115,92,132,11.0,Moderate,Never,Occasional,0,0,0,5.9,High,Good,0
P1188,55,Female,29.8,145,87,140,33.9,Low,Never,Occasional,0,0,1,7.2,Low,Poor,0
P1189,53,Male,30.2,130,102,132,32.7,Low,Current,Occasional,1,0,0,6.0,High,Poor,0
P1190,18,Male,20.5,136,88,141,4.0,High,Never,Occasional,0,1,0,6.7,Moderate,Good,0
P1191,44,Female,21.5,127,91,129,25.7,High,Never,None,0,1,0,6.5,Moderate,Poor,0
P1192,35,Male,20.9,131,98,153,22.2,Low,Never,Frequent,1,1,1,5.4,Moderate,Good,0
P1193,28,Male,19.6,128,109,163,2.0,Low,Never,None,1,0,0,6.1,High,Average,0
P1194,62,Male,30.6,148,84,124,14.1,Low,Former,None,0,0,0,6.1,Low,Poor,1
P1195,51,Male,28.0,143,93,109,5.9,High,Never,None,0,0,1,6.3,Moderate,Average,0
P1196,57,Male,26.9,136,128,173,19.4,Moderate,Never,Occasional,0,1,0,4.6,Low,Average,0
P1197,62,Female,15.0,136,67,90,12.1,Moderate,Current,Occasional,0,0,0,5.9,Moderate,Poor,0
P1198,79,Male,37.2,121,137,191,33.3,Moderate,Never,None,0,0,0,7.9,Moderate,Good,1
P1199,68,Male,21.8,138,99,142,2.0,High,Never,Occasional,1,0,0,7.3,Low,Average,0
P1200,57,Male,37.2,144,139,182,21.9,Low,Never,Frequent,1,0,0,6.3,Low,Poor,1
P1201,73,Female,19.0,156,118,143,15.5,Low,Never,Occasional,0,1,0,5.4,Moderate,Average,0
P1202,48,Female,22.3,128,92,158,17.3,Moderate,Never,None,1,0,0,6.9,Moderate,Average,0
P1203,80,Male,15.0,163,65,102,2.0,High,Never,None,0,0,0,8.0,Low,Average,0
P1204,65,Male,28.4,134,94,181,9.4,Moderate,Never,None,0,0,0,8.6,Moderate,Average,0
P1205,59,Male,20.8,127,117,164,21.5,High,Current,Frequent,0,0,0,6.2,Moderate,Average,0
P1206,74,Female,20.9,138,69,121,2.2,High,Never,None,1,0,0,5.5,Moderate,Poor,0
P1207,50,Female,19.4,118,88,135,11.9,Low,Never,None,0,0,0,7.4,Moderate,Good,0
P1208,63,Female,30.5,143,73,128,11.6,Moderate,Former,None,0,0,0,7.2,Moderate,Average,0
P1209,35,Male,30.2,124,84,151,28.5,High,Never,None,0,0,0,6.8,Moderate,Poor,0
P1210,78,Female,35.9,151,135,204,15.3,Low,Current,Occasional,0,0,0,6.0,Moderate,Poor,1
P1211,57,Male,22.9,129,91,110,10.6,Moderate,Never,Frequent,1,0,0,5.2,High,Good,0
P1212,67,Female,27.6,143,104,167,26.6,Low,Never,None,0,1,0,7.6,High,Poor,0
P1213,47,Female,19.8,106,70,124,16.9,Moderate,Current,None,0,0,0,7.9,High,Average,0
P1214,72,Male,24.8,145,69,118,11.6,Low,Never,Occasional,1,0,0,6.4,Moderate,Poor,0
P1215,22,Female,23.8,115,96,171,8.6,Low,Former,Frequent,0,0,0,8.9,Moderate,Good,0
P1216,25,Female,28.9,105,94,171,18.4,Moderate,Never,Frequent,1,0,0,7.1,Low,Good,0
P1217,49,Male,31.8,133,94,159,13.4,Moderate,Never,Frequent,1,1,0,6.6,Moderate,Average,0
P1218,64,Male,31.7,140,118,160,24.3,Low,Current,None,1,1,1,5.4,Moderate,Poor,0
P1219,68,Male,22.1,162,106,134,11.9,Low,Current,Occasional,0,1,0,4.8,Moderate,Poor,0
P1220,45,Female,31.7,121,112,174,21.3,High,Current,Occasional,0,1,0,6.2,Moderate,Good,0
P1221,58,Male,26.3,137,100,170,25.2,High,Current,None,0,0,0,7.2,Moderate,Average,0
P1222,52,Male,24.8,120,94,109,6.8,Moderate,Never,Occasional,0,0,0,9.6,Low,Good,0
P1223,78,Female,22.8,139,84,149,2.0,Low,Never,Occasional,0,0,0,6.9,High,Average,0
P1224,59,Male,23.6,137,93,136,9.7,Moderate,Never,Occasional,0,0,0,7.5,High,Good,0
P1225,44,Male,35.6,124,126,149,31.4,Moderate,Former,None,0,0,0,5.8,Low,Good,0
P1226,79,Female,28.1,145,120,177,20.1,Moderate,Former,None,0,0,0,7.1,Moderate,Average,0
P1227,24,Female,27.4,119,105,168,17.7,Low,Former,Occasional,0,0,0,6.9,High,Poor,0
P1228,80,Female,25.1,141,90,132,6.7,Low,Never,None,1,0,0,5.7,Moderate,Average,0
P1229,27,Male,39.2,126,130,166,27.2,Low,Never,None,0,0,0,8.4,Moderate,Average,0
P1230,36,Male,33.3,119,116,194,22.9,Moderate,Current,Occasional,0,0,0,6.6,High,Average,0
P1231,69,Male,22.8,139,82,119,8.4,Low,Current,None,0,0,0,8.1,Moderate,Good,0
P1232,64,Female,25.1,141,90,157,24.5,Moderate,Never,None,0,0,1,6.8,Moderate,Good,0
P1233,79,Male,25.4,153,116,140,19.5,Moderate,Never,None,0,1,0,6.4,Moderate,Poor,0
P1234,65,Male,27.3,144,121,176,15.8,Moderate,Current,None,0,0,0,5.9,Moderate,Good,0
P1235,58,Female,22.9,142,72,125,21.8,Moderate,Former,None,1,1,0,6.4,High,Good,0
P1236,39,Female,28.8,128,123,186,25.6,Moderate,Former,Occasional,0,0,0,8.6,Low,Poor,0
P1237,18,Female,34.1,109,124,199,17.6,Low,Current,Occasional,1,0,0,5.7,Moderate,Good,0
P1238,25,Male,19.7,110,87,120,2.0,Low,Former,None,0,1,0,7.6,Moderate,Poor,0
P1239,36,Female,20.6,108,78,133,2.0,Moderate,Never,Occasional,0,0,0,6.4,Low,Average,0
P1240,20,Male,24.0,96,92,118,19.2,Moderate,Former,None,0,0,0,7.5,High,Good,0
P1241,50,Female,24.2,147,83,109,21.8,Moderate,Never,None,0,0,0,7.0,High,Poor,0
P1242,66,Male,36.9,116,120,163,18.2,Moderate,Never,Occasional,0,0,0,5.2,Low,Average,0
P1243,78,Female,31.7,157,93,150,28.9,Low,Never,Frequent,0,0,1,7.0,Moderate,Average,0
P1244,48,Male,31.4,120,83,160,28.2,Low,Former,None,0,0,0,9.4,Low,Average,0
P1245,73,Female,25.1,154,131,209,29.4,Moderate,Never,Occasional,0,0,0,7.2,Low,Average,1
P1246,80,Male,25.0,129,107,149,23.8,Moderate,Current,None,1,1,0,7.9,Low,Poor,0
P1247,72,Female,19.0,139,87,138,22.8,Moderate,Never,Occasional,0,0,0,7.2,Moderate,Poor,0
P1248,47,Male,30.6,142,105,170,26.6,Low,Former,Occasional,1,0,0,7.7,High,Poor,0
P1249,38,Male,29.1,135,96,158,24.2,Moderate,Never,Occasional,1,1,0,5.9,Moderate,Poor,0
P1250,79,Male,33.2,142,113,161,23.8,Low,Never,Occasional,0,0,0,6.7,Low,Average,0
P1251,33,Female,25.4,106,100,149,22.6,Moderate,Never,Occasional,1,1,0,7.9,Low,Average,0
P1252,43,Male,25.8,113,92,139,5.9,Moderate,Former,Frequent,1,0,0,6.4,Low,Poor,0
P1253,22,Male,27.4,128,83,129,17.4,Moderate,Never,None,0,0,0,8.1,Low,Average,0
P1254,68,Female,31.1,141,124,169,29.2,Moderate,Never,Frequent,0,1,0,5.6,Moderate,Good,0
P1255,58,Male,18.9,133,84,128,23.3,Low,Current,Occasional,1,0,0,6.9,High,Poor,0
P1256,23,Male,30.3,118,106,149,18.6,Low,Former,Occasional,1,0,0,6.5,High,Poor,0
P1257,31,Female,26.4,106,103,133,25.3,Low,Former,Occasional,1,0,0,10.0,Low,Average,0
P1258,52,Female,21.0,140,90,150,10.4,High,Former,Frequent,0,1,0,6.3,Low,Average,0
P1259,52,Female,15.7,127,71,124,19.9,High,Former,Occasional,0,0,0,7.3,Moderate,Poor,0
P1260,68,Female,25.8,142,120,198,11.7,Moderate,Never,None,0,0,0,4.4,Moderate,Average,0
P1261,34,Male,34.0,115,97,154,32.2,Moderate,Never,None,0,0,0,5.4,Low,Good,0
P1262,76,Male,35.2,133,102,147,27.2,Low,Never,None,0,1,0,7.2,High,Average,0
P1263,46,Male,28.3,123,108,147,10.7,Moderate,Never,None,0,0,0,6.5,Moderate,Poor,0
P1264,69,Female,36.7,146,114,167,29.5,Low,Never,None,0,0,0,6.5,Moderate,Average,0
P1265,33,Female,26.3,129,85,142,27.7,Low,Current,Occasional,1,1,0,6.4,High,Average,0
P1266,20,Male,31.5,113,115,161,16.4,High,Never,None,0,0,0,6.6,Moderate,Good,0
P1267,21,Female,24.2,123,85,109,2.8,Low,Never,None,0,0,0,4.7,Moderate,Good,0
P1268,41,Male,23.8,123,72,108,17.3,High,Current,None,1,0,0,6.7,High,Poor,0
P1269,78,Male,23.0,151,128,176,2.0,Moderate,Never,None,0,1,1,6.5,High,Good,0
P1270,21,Female,15.8,109,65,122,24.5,High,Never,Occasional,1,0,0,8.1,Low,Good,0
P1271,41,Female,33.2,134,109,136,38.5,Moderate,Never,Occasional,0,0,0,7.8,Low,Poor,0
P1272,24,Female,23.2,118,65,117,21.7,Low,Current,Frequent,0,0,0,3.5,Moderate,Good,0
P1273,76,Female,22.3,138,96,147,12.3,Moderate,Never,Occasional,1,0,0,5.9,Low,Poor,0
P1274,60,Female,20.4,120,76,115,25.3,Moderate,Never,Occasional,1,0,0,9.0,Moderate,Poor,0
P1275,66,Female,25.4,149,109,148,27.6,Moderate,Former,None,0,0,0,7.9,High,Good,0
P1276,62,Male,35.7,134,126,166,26.3,High,Never,Occasional,1,1,0,7.4,Low,Average,0
P1277,59,Male,37.4,135,142,197,45.4,High,Never,Occasional,0,0,0,6.2,Low,Good,0
P1278,66,Female,17.9,162,75,139,4.7,Moderate,Never,Frequent,0,0,0,7.7,Moderate,Average,0
P1279,18,Male,24.7,120,65,132,13.7,High,Never,Occasional,1,0,0,5.0,High,Average,0
P1280,72,Male,21.1,158,92,121,2.0,Low,Never,Frequent,1,0,0,6.1,Moderate,Average,0
P1281,64,Male,31.6,137,114,161,25.8,High,Never,Frequent,1,1,0,7.2,High,Good,0
P1282,64,Male,28.0,148,77,91,16.8,High,Never,Frequent,1,0,0,7.5,Moderate,Poor,0
P1283,42,Female,23.2,130,81,130,9.8,Low,Current,Occasional,0,1,0,7.1,Moderate,Poor,0
P1284,68,Male,26.9,148,98,156,16.6,Moderate,Never,None,1,1,0,7.3,Low,Good,0
P1285,42,Male,24.0,150,119,192,11.3,Moderate,Never,Occasional,0,1,0,7.0,Moderate,Average,0
P1286,21,Female,34.9,111,120,143,29.4,Moderate,Never,Frequent,0,0,0,6.4,Moderate,Average,0
P1287,75,Male,29.3,144,103,135,31.3,Low,Former,Frequent,1,0,1,8.4,Low,Poor,0
P1288,32,Male,30.0,116,115,167,14.3,Moderate,Never,Frequent,0,1,0,9.0,Moderate,Average,0
P1289,24,Male,15.0,124,65,90,18.9,Moderate,Current,Occasional,0,0,0,6.7,Moderate,Poor,0
P1290,57,Female,26.2,128,90,141,18.8,Moderate,Never,Occasional,1,0,0,5.4,High,Good,0
P1291,32,Male,37.3,130,123,185,35.2,High,Never,Occasional,0,0,0,6.5,High,Average,0
P1292,72,Female,33.4,125,119,149,27.0,Moderate,Never,Occasional,1,0,0,6.9,Moderate,Average,0
P1293,45,Male,16.9,132,67,114,6.3,Moderate,Current,Occasional,1,0,1,4.1,Low,Poor,0
P1294,18,Female,24.9,106,87,116,19.0,High,Never,None,1,0,0,8.4,Moderate,Average,0
P1295,77,Male,20.3,157,100,168,16.2,Low,Never,Occasional,0,1,0,6.0,Low,Poor,0
P1296,50,Female,35.4,129,117,172,23.0,Low,Never,None,1,0,0,5.8,Moderate,Average,1
P1297,34,Male,27.8,115,109,148,9.0,Low,Never,Occasional,0,0,0,6.4,Moderate,Average,0
P1298,60,Female,22.5,131,95,122,13.3,High,Never,Occasional,0,0,0,6.2,Moderate,Average,0
P1299,51,Male,26.7,122,105,160,24.1,High,Never,None,1,0,0,6.9,Low,Good,0
P1300,19,Male,15.0,121,90,156,20.0,Moderate,Former,Occasional,1,0,0,7.7,High,Average,0
P1301,65,Male,20.9,132,106,140,22.1,Low,Current,None,1,1,1,8.3,Low,Average,0
P1302,43,Male,26.7,123,121,163,22.3,Moderate,Never,None,0,0,0,7.7,Moderate,Good,0
P1303,62,Male,30.9,145,106,144,21.1,Moderate,Never,None,0,1,0,5.7,Moderate,Average,0
P1304,74,Female,16.4,164,65,135,12.0,Moderate,Never,None,0,1,0,6.7,Moderate,Average,0
P1305,56,Male,24.5,138,99,116,5.1,Low,Current,Occasional,0,1,1,6.9,Low,Poor,0
P1306,60,Male,31.8,133,107,178,18.9,Low,Never,Occasional,1,0,1,7.2,High,Average,1
P1307,34,Female,19.0,124,98,138,11.6,High,Never,Occasional,0,0,0,7.4,Moderate,Poor,0
P1308,32,Male,27.7,104,88,136,16.7,Moderate,Former,Occasional,0,1,0,6.9,Moderate,Poor,0
P1309,44,Male,26.8,114,96,139,18.5,Low,Never,Occasional,0,0,0,6.7,Moderate,Average,0
P1310,71,Male,35.4,137,126,181,19.2,High,Never,Occasional,0,0,0,7.9,Low,Good,0
P1311,51,Male,25.3,123,96,132,6.7,Moderate,Current,Occasional,0,0,0,6.6,Moderate,Good,0
P1312,39,Male,25.6,108,91,156,22.5,Moderate,Never,None,1,0,0,7.9,Moderate,Average,0
P1313,67,Male,30.9,148,115,183,17.2,Low,Never,Frequent,1,0,0,7.8,Moderate,Good,1
P1314,71,Male,19.6,149,108,138,7.2,High,Former,Occasional,0,1,0,8.5,Moderate,Average,1
P1315,74,Female,25.4,149,127,186,19.0,Low,Never,Frequent,0,1,1,7.1,Moderate,Average,1
P1316,36,Male,24.1,115,90,132,7.1,High,Never,Frequent,0,0,0,8.5,High,Good,0
P1317,62,Female,25.8,137,86,135,25.4,Moderate,Never,None,0,0,0,6.4,High,Average,0
P1318,55,Female,30.9,142,136,210,15.5,Low,Former,Frequent,0,1,0,7.2,High,Average,1
P1319,46,Male,29.4,125,88,127,20.9,Low,Current,None,0,0,0,7.7,Moderate,Poor,0
P1320,43,Male,22.6,130,112,174,7.7,High,Never,Occasional,0,0,0,5.6,Moderate,Good,0
P1321,25,Female,27.2,108,113,169,20.5,Low,Never,Occasional,1,0,0,6.3,High,Poor,0
P1322,35,Female,34.3,127,139,187,25.9,Low,Current,Occasional,0,1,0,6.0,Moderate,Average,0
P1323,52,Male,22.2,142,98,151,12.1,Moderate,Former,Occasional,0,0,0,6.7,High,Good,0
P1324,73,Female,27.3,155,73,126,28.1,Low,Never,None,0,0,1,6.2,High,Average,0
P1325,72,Female,25.5,155,84,114,10.7,Moderate,Former,None,0,0,0,6.9,Low,Good,0
P1326,29,Male,26.2,121,97,136,11.5,Moderate,Never,Occasional,0,0,0,6.7,Moderate,Good,0
P1327,60,Male,18.0,140,78,107,9.5,Low,Current,Occasional,1,1,0,6.5,High,Good,0
P1328,23,Female,33.8,110,104,151,38.3,Low,Former,None,0,0,0,7.0,Low,Poor,0
P1329,60,Male,22.5,117,99,168,11.9,Low,Current,Occasional,0,0,0,6.0,Low,Poor,0
P1330,39,Female,31.8,110,104,164,34.0,High,Never,Occasional,0,0,0,5.8,Low,Good,0
P1331,46,Male,23.3,126,72,96,12.1,Low,Current,None,0,0,0,5.4,High,Average,0
P1332,63,Female,23.2,136,105,148,23.4,Moderate,Never,None,0,0,0,4.7,Moderate,Average,0
P1333,44,Male,32.8,140,117,171,29.6,Moderate,Never,Frequent,1,0,0,6.0,Low,Average,0
P1334,68,Male,31.7,153,108,170,28.7,Moderate,Never,Occasional,0,0,0,7.4,Low,Good,0
P1335,51,Male,27.6,128,117,155,8.6,Low,Current,Occasional,0,1,0,6.6,Moderate,Average,0
P1336,80,Male,30.5,154,113,143,10.6,Low,Former,Occasional,0,0,0,6.8,Moderate,Good,0
P1337,58,Female,25.0,134,121,168,25.8,Moderate,Never,None,0,1,0,6.3,Low,Average,0
P1338,36,Male,26.5,129,97,155,25.9,Moderate,Never,None,1,0,0,9.1,Moderate,Poor,0
P1339,66,Female,23.1,151,118,169,34.1,Moderate,Never,Occasional,0,1,0,7.0,Moderate,Average,0
P1340,43,Female,31.2,143,87,123,11.2,Low,Never,None,0,1,0,6.1,Moderate,Average,0
P1341,51,Male,22.9,125,96,171,17.0,Moderate,Never,None,0,0,0,5.5,Moderate,Poor,0
P1342,26,Female,34.2,127,104,154,18.8,Low,Former,Occasional,1,0,0,8.9,Moderate,Poor,0
P1343,25,Female,24.9,97,77,128,9.6,Moderate,Never,Occasional,1,0,0,5.1,Moderate,Good,0
P1344,54,Female,26.6,145,114,152,14.6,Moderate,Never,None,0,0,0,5.8,Low,Average,0
P1345,29,Male,30.4,118,114,182,26.3,Low,Never,Occasional,1,0,0,5.8,Moderate,Average,0
P1346,80,Female,26.6,146,75,133,12.2,High,Never,Frequent,0,0,0,6.8,High,Average,0
P1347,71,Female,25.0,126,115,168,17.1,Moderate,Never,Frequent,1,1,1,7.2,Low,Average,0
P1348,62,Female,26.3,132,107,137,24.4,Low,Current,Occasional,1,0,0,6.9,High,Poor,0
P1349,64,Male,31.1,151,100,168,31.9,Low,Never,None,0,0,0,6.4,Moderate,Poor,0
P1350,55,Female,23.1,128,79,138,18.9,Moderate,Never,Occasional,0,0,0,5.1,Moderate,Good,0
P1351,21,Male,25.8,121,68,133,20.2,High,Never,Frequent,0,0,0,9.0,Moderate,Poor,0
P1352,42,Male,26.6,126,91,140,16.4,Low,Never,Occasional,0,0,0,7.1,Moderate,Average,0
P1353,49,Male,31.0,145,111,160,19.1,Low,Current,Frequent,0,1,0,7.5,Low,Good,0
P1354,75,Female,26.0,150,119,164,22.6,Moderate,Former,Occasional,1,1,0,6.0,Moderate,Average,0
P1355,31,Female,35.9,110,118,206,21.7,Moderate,Former,None,1,0,0,6.4,Low,Poor,0
P1356,49,Male,25.7,130,80,120,17.4,Low,Never,Occasional,1,0,0,8.2,Low,Average,0
P1357,39,Female,25.3,145,103,132,7.6,Moderate,Never,Frequent,0,1,0,4.2,Low,Average,0
P1358,26,Male,25.6,121,87,129,16.0,Moderate,Never,None,0,0,0,7.7,High,Average,0
P1359,24,Male,19.7,114,65,103,3.6,Low,Never,Occasional,0,0,0,6.5,High,Good,0
P1360,41,Female,21.1,147,65,132,8.8,Moderate,Never,None,0,0,0,7.3,Moderate,Average,0
P1361,23,Female,23.7,126,95,121,8.6,Low,Current,None,0,0,0,8.8,Low,Good,0
P1362,22,Female,32.4,122,111,153,19.0,Low,Current,Occasional,0,0,0,6.2,High,Average,0
P1363,40,Female,26.3,127,103,155,16.7,High,Former,None,0,0,0,3.6,Low,Average,0
P1364,30,Male,24.0,126,78,146,2.0,Low,Never,Frequent,0,0,0,5.5,Low,Average,0
P1365,52,Female,32.9,138,114,176,11.8,Low,Former,None,0,0,0,6.8,Low,Good,0
P1366,19,Male,34.6,91,90,167,33.5,High,Never,Occasional,1,0,0,8.8,Low,Average,0
P1367,37,Female,33.0,126,95,151,26.4,High,Current,None,0,0,0,6.3,High,Average,0
P1368,46,Male,22.1,131,94,138,6.3,High,Never,None,0,1,0,8.7,Moderate,Average,0
P1369,78,Male,23.9,145,107,168,22.6,Low,Former,None,0,1,0,4.0,Moderate,Good,0
P1370,57,Male,35.9,131,96,126,23.6,Moderate,Never,None,0,0,0,6.2,Moderate,Average,0
P1371,73,Female,27.8,127,89,111,14.3,Moderate,Former,Occasional,1,0,0,8.0,Moderate,Average,0
P1372,39,Male,25.1,106,87,151,9.5,Moderate,Never,None,0,0,0,7.9,Low,Good,0
P1373,46,Female,30.2,140,118,171,38.5,Low,Never,None,1,0,0,4.5,Low,Poor,0
P1374,44,Female,31.7,131,96,162,25.5,Moderate,Never,Frequent,0,0,0,5.8,Low,Average,0
P1375,73,Male,23.5,123,104,138,15.7,Low,Never,Occasional,0,1,1,6.6,Moderate,Poor,0
P1376,78,Female,27.6,144,115,184,23.7,Moderate,Never,Frequent,1,1,0,6.0,Low,Poor,0
P1377,78,Male,31.3,154,109,170,9.1,Low,Current,Occasional,0,0,0,8.2,Moderate,Average,1
P1378,65,Male,20.5,140,97,143,7.2,Moderate,Never,Occasional,0,1,0,6.8,Low,Poor,0
P1379,49,Female,26.6,142,78,130,21.2,Moderate,Former,Occasional,0,0,0,5.1,Moderate,Poor,0
P1380,52,Male,20.7,141,75,127,12.0,High,Never,Frequent,1,0,0,7.4,Moderate,Poor,0
P1381,79,Male,21.4,132,111,144,30.5,High,Former,Occasional,0,0,0,7.4,Moderate,Average,0
P1382,35,Male,23.6,120,109,150,10.4,Moderate,Current,Occasional,1,0,0,5.4,Moderate,Good,0
P1383,39,Female,29.0,119,112,167,28.9,Low,Never,None,0,0,0,5.7,Moderate,Average,0
P1384,74,Male,24.8,129,113,154,22.8,High,Current,None,0,0,0,5.9,Moderate,Average,0
P1385,42,Male,23.1,111,65,90,14.5,Low,Former,Occasional,0,0,0,8.4,Moderate,Average,0
P1386,32,Female,26.8,117,88,141,20.4,Low,Never,None,0,1,0,6.7,Low,Poor,0
P1387,53,Male,20.5,125,80,140,9.7,Moderate,Never,None,0,0,0,4.1,Low,Good,0
P1388,38,Female,28.7,126,134,200,7.0,Moderate,Current,Occasional,0,0,0,5.4,Low,Poor,0
P1389,74,Male,32.4,153,110,169,28.1,Low,Current,Occasional,0,0,1,7.7,Low,Average,0
P1390,75,Female,26.1,148,111,172,21.2,Low,Never,Frequent,0,0,0,6.3,Moderate,Average,0
P1391,37,Female,25.4,130,98,162,20.8,Low,Never,Occasional,0,0,0,5.3,Moderate,Average,0
P1392,51,Male,28.4,127,106,156,20.7,Moderate,Never,None,1,0,0,6.3,Moderate,Average,0
P1393,79,Male,16.0,157,86,97,19.8,Moderate,Never,Occasional,0,1,1,8.0,High,Poor,0
P1394,64,Female,29.3,136,89,157,13.8,Moderate,Never,None,1,0,0,9.4,Moderate,Average,0
P1395,31,Female,42.6,115,91,131,48.5,Moderate,Current,None,1,0,0,6.7,Moderate,Average,0
P1396,55,Male,25.9,151,115,145,10.0,High,Current,Frequent,1,0,0,7.4,Moderate,Poor,0
P1397,57,Female,25.9,115,95,126,15.8,Moderate,Never,Occasional,0,1,0,6.7,Low,Average,0
P1398,59,Male,30.4,116,81,171,27.5,Moderate,Never,None,0,0,0,7.1,Moderate,Good,0
P1399,19,Female,35.1,116,117,176,25.0,Moderate,Never,None,1,0,0,5.7,High,Average,0
P1400,36,Female,31.6,124,119,153,31.0,Moderate,Current,Frequent,1,1,0,8.5,Low,Good,0
P1401,71,Female,15.3,132,94,128,9.3,Moderate,Former,None,1,1,0,6.2,Moderate,Poor,0
P1402,33,Female,29.4,110,116,166,23.1,Low,Current,None,1,0,0,5.5,Moderate,Poor,0
P1403,36,Male,39.9,113,111,173,32.9,High,Former,None,0,0,0,5.9,Moderate,Good,0
P1404,38,Female,29.7,132,90,144,16.6,Moderate,Never,None,1,0,0,7.6,Low,Poor,0
P1405,29,Female,20.5,135,83,115,30.0,High,Never,None,1,1,0,6.0,Moderate,Poor,0
P1406,27,Female,28.0,133,108,162,13.1,Moderate,Current,Occasional,1,0,0,8.6,Low,Good,0
P1407,39,Female,19.8,108,65,101,2.0,Moderate,Former,None,0,0,0,7.6,Moderate,Poor,0
P1408,73,Female,32.9,134,124,192,20.6,Low,Former,Occasional,1,1,0,7.8,Moderate,Average,1
P1409,18,Female,21.5,98,93,141,13.1,Moderate,Former,None,0,0,0,6.3,Moderate,Poor,0
P1410,35,Female,26.9,134,108,145,15.5,Moderate,Never,None,0,0,0,6.1,Moderate,Good,0
P1411,21,Female,22.0,118,92,150,20.1,High,Never,None,1,0,0,6.8,Moderate,Average,0
P1412,53,Male,23.7,132,106,160,22.4,High,Current,Occasional,0,0,0,5.4,High,Average,0
P1413,33,Male,34.2,128,79,123,24.1,Moderate,Never,Occasional,1,1,0,7.4,Moderate,Average,0
P1414,67,Male,27.0,143,131,191,7.0,High,Never,None,0,1,0,7.9,Low,Average,0
P1415,54,Male,23.6,121,96,154,3.7,High,Former,Frequent,0,0,0,6.0,Moderate,Average,0
P1416,67,Male,20.5,149,113,179,12.8,High,Never,None,0,1,0,7.6,Moderate,Good,0
P1417,57,Male,16.8,137,68,124,2.0,Low,Former,Occasional,0,1,0,7.1,Low,Average,0
P1418,45,Male,20.0,115,65,108,9.1,Low,Never,Frequent,0,0,0,8.1,Moderate,Poor,0
P1419,72,Female,27.1,152,134,156,32.2,High,Former,None,1,1,0,8.8,High,Average,0
P1420,48,Male,31.6,124,95,148,26.3,Moderate,Current,None,0,0,0,7.7,Low,Average,0
P1421,77,Female,23.6,147,91,144,14.3,Moderate,Never,None,1,0,1,6.7,High,Average,0
P1422,80,Male,34.7,150,135,187,21.7,Moderate,Current,Frequent,0,1,0,8.2,Moderate,Average,1
P1423,55,Male,22.8,141,101,100,14.5,Low,Former,Occasional,0,0,0,6.9,Low,Poor,0
P1424,60,Female,25.3,137,111,170,14.8,Low,Current,None,0,0,0,6.5,High,Good,0
P1425,34,Female,20.9,112,85,117,13.9,Low,Current,None,0,0,0,6.1,Moderate,Poor,0
P1426,69,Female,31.7,143,97,158,29.5,Moderate,Never,None,1,0,0,6.9,Low,Poor,0
P1427,60,Female,37.4,144,140,220,40.9,Moderate,Never,Occasional,0,1,0,8.0,Moderate,Good,1
P1428,74,Female,17.3,153,98,139,13.0,Moderate,Never,Occasional,1,1,0,5.6,Moderate,Average,0
P1429,34,Female,24.7,136,72,127,19.3,Low,Former,None,1,1,0,5.3,Moderate,Average,0
P1430,67,Male,33.1,133,135,186,24.0,Low,Never,None,0,0,0,5.3,Moderate,Average,1
P1431,47,Female,19.0,135,65,119,21.1,Moderate,Never,Occasional,1,0,0,8.0,Low,Average,0
P1432,29,Female,29.4,101,114,165,14.9,Low,Current,Frequent,1,0,0,7.3,Low,Average,0
P1433,28,Male,32.9,116,98,140,23.4,High,Current,None,0,0,0,8.6,Low,Good,0
P1434,53,Male,26.9,134,115,149,29.0,Moderate,Former,Occasional,0,1,0,6.2,High,Good,0
P1435,38,Female,29.4,137,108,183,17.7,Low,Never,Frequent,0,0,0,5.3,Low,Average,0
P1436,24,Male,35.7,114,112,171,18.7,Moderate,Current,None,0,0,0,8.7,High,Poor,0
P1437,44,Female,36.6,132,125,190,28.2,Moderate,Current,None,0,0,0,5.9,Moderate,Average,0
P1438,59,Male,26.2,117,97,152,28.2,Low,Never,None,0,0,0,7.6,Moderate,Poor,0
P1439,38,Male,23.7,119,99,162,2.0,Moderate,Never,None,0,0,0,5.2,Moderate,Average,0
P1440,78,Male,21.7,142,129,162,15.1,Low,Current,None,0,1,0,7.0,Low,Average,0
P1441,67,Female,31.6,164,93,145,18.4,Moderate,Never,Occasional,0,0,0,6.6,Low,Average,0
P1442,50,Male,19.4,123,65,119,10.7,Low,Former,Frequent,1,0,0,5.1,Low,Poor,0
P1443,76,Female,25.2,150,100,169,13.1,Moderate,Never,Occasional,0,1,0,9.1,Moderate,Average,0
P1444,45,Female,27.0,128,90,181,25.7,Moderate,Never,Frequent,0,0,0,5.7,Moderate,Average,0
P1445,26,Male,23.9,101,82,136,14.7,Moderate,Never,Frequent,0,0,0,5.7,Low,Average,0
P1446,20,Female,28.0,113,89,127,27.3,Moderate,Former,Occasional,0,1,0,6.0,Low,Good,0
P1447,77,Male,39.8,153,150,184,47.6,Low,Never,Frequent,0,1,0,4.2,High,Poor,0
P1448,78,Female,25.9,151,88,122,16.9,Moderate,Current,Frequent,0,1,1,6.4,Moderate,Poor,0
P1449,64,Male,24.2,119,108,143,12.4,Moderate,Never,None,0,1,0,6.0,High,Average,0
P1450,24,Male,31.8,110,113,117,27.8,Moderate,Current,Frequent,0,0,0,8.0,Low,Average,0
P1451,36,Female,27.7,132,102,140,23.6,Moderate,Never,Frequent,0,0,0,7.2,Low,Poor,0
P1452,20,Female,34.0,119,115,178,18.4,Moderate,Never,None,0,0,0,5.3,Moderate,Average,0
P1453,21,Female,27.4,126,107,157,20.9,Moderate,Current,Occasional,0,0,0,6.0,Low,Poor,0
P1454,33,Female,25.2,110,92,136,13.8,Moderate,Never,None,0,0,0,9.4,Moderate,Average,0
P1455,54,Male,17.2,145,72,91,8.6,High,Never,None,0,0,0,5.7,Moderate,Average,0
P1456,22,Male,18.1,114,80,142,6.5,Moderate,Never,Occasional,1,0,0,7.8,Moderate,Average,0
P1457,80,Male,17.0,162,90,143,7.0,Moderate,Former,None,0,0,0,6.0,Low,Average,0
P1458,46,Female,28.5,127,113,162,30.9,Low,Former,Occasional,1,0,0,5.6,High,Average,0
P1459,34,Male,19.4,105,65,90,9.1,Low,Current,Occasional,1,1,0,6.1,High,Good,0
P1460,50,Male,33.0,143,116,159,35.6,Low,Never,None,0,1,0,8.6,Moderate,Poor,0
P1461,67,Male,26.7,135,86,142,18.7,Low,Never,Occasional,1,0,0,5.0,Moderate,Average,0
P1462,37,Male,25.2,124,107,155,7.3,Low,Never,Frequent,0,1,0,7.6,Moderate,Average,0
P1463,20,Male,22.1,99,92,142,13.6,Moderate,Current,None,1,0,0,8.3,Low,Poor,0
P1464,21,Male,29.7,130,95,156,11.7,Low,Never,Occasional,1,0,0,6.1,Moderate,Poor,0
P1465,71,Male,22.3,136,81,131,17.2,Low,Never,None,0,0,0,8.0,Moderate,Poor,0
P1466,25,Female,21.4,132,90,147,10.3,Moderate,Never,None,0,0,0,7.8,High,Average,0
P1467,58,Male,32.7,135,117,154,33.0,Moderate,Never,Occasional,1,1,0,5.8,Moderate,Average,0
P1468,42,Male,28.3,116,120,150,32.6,Low,Former,None,0,0,0,5.7,Moderate,Good,0
P1469,66,Female,25.3,152,122,178,3.8,High,Never,Occasional,0,0,0,6.6,Moderate,Average,0
P1470,21,Male,29.8,113,113,174,18.7,High,Former,None,0,0,0,6.9,Moderate,Poor,0
P1471,74,Male,26.5,142,105,162,8.1,High,Never,Occasional,0,0,0,6.4,Low,Average,0
P1472,61,Male,28.5,123,129,180,39.4,Moderate,Never,None,0,0,0,7.5,Moderate,Poor,0
P1473,46,Male,22.3,128,97,139,8.8,Moderate,Former,Frequent,1,1,0,5.9,High,Average,0
P1474,31,Female,37.3,128,118,174,21.3,Moderate,Former,None,0,1,0,5.7,Moderate,Good,0
P1475,79,Male,23.5,138,93,147,31.7,Moderate,Never,None,1,1,0,6.8,Low,Average,0
P1476,37,Male,34.6,117,103,161,21.6,Low,Former,None,1,0,0,7.1,High,Average,0
P1477,48,Male,25.5,124,94,184,3.2,Low,Current,Occasional,1,0,0,8.4,High,Poor,0
P1478,42,Male,30.7,126,111,146,14.1,High,Never,Frequent,0,0,0,7.3,Low,Good,0
P1479,32,Female,30.3,134,82,183,23.1,Moderate,Former,Occasional,0,0,0,7.7,Low,Poor,0
P1480,44,Male,32.5,123,103,134,25.2,Low,Former,Occasional,0,0,1,6.4,Low,Average,0
P1481,27,Female,22.1,115,93,146,5.4,Low,Never,Occasional,0,1,0,6.4,High,Poor,0
P1482,18,Female,32.1,139,113,144,21.3,Moderate,Never,None,0,0,0,6.0,High,Average,0
P1483,36,Female,36.1,118,115,172,30.5,High,Never,Occasional,1,0,0,7.0,Moderate,Poor,0
P1484,25,Female,25.2,114,93,157,26.4,High,Never,None,0,0,0,7.0,High,Poor,0
P1485,44,Female,26.7,123,79,128,20.3,Low,Former,Occasional,0,0,0,6.9,Low,Poor,0
P1486,72,Female,23.8,139,82,145,9.7,Low,Former,Frequent,0,0,0,6.6,Moderate,Average,0
P1487,28,Female,24.7,118,88,129,13.4,Low,Never,None,1,0,0,6.7,Low,Average,0
P1488,18,Male,35.4,121,118,137,35.7,Moderate,Current,None,0,0,0,8.8,High,Average,0
P1489,24,Male,21.3,119,84,141,25.4,Moderate,Current,Occasional,1,0,0,7.1,Low,Poor,0
P1490,50,Male,21.6,140,74,121,3.2,Moderate,Never,Occasional,1,0,0,7.5,High,Good,0
P1491,35,Female,34.9,132,110,154,37.2,Moderate,Never,Occasional,0,0,0,7.4,Moderate,Poor,0
P1492,48,Female,29.7,136,132,175,21.3,Low,Never,Occasional,1,1,0,6.6,High,Good,1
P1493,19,Male,37.5,116,123,182,19.4,Low,Current,None,0,0,0,7.4,Moderate,Average,0
P1494,38,Male,24.2,134,88,123,2.0,Low,Never,Occasional,0,0,0,6.8,Moderate,Average,0
P1495,43,Male,27.2,115,83,138,28.9,Moderate,Former,None,1,0,0,5.3,Low,Average,0
P1496,45,Female,23.1,152,79,145,24.9,Moderate,Current,Occasional,1,0,0,6.1,Low,Average,0
P1497,52,Female,27.2,126,99,181,13.7,High,Former,None,1,0,0,9.2,Moderate,Average,0
P1498,67,Female,17.3,135,84,152,10.3,Low,Current,None,0,0,0,8.2,Low,Average,0
P1499,47,Male,30.1,116,112,164,8.4,High,Never,Occasional,0,0,0,6.4,Moderate,Average,0
P1500,70,Male,28.2,129,110,163,26.3,Low,Never,Occasional,0,0,0,7.6,Low,Poor,0
P1501,51,Male,26.2,140,91,133,16.8,Low,Never,Occasional,0,0,1,7.1,Moderate,Poor,0
P1502,34,Female,24.5,144,83,123,2.6,Low,Current,Frequent,0,0,0,8.9,Low,Average,0
P1503,32,Female,21.8,119,119,180,15.2,Low,Never,Occasional,1,1,0,6.6,Low,Average,0
P1504,38,Female,30.3,126,95,140,10.8,Low,Never,Occasional,0,0,0,7.1,Low,Average,0
P1505,55,Male,20.4,135,66,118,16.5,Low,Current,Frequent,0,0,0,5.8,Low,Good,0
P1506,33,Male,29.2,130,77,111,12.0,Moderate,Never,Occasional,0,0,0,6.6,Moderate,Good,0
P1507,75,Female,37.3,166,120,194,34.7,Moderate,Never,None,1,0,0,3.5,Low,Average,0
P1508,48,Male,34.2,144,127,173,23.6,Moderate,Never,None,1,0,0,7.1,Moderate,Good,0
P1509,72,Female,18.7,144,83,146,2.0,Moderate,Never,Occasional,1,1,0,8.0,Moderate,Average,0
P1510,61,Male,23.7,141,114,150,23.1,Moderate,Never,None,0,0,0,8.8,Low,Average,0
P1511,39,Male,28.7,130,100,137,28.4,High,Current,None,1,0,0,7.4,Moderate,Poor,0
P1512,32,Female,26.1,119,108,178,13.4,Low,Never,None,1,0,0,6.4,Low,Poor,0
P1513,64,Male,19.2,131,80,116,14.2,High,Never,None,0,1,0,5.8,Moderate,Good,0
P1514,38,Male,28.5,115,89,113,23.3,Moderate,Former,None,0,0,0,6.2,Moderate,Average,0
P1515,33,Female,26.4,132,95,127,21.0,Moderate,Never,None,0,0,0,4.9,Moderate,Poor,0
P1516,76,Male,36.5,161,137,203,46.2,Moderate,Never,None,0,1,0,6.5,High,Average,0
P1517,48,Male,25.2,126,91,151,19.2,Low,Never,Occasional,1,0,0,5.3,High,Poor,0
P1518,21,Female,32.6,116,109,147,22.6,Low,Current,Frequent,1,0,0,6.1,Low,Average,0
P1519,49,Male,19.9,141,91,127,15.4,Moderate,Current,Occasional,0,0,0,6.6,High,Good,0
P1520,47,Male,21.2,111,65,122,8.6,Moderate,Never,Frequent,0,0,0,7.2,Moderate,Average,0
P1521,72,Male,30.3,137,105,176,13.8,High,Former,None,0,0,0,4.8,Moderate,Average,0
P1522,62,Male,32.1,156,104,153,34.2,Low,Never,Occasional,1,0,0,6.4,Moderate,Poor,0
P1523,30,Male,21.5,122,76,132,16.3,Low,Never,None,0,0,0,7.6,Moderate,Average,0
P1524,27,Female,26.6,106,99,162,2.6,Moderate,Never,Occasional,0,0,0,8.5,High,Average,0
P1525,56,Male,19.3,139,82,162,6.5,Low,Current,Occasional,1,1,1,6.7,High,Good,1
P1526,20,Male,25.6,123,65,95,22.4,Low,Former,Occasional,0,0,0,9.4,Moderate,Poor,0
P1527,38,Male,30.9,103,108,147,10.8,Moderate,Never,None,0,1,0,7.6,High,Average,0
P1528,26,Male,24.2,123,80,120,8.6,Moderate,Never,None,1,1,0,6.9,High,Poor,0
P1529,19,Female,25.2,109,96,157,37.1,Low,Never,Occasional,0,0,0,8.3,Moderate,Average,0
P1530,75,Male,20.6,127,100,142,9.4,Low,Never,Occasional,0,0,0,6.2,Moderate,Average,0
P1531,23,Male,23.1,116,65,117,22.0,Low,Never,None,0,0,0,5.5,Moderate,Poor,0
P1532,18,Male,35.6,111,100,154,40.3,Moderate,Current,None,0,0,0,7.9,Moderate,Average,0
P1533,76,Male,26.9,149,115,164,11.8,Low,Current,None,0,1,0,7.4,Low,Average,0
P1534,29,Male,21.3,115,65,113,14.1,Moderate,Current,Occasional,0,0,0,8.1,Low,Average,0
P1535,69,Female,24.9,130,108,172,32.6,High,Former,Occasional,0,0,0,8.0,Moderate,Good,0
P1536,19,Female,18.2,98,88,118,15.7,Low,Never,None,0,0,0,9.2,High,Poor,0
P1537,27,Male,21.2,110,79,123,30.9,Low,Never,Occasional,0,0,0,5.1,Moderate,Average,0
P1538,24,Female,33.6,124,97,129,20.8,Low,Current,Occasional,0,0,0,6.4,Low,Average,0
P1539,62,Male,25.8,139,65,117,30.9,High,Never,None,0,0,0,6.5,Moderate,Average,0
P1540,57,Male,36.3,133,131,180,31.8,Moderate,Never,None,1,0,0,8.2,Moderate,Average,0
P1541,47,Female,26.0,118,123,188,16.0,Moderate,Never,Frequent,0,0,0,7.2,High,Poor,0
P1542,33,Female,26.3,117,119,167,23.8,High,Current,Frequent,1,0,0,8.2,Moderate,Good,0
P1543,23,Male,29.8,122,97,140,20.5,High,Never,Frequent,1,0,0,7.1,Moderate,Good,0
P1544,53,Female,15.0,136,65,106,11.3,High,Former,Occasional,0,0,0,6.8,High,Average,0
P1545,32,Male,27.6,115,108,184,23.2,Low,Former,Frequent,0,0,0,7.6,High,Good,0
P1546,55,Female,26.2,106,96,119,2.6,Moderate,Never,None,1,0,0,7.1,High,Good,0
P1547,61,Female,34.2,129,123,164,22.1,High,Current,None,0,0,0,7.3,Moderate,Poor,0
P1548,71,Female,31.5,141,123,174,31.0,Moderate,Current,None,0,1,0,7.6,Moderate,Good,1
P1549,49,Female,20.6,125,92,128,19.9,Moderate,Never,Occasional,0,1,0,7.3,Moderate,Good,0
P1550,18,Female,33.0,108,120,179,29.7,High,Never,None,1,0,0,8.0,Moderate,Average,0
P1551,35,Female,25.1,130,106,153,18.4,Moderate,Never,Occasional,0,0,0,6.9,Moderate,Average,0
P1552,71,Female,21.8,141,83,134,15.2,Moderate,Never,None,1,0,0,7.0,Moderate,Average,0
P1553,51,Male,27.5,145,94,145,26.3,Moderate,Never,Occasional,0,1,0,5.6,High,Average,0
P1554,57,Male,25.4,118,65,111,4.7,Low,Current,Frequent,0,0,0,8.0,Low,Average,0
P1555,46,Male,34.5,124,109,140,23.6,Low,Never,Occasional,0,0,0,8.9,High,Average,0
P1556,28,Female,28.3,103,89,141,19.0,Moderate,Never,None,0,1,0,4.6,Moderate,Good,0
P1557,74,Male,27.6,139,110,131,21.1,High,Never,None,0,0,0,7.6,Moderate,Good,0
P1558,66,Male,31.2,133,113,152,7.2,High,Never,None,1,1,0,6.6,Moderate,Average,0
P1559,80,Female,32.2,159,112,170,15.1,Low,Never,Occasional,1,0,0,6.6,Moderate,Good,1
P1560,71,Male,30.6,150,128,197,24.4,High,Never,None,0,1,1,7.6,Moderate,Good,0
P1561,36,Female,33.9,132,116,205,35.7,Low,Former,Occasional,0,0,0,6.8,Low,Average,0
P1562,34,Female,29.7,117,100,143,17.9,Moderate,Current,Frequent,0,0,0,7.3,Low,Average,0
P1563,33,Male,27.4,110,120,155,14.7,High,Never,None,0,0,0,6.4,Moderate,Average,0
P1564,75,Male,32.9,133,126,185,31.4,High,Current,None,1,0,0,8.6,Low,Good,0
P1565,53,Male,26.0,134,91,169,14.2,Moderate,Never,None,0,0,0,6.5,Low,Poor,0
P1566,46,Male,26.7,151,99,172,24.7,Moderate,Never,Occasional,1,1,0,5.9,High,Average,0
P1567,79,Male,35.5,150,133,168,29.1,Moderate,Current,None,0,0,0,7.2,Moderate,Good,0
P1568,56,Male,34.9,129,119,168,20.1,Moderate,Former,Occasional,0,0,0,5.8,High,Average,0
P1569,75,Male,26.5,141,86,148,28.8,Low,Current,None,0,0,0,7.1,Moderate,Good,0
P1570,80,Male,24.1,146,110,172,25.2,Low,Never,Occasional,0,0,0,8.8,Moderate,Average,0
P1571,23,Female,34.1,135,127,188,21.0,High,Current,Occasional,0,0,0,6.7,High,Good,0
P1572,40,Female,30.7,141,128,171,27.8,Low,Never,None,0,1,0,5.2,Moderate,Good,0
P1573,64,Male,28.1,145,132,190,19.3,Moderate,Never,Occasional,0,1,1,6.3,Moderate,Average,0
P1574,69,Female,24.8,146,133,196,23.0,Moderate,Never,None,0,1,1,7.8,Low,Average,0
P1575,27,Male,28.2,120,121,155,14.1,Low,Current,Occasional,0,0,0,6.9,Low,Good,0
P1576,38,Male,26.4,128,99,169,24.3,Low,Never,Frequent,1,0,0,7.6,Low,Good,0
P1577,52,Male,23.0,127,87,150,22.8,Low,Never,None,1,0,0,6.0,Low,Average,0
P1578,68,Male,27.2,136,83,120,10.7,Low,Current,Occasional,0,1,1,6.3,High,Average,0
P1579,25,Male,27.9,126,96,160,19.6,Moderate,Former,Occasional,0,0,0,7.6,Moderate,Poor,0
P1580,55,Male,24.5,138,108,169,25.4,Moderate,Never,None,0,1,0,8.7,Low,Good,0
P1581,36,Male,31.2,131,105,169,15.4,Moderate,Never,Occasional,1,0,0,6.3,Low,Average,0
P1582,31,Male,33.2,136,82,158,20.1,High,Former,None,1,0,0,6.8,Moderate,Poor,0
P1583,50,Female,31.5,135,104,154,29.0,Moderate,Current,Occasional,1,0,0,8.1,Moderate,Average,0
P1584,44,Female,25.1,135,109,162,15.2,Moderate,Former,Occasional,1,1,0,7.0,Moderate,Average,0
P1585,58,Female,30.4,171,100,108,9.5,Moderate,Never,None,1,1,1,7.6,Low,Good,0
P1586,38,Female,26.9,125,98,165,15.3,Moderate,Never,Occasional,0,0,0,5.9,Moderate,Average,0
P1587,69,Female,20.1,134,99,162,26.0,Low,Never,Occasional,0,1,0,6.8,High,Poor,0
P1588,22,Male,30.0,111,115,186,39.3,Low,Current,None,1,0,0,6.1,Moderate,Poor,0
P1589,72,Male,27.3,157,127,161,15.4,Low,Former,None,0,0,0,4.8,High,Average,0
P1590,19,Male,40.0,100,116,185,27.6,Moderate,Current,None,0,0,0,5.7,Moderate,Good,0
P1591,64,Male,34.1,130,119,186,24.4,Moderate,Never,Frequent,1,0,0,7.3,Moderate,Average,0
P1592,39,Female,30.2,135,106,145,36.7,High,Never,None,1,0,0,7.5,Moderate,Good,0
P1593,42,Male,27.8,122,108,174,26.3,Low,Former,None,0,0,0,7.7,Moderate,Poor,0
P1594,19,Female,27.4,111,101,157,30.3,Moderate,Former,None,0,0,0,7.4,High,Average,0
P1595,62,Female,21.3,147,108,128,20.6,Low,Never,None,0,0,0,6.5,Low,Good,0
P1596,28,Male,17.5,110,65,120,2.0,Moderate,Former,Occasional,0,0,0,4.6,Moderate,Average,0
P1597,59,Female,22.0,120,95,130,4.4,Moderate,Never,Occasional,0,0,0,5.4,Moderate,Average,0
P1598,63,Male,26.3,128,113,135,12.6,Moderate,Former,None,1,1,0,8.1,Moderate,Average,0
P1599,71,Male,15.6,152,81,132,7.8,Moderate,Former,None,0,1,1,5.8,Moderate,Good,0
P1600,62,Male,23.7,139,65,111,8.6,Low,Never,Occasional,1,0,0,6.7,Low,Good,0
P1601,36,Male,25.2,115,91,162,11.3,Moderate,Former,Occasional,0,0,0,6.9,Moderate,Average,0
P1602,64,Female,25.4,126,87,138,21.2,Moderate,Never,Occasional,0,0,0,5.1,Moderate,Good,0
P1603,70,Male,23.1,143,124,184,16.3,Moderate,Never,None,0,1,0,7.2,Moderate,Poor,0
P1604,37,Male,24.7,139,103,159,25.2,Low,Current,Frequent,1,1,0,8.6,Moderate,Average,0
P1605,25,Male,35.5,107,101,169,30.3,Moderate,Current,None,1,0,0,6.8,High,Average,0
P1606,74,Male,29.9,141,87,123,16.1,Moderate,Never,Occasional,0,1,1,6.5,Low,Poor,0
P1607,27,Female,23.6,105,95,146,15.4,High,Former,Occasional,0,0,0,5.4,Moderate,Average,0
P1608,55,Female,26.1,134,114,160,5.9,Low,Never,None,0,1,0,6.5,Moderate,Average,0
P1609,32,Male,26.4,123,91,150,2.0,High,Current,None,0,0,0,7.4,High,Average,0
P1610,25,Female,22.5,137,92,143,17.7,High,Never,Occasional,0,0,0,6.8,Moderate,Average,0
P1611,66,Male,22.5,141,86,123,20.7,Low,Never,Occasional,0,0,0,6.3,High,Average,0
P1612,27,Male,31.8,116,120,165,25.9,Moderate,Never,Frequent,1,0,0,8.0,Moderate,Average,0
P1613,60,Female,24.3,144,108,182,12.3,Low,Current,Occasional,0,0,0,6.5,Moderate,Average,0
P1614,61,Male,20.8,143,65,90,2.0,Low,Current,Frequent,1,0,0,6.3,High,Average,0
P1615,21,Male,26.3,108,72,132,26.5,Moderate,Never,Occasional,1,0,0,7.0,Low,Average,0
P1616,28,Male,27.1,141,123,192,23.9,Low,Never,Occasional,1,0,0,8.4,High,Average,1
P1617,68,Male,16.2,144,98,152,14.3,Low,Never,Frequent,0,1,0,6.6,Moderate,Average,0
P1618,49,Female,26.3,131,79,159,17.1,Moderate,Never,Occasional,0,0,0,5.7,High,Average,0
P1619,25,Male,31.0,121,80,145,19.0,High,Never,None,0,0,0,7.5,Low,Average,0
P1620,80,Male,28.8,150,110,165,12.1,Low,Current,Occasional,0,0,0,6.4,Low,Good,0
P1621,34,Male,38.1,141,111,156,34.2,Low,Never,None,0,1,0,7.5,Low,Average,0
P1622,18,Female,33.0,106,101,158,21.0,Low,Never,Frequent,0,0,0,4.3,Low,Average,0
P1623,76,Female,34.0,157,125,187,25.0,Low,Current,Occasional,1,1,0,6.8,Low,Good,1
P1624,19,Female,41.1,114,122,176,50.4,High,Never,Occasional,0,0,0,6.5,Moderate,Average,0
P1625,52,Female,30.4,146,129,167,24.0,Moderate,Never,Frequent,0,1,0,5.6,Low,Good,0
P1626,80,Female,27.3,149,137,167,2.0,Moderate,Current,None,0,1,0,5.3,Low,Average,0
P1627,54,Female,31.6,128,102,155,19.4,Moderate,Current,Occasional,0,0,0,6.5,Moderate,Good,0
P1628,54,Female,23.6,144,83,107,5.9,High,Never,None,0,1,1,5.5,Moderate,Average,0
P1629,42,Male,27.1,129,102,143,17.2,Moderate,Never,None,0,0,0,3.5,Low,Average,0
P1630,25,Male,23.1,108,108,116,2.6,High,Former,None,1,0,0,5.4,Moderate,Good,0
P1631,54,Male,28.6,150,104,167,23.7,Moderate,Never,Occasional,1,1,0,5.3,Moderate,Good,0
P1632,74,Male,23.1,150,106,172,11.4,High,Never,None,1,0,0,6.8,Moderate,Poor,0
P1633,23,Male,22.9,114,73,122,9.3,Moderate,Never,Frequent,0,0,0,5.4,Low,Poor,0
P1634,73,Female,28.7,143,113,192,22.3,High,Current,None,1,1,1,6.8,Moderate,Good,0
P1635,44,Female,25.8,130,78,148,15.9,Low,Never,None,1,0,0,5.7,Moderate,Average,0
P1636,51,Male,16.5,137,75,128,10.9,Moderate,Never,None,1,0,0,7.7,Moderate,Poor,0
P1637,28,Male,18.9,102,75,119,10.2,Moderate,Former,None,0,0,0,7.2,Moderate,Poor,0
P1638,57,Male,20.5,142,101,142,11.9,Moderate,Never,Occasional,1,1,1,6.4,Low,Average,0
P1639,29,Female,21.9,125,108,164,15.4,Moderate,Never,Frequent,0,0,0,7.0,Moderate,Good,0
P1640,35,Male,28.7,98,94,141,21.8,Low,Current,None,0,0,0,7.5,Moderate,Poor,0
P1641,63,Male,27.6,139,74,132,27.7,High,Former,None,0,0,0,6.9,Moderate,Average,0
P1642,21,Male,32.0,121,101,161,19.7,Moderate,Never,None,0,0,0,7.0,Moderate,Poor,0
P1643,46,Female,30.4,133,109,155,24.7,Low,Current,Occasional,1,0,0,4.3,High,Average,0
P1644,55,Male,32.1,140,113,181,44.7,Moderate,Never,None,1,0,0,6.2,Moderate,Good,0
P1645,26,Female,29.7,118,105,151,21.3,Moderate,Never,None,0,1,0,5.9,Moderate,Average,0
P1646,36,Female,27.6,112,118,167,20.1,Low,Never,Occasional,0,0,0,8.1,Moderate,Good,0
P1647,39,Male,32.2,106,110,145,14.9,Low,Former,Occasional,0,0,0,6.3,Low,Good,0
P1648,59,Female,31.3,145,108,154,18.1,Moderate,Never,None,0,0,1,6.0,High,Average,0
P1649,79,Female,28.5,153,96,180,18.9,Moderate,Never,Occasional,0,0,0,7.5,Moderate,Poor,0
P1650,70,Female,33.1,152,91,127,29.6,Low,Never,Occasional,0,0,0,5.0,Moderate,Average,0
P1651,29,Male,15.0,111,73,125,17.2,Low,Never,None,0,0,0,6.7,High,Good,0
P1652,19,Female,25.0,121,92,133,18.2,Moderate,Former,Occasional,0,0,0,4.4,Moderate,Average,0
P1653,21,Female,24.9,104,80,93,21.9,Low,Never,None,0,1,0,5.9,Low,Average,0
P1654,55,Male,32.5,124,111,171,17.5,High,Never,None,0,0,0,6.2,Moderate,Poor,0
P1655,27,Male,34.7,118,109,151,31.9,Moderate,Never,None,0,0,0,8.5,High,Poor,0
P1656,32,Female,19.0,126,69,120,12.1,High,Current,Occasional,1,0,0,6.6,High,Good,0
P1657,71,Female,33.8,158,106,173,27.6,Low,Never,Occasional,0,0,0,5.7,Moderate,Good,1
P1658,73,Female,20.4,140,93,143,9.1,Low,Never,Occasional,0,0,1,6.6,High,Average,0
P1659,70,Female,20.6,132,85,137,4.4,Moderate,Never,None,0,0,0,8.5,Moderate,Average,0
P1660,33,Male,25.3,111,83,117,6.2,Low,Current,Occasional,1,0,0,4.3,Moderate,Average,0
P1661,57,Male,24.8,127,83,142,17.9,Low,Never,Frequent,0,0,0,7.7,Moderate,Average,0
P1662,56,Female,18.4,155,79,122,16.0,Moderate,Never,Occasional,0,0,0,7.3,Low,Average,0
P1663,29,Male,29.9,126,114,132,21.6,Moderate,Never,Occasional,0,0,0,6.7,Low,Good,0
P1664,52,Male,30.0,142,108,171,22.1,Low,Never,Occasional,0,0,0,6.4,Moderate,Good,0
P1665,51,Female,32.0,128,106,175,18.7,Low,Never,Frequent,1,0,0,8.5,Low,Average,0
P1666,42,Male,24.2,125,95,166,18.7,Low,Never,Occasional,1,0,0,7.7,Moderate,Average,0
P1667,65,Male,26.3,145,118,201,19.1,Moderate,Never,Occasional,0,0,0,5.6,High,Good,0
P1668,60,Male,26.3,135,112,173,15.2,Low,Never,Occasional,0,1,0,6.8,High,Average,0
P1669,51,Male,35.3,127,120,180,36.5,Moderate,Former,Frequent,0,0,0,8.3,Low,Good,0
P1670,63,Male,15.0,130,83,145,17.2,Moderate,Never,Frequent,1,0,0,7.4,High,Good,0
P1671,66,Male,21.5,134,87,120,2.0,Moderate,Never,None,0,0,0,7.1,Moderate,Poor,0
P1672,53,Male,26.5,137,107,129,18.4,High,Never,Occasional,1,1,0,5.2,Low,Average,0
P1673,34,Male,20.9,113,75,114,4.3,High,Current,None,1,0,0,9.6,Moderate,Poor,0
P1674,65,Female,25.2,141,75,144,17.0,Low,Current,None,0,0,0,7.7,Low,Good,0
P1675,63,Female,25.8,145,110,148,2.0,Low,Former,Occasional,0,1,0,8.9,Moderate,Poor,0
P1676,79,Female,23.1,144,100,155,14.9,Moderate,Current,None,0,0,0,7.2,Moderate,Average,0
P1677,27,Female,26.8,109,90,148,23.5,Moderate,Never,Occasional,0,0,0,6.8,Moderate,Average,0
P1678,44,Male,29.8,127,118,172,21.9,Low,Never,None,1,0,0,6.0,High,Good,0
P1679,76,Female,25.3,144,96,124,6.6,High,Never,Occasional,0,1,0,8.0,High,Good,0
P1680,50,Female,24.1,130,67,120,30.2,High,Never,None,0,0,0,8.6,Moderate,Average,0
P1681,77,Male,25.6,160,97,138,25.6,High,Current,None,0,1,0,8.0,Moderate,Average,0
P1682,18,Male,26.5,99,70,146,13.2,Low,Never,Occasional,0,0,0,9.5,Moderate,Average,0
P1683,20,Female,17.5,135,77,141,9.9,Moderate,Never,Occasional,0,0,0,7.0,Moderate,Average,0
P1684,68,Female,28.9,144,102,145,4.6,Moderate,Never,Occasional,1,1,0,6.1,Moderate,Poor,0
P1685,40,Male,24.2,128,104,180,18.7,Low,Current,Occasional,0,0,0,7.1,Moderate,Average,0
P1686,50,Male,33.1,122,125,181,16.4,Low,Current,Occasional,0,0,0,7.8,Moderate,Average,0
P1687,44,Male,29.6,138,90,113,26.5,Low,Former,None,1,0,0,6.5,Moderate,Poor,0
P1688,43,Male,32.6,124,98,147,32.9,High,Never,None,0,0,0,6.7,High,Average,0
P1689,77,Female,21.2,146,105,178,11.8,Moderate,Current,None,0,1,0,7.1,Low,Good,0
P1690,23,Female,24.6,109,102,137,6.8,Moderate,Current,None,1,0,0,7.4,Moderate,Good,0
P1691,66,Male,20.0,141,65,110,22.0,Low,Former,Occasional,0,1,0,7.0,High,Average,0
P1692,74,Female,22.8,152,104,129,13.3,High,Never,None,1,1,0,7.1,Moderate,Average,0
P1693,59,Female,33.0,141,89,121,25.9,High,Never,None,1,1,1,7.6,Low,Average,0
P1694,42,Female,34.2,125,105,143,19.6,Moderate,Former,Occasional,0,0,0,7.7,High,Poor,0
P1695,28,Male,20.5,110,95,122,13.5,Low,Current,Occasional,1,0,0,6.2,Low,Poor,0
P1696,61,Female,24.1,128,136,174,15.8,Low,Never,Frequent,1,0,0,4.6,Moderate,Good,0
P1697,47,Female,26.1,123,92,168,6.3,Moderate,Never,Occasional,0,0,0,5.6,Moderate,Good,0
P1698,27,Female,29.5,122,82,131,31.7,High,Never,None,1,0,0,7.4,High,Average,0
P1699,40,Male,17.3,136,75,133,26.1,High,Current,None,1,1,0,5.9,Moderate,Average,0
P1700,78,Male,18.2,153,85,148,20.1,Low,Never,None,0,0,0,7.1,High,Average,0
P1701,34,Female,29.0,126,97,129,27.4,Low,Current,None,0,1,0,6.7,Moderate,Average,0
P1702,29,Male,16.4,127,65,97,26.1,Moderate,Never,Occasional,0,1,0,6.9,Low,Poor,0
P1703,60,Female,24.2,133,88,148,6.3,Low,Never,Frequent,0,0,0,7.4,Low,Good,0
P1704,30,Male,27.3,101,101,140,10.0,Moderate,Never,None,0,0,0,8.2,Low,Good,0
P1705,75,Female,28.7,146,111,171,17.6,Moderate,Never,None,0,1,0,6.8,Moderate,Average,0
P1706,72,Male,25.8,138,87,162,18.9,High,Never,None,0,0,0,5.5,Moderate,Average,0
P1707,79,Male,24.6,135,89,114,12.8,Low,Never,Occasional,0,0,0,7.2,Low,Poor,0
P1708,75,Male,30.9,138,105,149,14.9,Moderate,Never,Frequent,0,0,0,7.7,High,Average,0
P1709,33,Male,28.0,122,83,129,19.2,Moderate,Never,None,1,0,0,4.1,Moderate,Average,0
P1710,31,Male,23.1,108,76,115,12.6,Moderate,Never,Occasional,1,0,0,5.9,Low,Poor,0
P1711,39,Male,26.7,116,105,144,24.8,Moderate,Current,None,0,0,0,6.8,Moderate,Good,0
P1712,47,Male,28.5,143,98,139,20.2,High,Never,Occasional,0,0,0,6.2,Moderate,Poor,0
P1713,73,Female,35.4,131,103,154,13.1,Moderate,Current,None,1,1,0,7.0,Low,Average,0
P1714,64,Female,30.6,135,123,176,27.2,Low,Never,None,0,0,0,6.1,High,Average,0
P1715,58,Female,32.8,122,118,184,39.1,Moderate,Former,Occasional,1,0,0,7.9,Low,Average,1
P1716,73,Male,23.3,135,75,122,13.8,High,Never,None,0,0,0,6.9,Low,Poor,0
P1717,58,Female,23.8,132,87,152,22.1,Low,Never,None,0,0,0,4.6,Moderate,Good,0
P1718,41,Female,25.3,115,82,121,11.9,Low,Former,None,0,0,0,7.7,Moderate,Average,0
P1719,44,Male,25.8,132,104,133,21.4,Low,Current,None,0,0,0,7.8,Moderate,Average,0
P1720,50,Female,21.3,143,80,122,6.0,Moderate,Never,Occasional,1,0,0,6.8,Low,Average,0
P1721,23,Female,33.1,123,106,164,23.8,Moderate,Never,None,1,0,0,4.6,Low,Good,0
P1722,64,Male,31.1,148,107,171,21.6,Low,Former,Occasional,0,0,0,7.9,Moderate,Poor,0
P1723,59,Male,24.9,121,74,145,19.3,Low,Current,Occasional,0,0,0,5.6,High,Good,0
P1724,64,Male,29.8,140,134,188,17.5,Moderate,Former,None,1,1,0,6.4,Moderate,Average,0
P1725,51,Male,27.7,135,109,170,7.8,Moderate,Never,None,1,0,0,6.1,Moderate,Good,0
P1726,67,Female,30.2,153,105,177,26.0,Low,Never,Occasional,0,1,0,5.1,High,Good,0
P1727,77,Female,19.5,167,96,130,15.5,Moderate,Current,Occasional,0,1,1,6.8,High,Average,0
P1728,53,Female,25.7,142,109,154,18.1,Low,Never,Occasional,0,0,0,7.0,Moderate,Average,0
P1729,45,Male,26.2,141,103,196,24.7,Low,Never,Occasional,0,1,0,6.9,Low,Average,0
P1730,24,Male,29.7,142,121,184,21.3,Low,Former,Occasional,1,0,0,6.5,Low,Good,0
P1731,67,Female,23.2,145,141,197,19.0,Low,Never,Occasional,1,1,1,5.9,Moderate,Average,1
P1732,74,Male,15.0,140,74,133,9.2,Low,Never,Occasional,1,0,0,8.6,Moderate,Good,0
P1733,62,Female,20.9,138,79,104,9.9,Low,Never,Occasional,0,0,0,7.0,Moderate,Average,0
P1734,72,Female,26.2,133,87,125,19.8,Low,Current,Frequent,1,0,0,5.7,Moderate,Poor,0
P1735,72,Male,26.8,147,78,110,35.9,Moderate,Current,Frequent,0,1,0,7.3,Moderate,Poor,0
P1736,68,Female,35.3,122,137,195,36.9,Moderate,Never,None,0,0,0,7.2,Low,Average,0
P1737,49,Male,29.5,124,99,143,25.4,Low,Current,Occasional,0,0,0,7.5,Moderate,Good,0
P1738,24,Male,26.9,114,106,156,24.5,Moderate,Former,None,0,0,0,6.8,Moderate,Poor,0
P1739,18,Male,26.3,121,106,149,2.0,Low,Never,Frequent,1,0,0,6.1,High,Average,0
P1740,30,Male,32.2,130,91,115,26.8,High,Never,None,1,0,0,5.2,Moderate,Average,0
P1741,45,Male,23.4,117,76,138,21.0,Low,Current,Occasional,0,0,0,6.2,Moderate,Average,0
P1742,64,Female,25.8,163,129,149,19.6,Low,Never,None,0,1,0,4.8,Moderate,Poor,0
P1743,46,Female,20.8,129,83,118,11.7,Moderate,Never,Frequent,0,0,0,7.2,Moderate,Poor,0
P1744,19,Male,33.9,115,99,129,18.8,Low,Former,Frequent,0,0,0,4.9,Moderate,Good,0
P1745,31,Female,28.5,103,83,118,16.3,Low,Former,Occasional,0,0,0,6.4,Low,Poor,0
P1746,79,Female,22.8,144,99,149,6.3,Low,Never,None,1,1,0,7.7,Low,Average,0
P1747,80,Male,25.9,162,129,197,27.0,Moderate,Former,Occasional,0,1,1,6.5,Moderate,Poor,1
P1748,41,Male,29.2,126,111,135,33.5,Low,Former,None,1,0,0,6.7,Moderate,Poor,0
P1749,68,Male,25.2,146,107,146,31.9,Low,Current,Frequent,1,1,0,7.3,Moderate,Poor,0
P1750,63,Female,23.7,144,122,142,9.0,High,Former,None,0,1,0,7.4,Low,Average,0
P1751,76,Female,23.1,134,121,159,9.7,Low,Never,Occasional,0,1,0,8.0,Low,Good,0
P1752,73,Male,28.3,146,117,167,14.9,Low,Current,None,0,1,0,7.5,Moderate,Average,0
P1753,57,Female,24.6,148,133,193,9.6,Moderate,Never,Frequent,0,0,0,7.2,Moderate,Average,0
P1754,42,Male,24.1,136,87,101,6.5,Low,Never,Occasional,1,0,0,4.4,Moderate,Good,0
P1755,57,Female,19.6,132,99,154,7.9,Moderate,Never,Frequent,0,0,0,7.1,Low,Average,0
P1756,38,Female,26.9,139,90,123,24.9,Low,Never,None,1,0,0,8.8,Moderate,Average,0
P1757,39,Female,25.6,111,106,135,11.1,Low,Never,Occasional,0,0,0,7.6,Moderate,Average,0
P1758,56,Male,24.8,123,91,140,23.8,Moderate,Never,None,0,0,0,8.0,Moderate,Good,0
P1759,53,Male,27.5,150,106,165,30.0,High,Never,Occasional,0,0,0,6.0,Low,Poor,0
P1760,54,Female,30.4,138,140,188,27.6,Moderate,Former,None,1,0,0,6.7,Moderate,Average,0
P1761,42,Male,30.1,122,117,149,32.9,Low,Never,Occasional,0,0,0,7.5,Low,Poor,0
P1762,43,Male,29.4,125,109,157,10.7,Moderate,Never,Occasional,1,0,0,7.3,Moderate,Average,0
P1763,18,Male,25.2,104,78,114,11.4,High,Former,None,0,0,0,7.7,Low,Average,0
P1764,55,Female,23.6,135,94,151,15.4,Moderate,Never,Occasional,0,0,0,5.4,Low,Good,0
P1765,54,Male,21.1,139,79,143,13.8,High,Current,Occasional,0,1,0,5.8,High,Average,0
P1766,76,Female,23.4,144,107,171,25.7,Moderate,Never,Occasional,0,0,0,5.2,High,Average,0
P1767,49,Female,26.6,117,109,157,10.2,High,Former,Occasional,1,0,0,7.1,High,Poor,0
P1768,47,Female,22.4,131,85,150,8.2,Low,Never,None,0,0,0,6.6,Moderate,Average,0
P1769,22,Female,27.0,109,116,148,18.6,High,Former,Occasional,0,0,0,6.6,Moderate,Average,0
P1770,30,Male,21.5,109,104,179,8.2,High,Current,Occasional,0,0,0,6.0,Low,Poor,0
P1771,39,Female,17.9,136,78,107,3.7,Moderate,Never,None,0,0,0,5.8,Moderate,Average,0
P1772,41,Female,30.8,151,120,138,20.3,High,Current,Frequent,0,1,0,6.8,Low,Average,0
P1773,40,Female,24.0,144,82,151,12.4,Moderate,Never,Occasional,0,0,0,8.1,High,Average,0
P1774,42,Female,22.1,132,82,118,23.7,Moderate,Current,None,0,0,0,8.7,High,Good,0
P1775,66,Female,20.8,141,79,127,3.8,Moderate,Never,None,0,1,0,8.7,Moderate,Average,0
P1776,26,Female,28.7,116,91,124,26.6,Moderate,Never,Occasional,0,0,0,6.2,Moderate,Good,0
P1777,38,Female,33.6,127,109,198,36.8,Moderate,Former,Frequent,1,0,0,5.4,Moderate,Good,0
P1778,28,Male,24.4,113,65,142,10.8,Moderate,Never,Occasional,0,0,0,7.9,Moderate,Poor,0
P1779,37,Male,25.4,136,100,173,18.2,Moderate,Current,Occasional,0,0,0,8.3,Moderate,Good,0
P1780,61,Male,32.1,115,126,178,30.8,High,Current,Frequent,0,0,0,7.3,High,Average,0
P1781,20,Female,17.1,110,71,132,15.3,Low,Former,None,0,0,0,6.8,Low,Good,0
P1782,39,Male,36.7,137,87,138,30.3,Moderate,Never,None,1,1,0,6.0,Moderate,Good,0
P1783,19,Male,39.2,104,116,187,28.5,Moderate,Current,Occasional,0,0,0,7.5,Low,Good,0
P1784,78,Female,15.0,143,65,103,17.3,High,Current,Occasional,0,0,0,7.5,Low,Average,0
P1785,63,Male,26.0,143,90,164,13.8,Low,Former,None,0,0,0,7.1,Moderate,Average,0
P1786,33,Female,22.8,135,106,146,13.7,Moderate,Never,Occasional,0,0,0,5.5,High,Average,0
P1787,30,Female,25.1,106,65,107,17.1,Low,Never,None,0,0,0,5.6,Low,Good,0
P1788,24,Male,24.3,107,83,123,21.6,Moderate,Never,Occasional,0,1,0,6.7,Moderate,Poor,0
P1789,47,Male,30.7,118,117,170,39.2,Moderate,Current,Frequent,0,0,0,8.1,Moderate,Average,0
P1790,65,Female,25.9,122,89,131,10.8,Moderate,Never,None,1,0,0,7.9,Moderate,Average,0
P1791,54,Female,21.8,117,77,132,12.4,Moderate,Never,Occasional,0,0,0,6.3,Moderate,Average,0
P1792,73,Female,25.6,133,128,169,6.7,Low,Never,Frequent,0,0,0,4.6,Low,Average,0
P1793,39,Female,29.2,136,106,168,33.0,Moderate,Never,None,0,0,0,8.4,Low,Good,0
P1794,35,Male,20.3,118,94,165,12.4,High,Former,None,0,0,0,8.3,Moderate,Poor,0
P1795,48,Female,17.9,129,85,132,9.6,Moderate,Current,Frequent,0,0,0,6.9,Moderate,Average,0
P1796,30,Male,36.9,109,119,207,31.8,Low,Current,Occasional,0,0,0,6.3,Low,Average,0
P1797,79,Male,23.2,152,113,178,15.3,Moderate,Never,None,0,0,0,6.4,Moderate,Average,0
P1798,29,Female,25.8,137,118,200,12.1,Moderate,Never,None,0,0,0,7.9,Low,Average,0
P1799,48,Male,24.4,125,76,123,24.4,Moderate,Never,None,0,1,0,7.4,Moderate,Poor,0
P1800,50,Female,29.4,152,110,133,26.8,Moderate,Current,Occasional,0,1,1,6.3,Low,Poor,0
P1801,21,Female,35.7,122,118,158,36.2,High,Current,Occasional,0,1,0,9.4,Moderate,Average,0
P1802,47,Male,29.5,128,97,137,15.6,High,Never,Occasional,0,0,0,5.0,Low,Poor,0
P1803,46,Female,18.6,136,100,131,6.1,Low,Never,None,1,1,0,6.1,Moderate,Average,0
P1804,34,Female,19.3,125,82,93,11.1,Moderate,Current,Frequent,0,0,0,6.1,Moderate,Good,0
P1805,26,Male,24.4,135,115,179,22.5,Moderate,Never,None,1,0,0,6.9,Moderate,Poor,0
P1806,20,Female,25.1,118,104,122,20.1,High,Never,None,0,0,0,8.2,Moderate,Average,0
P1807,18,Male,17.5,122,98,158,5.8,Low,Never,Frequent,0,1,0,7.8,High,Good,0
P1808,48,Female,30.8,124,89,174,27.9,Low,Never,None,1,0,0,7.0,High,Good,0
P1809,23,Male,20.9,123,69,103,4.2,Moderate,Never,Occasional,0,0,0,5.2,Moderate,Good,0
P1810,78,Female,34.3,140,116,173,22.7,Moderate,Former,Occasional,1,1,0,7.9,Moderate,Poor,0
P1811,33,Female,36.0,121,133,178,32.7,Low,Former,None,1,0,0,5.4,Moderate,Average,0
P1812,59,Female,25.2,168,89,150,6.5,High,Never,Occasional,0,1,0,6.3,High,Good,0
P1813,60,Male,28.8,110,91,121,12.5,Low,Never,Frequent,0,0,0,6.7,High,Poor,0
P1814,49,Female,20.1,131,67,111,24.4,Low,Never,None,0,0,0,5.8,Low,Poor,0
P1815,73,Male,29.7,145,147,215,35.9,Low,Never,Frequent,0,0,0,5.8,Low,Average,1
P1816,24,Male,23.9,113,85,132,32.6,Low,Never,None,1,0,0,7.9,Moderate,Poor,0
P1817,32,Female,20.8,118,89,109,15.6,Low,Never,Frequent,0,0,0,8.5,Moderate,Average,0
P1818,33,Female,25.0,121,75,143,20.8,Moderate,Current,None,0,0,0,6.7,High,Average,0
P1819,26,Female,24.1,114,101,128,13.4,Low,Never,Occasional,0,0,0,4.7,High,Average,0
P1820,36,Male,24.8,124,66,115,12.6,Moderate,Never,Occasional,1,0,0,7.1,Low,Average,0
P1821,37,Female,31.4,118,92,152,30.3,Moderate,Former,None,0,0,0,6.0,Moderate,Average,0
P1822,66,Female,22.4,164,88,137,23.4,Moderate,Never,None,0,1,0,7.2,High,Good,0
P1823,37,Female,35.5,125,125,217,36.5,High,Never,Occasional,0,1,1,7.2,Moderate,Good,1
P1824,73,Male,19.6,153,82,140,5.3,High,Never,Occasional,1,1,1,4.5,Low,Poor,0
P1825,66,Female,34.9,137,147,195,34.4,Moderate,Never,None,0,1,0,6.3,Moderate,Poor,1
P1826,74,Female,21.2,157,104,160,6.2,Low,Never,Occasional,1,1,0,7.5,Low,Good,0
P1827,24,Female,26.5,123,83,135,14.8,Moderate,Former,None,0,0,0,6.7,Moderate,Poor,0
P1828,80,Male,24.0,155,118,166,28.9,Low,Never,Occasional,1,1,1,5.5,High,Average,1
P1829,56,Male,24.7,123,89,141,5.6,Moderate,Never,Occasional,1,0,0,7.6,High,Poor,0
P1830,79,Male,30.7,138,103,146,40.0,Moderate,Former,Occasional,0,0,0,4.8,Moderate,Average,0
P1831,40,Female,34.3,141,125,180,33.2,Low,Never,Occasional,1,0,0,7.1,Low,Good,0
P1832,78,Male,32.7,137,81,124,21.1,Moderate,Never,None,1,0,1,6.2,Moderate,Poor,0
P1833,55,Male,24.4,139,104,121,15.7,High,Never,None,0,0,0,7.3,Low,Average,0
P1834,22,Female,27.5,105,84,151,13.1,Moderate,Never,None,1,0,0,6.5,Moderate,Average,0
P1835,43,Male,22.4,136,77,115,8.1,Moderate,Never,Occasional,1,0,0,7.4,Moderate,Average,0
P1836,26,Female,21.3,110,109,158,13.3,Moderate,Never,None,0,0,0,8.4,Moderate,Good,0
P1837,77,Female,20.5,135,81,115,9.4,Moderate,Never,None,0,0,0,7.6,Moderate,Poor,0
P1838,37,Male,24.2,115,103,139,7.4,Low,Never,None,0,0,0,7.6,Moderate,Average,0
P1839,32,Male,27.8,119,108,140,17.8,Moderate,Current,None,0,1,0,7.5,Moderate,Good,0
P1840,52,Female,16.6,135,81,141,2.0,Low,Never,Occasional,1,0,0,4.7,High,Poor,0
P1841,44,Male,26.3,127,92,159,7.0,Moderate,Never,Frequent,0,0,0,6.9,High,Poor,0
P1842,24,Female,34.4,109,113,165,17.7,Low,Never,None,1,1,1,7.1,Moderate,Average,0
P1843,69,Male,32.3,145,142,184,41.1,High,Never,None,1,1,0,7.5,High,Average,1
P1844,71,Male,23.5,135,114,134,18.2,Moderate,Never,None,1,1,0,6.7,Moderate,Poor,0
P1845,64,Male,19.2,149,84,143,16.8,Low,Never,Occasional,0,1,0,7.7,Moderate,Average,0
P1846,56,Female,28.9,141,89,128,20.4,Moderate,Never,Occasional,0,0,0,5.6,Moderate,Average,0
P1847,43,Male,15.0,131,69,96,16.1,Moderate,Current,None,0,1,0,9.2,Low,Average,0
P1848,52,Male,32.3,133,124,175,35.7,Moderate,Current,None,0,0,0,7.5,High,Average,0
P1849,50,Male,25.4,147,111,154,20.2,Low,Never,Frequent,0,0,0,5.7,Moderate,Average,0
P1850,28,Male,36.0,116,122,150,43.7,Moderate,Former,Occasional,0,0,0,8.4,Low,Good,0
P1851,23,Male,17.5,105,65,90,11.7,Moderate,Never,Occasional,0,0,0,5.5,Low,Good,0
P1852,33,Female,31.3,126,115,171,29.2,Low,Current,None,1,0,0,6.8,Moderate,Average,0
P1853,46,Female,26.0,116,113,151,23.5,Moderate,Never,Occasional,0,0,0,6.9,Moderate,Average,0
P1854,28,Male,24.8,115,92,148,7.9,Low,Former,Occasional,0,0,0,6.3,Moderate,Average,0
P1855,24,Female,19.4,109,104,152,12.7,High,Never,None,0,0,0,6.7,Moderate,Good,0
P1856,71,Female,29.6,134,89,155,6.4,High,Former,None,0,0,0,6.9,Moderate,Poor,0
P1857,41,Female,30.0,122,113,149,21.6,Low,Never,None,0,0,0,5.5,Moderate,Average,1
P1858,54,Female,35.8,141,104,160,26.6,Low,Never,Occasional,0,0,0,7.1,Low,Poor,0
P1859,51,Male,31.7,146,130,191,23.3,Low,Never,None,1,1,0,6.8,Low,Good,0
P1860,64,Female,23.4,147,101,138,10.5,High,Never,None,0,0,0,9.1,Low,Good,0
P1861,64,Female,21.3,146,120,185,17.7,Low,Never,Occasional,0,1,0,8.6,Moderate,Poor,0
P1862,36,Female,19.4,119,86,105,4.9,Moderate,Never,Occasional,0,0,0,5.9,Moderate,Good,0
P1863,71,Male,34.2,118,112,150,42.5,High,Never,Occasional,1,0,0,6.6,High,Average,0
P1864,41,Female,22.5,128,80,100,17.1,Low,Never,Occasional,0,0,0,6.0,Moderate,Good,0
P1865,70,Female,34.2,118,114,153,21.3,Moderate,Never,None,1,0,0,6.5,Moderate,Good,0
P1866,43,Female,29.2,107,95,142,25.8,Moderate,Never,None,0,0,0,7.8,Moderate,Poor,0
P1867,24,Male,28.2,114,115,177,28.6,Low,Never,None,0,0,0,6.7,Moderate,Average,0
P1868,65,Male,24.9,145,121,166,20.1,High,Never,Frequent,0,1,0,6.2,Moderate,Average,0
P1869,19,Female,29.9,108,78,118,13.4,Moderate,Current,Frequent,1,0,0,7.5,Moderate,Average,0
P1870,66,Male,26.4,154,100,124,35.2,Low,Never,Occasional,1,0,0,4.5,Moderate,Average,0
P1871,20,Male,24.6,118,88,116,20.2,Moderate,Former,None,0,0,0,6.3,Low,Average,0
P1872,31,Female,30.1,117,91,146,11.7,Moderate,Never,None,0,0,0,8.4,Low,Average,0
P1873,56,Female,25.8,147,103,165,18.5,Moderate,Never,Occasional,0,0,0,8.5,Moderate,Average,0
P1874,77,Male,22.3,160,113,153,11.6,Low,Never,None,1,0,0,8.4,Moderate,Average,0
P1875,43,Male,29.6,131,115,184,22.4,Moderate,Never,Frequent,1,0,0,5.3,High,Good,0
P1876,25,Male,26.2,108,111,144,8.4,Low,Current,Occasional,0,0,0,5.3,Low,Average,0
P1877,32,Male,29.0,119,96,139,20.8,Moderate,Never,Frequent,0,1,0,6.2,Low,Good,0
P1878,74,Male,24.1,133,104,147,8.2,Low,Never,Frequent,0,1,0,6.8,Moderate,Poor,0
P1879,63,Female,20.2,141,82,153,9.2,Moderate,Former,None,1,1,0,5.9,Moderate,Poor,0
P1880,24,Female,35.5,105,116,170,32.6,Moderate,Former,None,0,0,0,4.8,Low,Average,0
P1881,42,Male,34.5,127,125,148,25.2,Low,Never,Occasional,0,1,0,7.9,Low,Poor,0
P1882,34,Male,31.1,123,118,183,22.0,Low,Never,Occasional,1,0,0,7.7,Low,Average,0
P1883,29,Female,24.5,98,107,184,22.1,Moderate,Current,Frequent,0,0,0,6.1,High,Average,0
P1884,71,Male,24.9,134,114,158,9.5,Low,Never,None,0,1,0,7.7,High,Poor,0
P1885,56,Male,33.7,128,102,139,21.0,Low,Never,Occasional,0,0,0,7.9,High,Poor,0
P1886,29,Male,24.7,118,70,132,5.2,Moderate,Current,Occasional,1,0,0,3.9,Low,Average,0
P1887,58,Female,23.2,134,106,185,7.3,Moderate,Current,None,0,1,0,7.6,Moderate,Good,0
P1888,44,Male,36.2,124,138,203,33.1,Low,Current,Occasional,0,0,0,6.7,Moderate,Average,0
P1889,21,Male,26.3,107,91,113,22.3,Moderate,Never,None,1,0,0,3.8,Moderate,Average,0
P1890,46,Female,35.7,113,95,159,22.0,Low,Current,None,1,0,0,8.0,Low,Poor,0
P1891,29,Male,19.2,113,106,158,17.4,Moderate,Never,Occasional,0,0,0,6.9,Low,Average,0
P1892,33,Male,29.2,123,114,148,22.6,Moderate,Current,None,0,1,0,4.9,Low,Average,0
P1893,73,Male,37.3,139,127,200,21.5,Low,Former,Occasional,0,0,0,7.3,Moderate,Average,1
P1894,62,Female,26.7,137,83,139,19.0,Moderate,Never,None,0,0,0,7.0,High,Average,0
P1895,26,Female,25.1,121,90,159,25.3,Moderate,Never,Occasional,0,0,0,7.4,Low,Average,0
P1896,71,Female,20.4,153,104,133,2.0,High,Former,None,0,1,0,4.5,Moderate,Good,0
P1897,54,Male,32.1,130,124,181,42.1,Moderate,Never,Occasional,0,1,0,6.4,Low,Poor,0
P1898,73,Male,22.5,126,83,116,7.7,Moderate,Current,None,1,0,0,5.6,Low,Average,0
P1899,65,Female,26.0,156,105,157,4.0,Moderate,Current,Occasional,1,1,0,6.6,Moderate,Average,0
P1900,39,Female,20.1,127,72,142,13.1,Moderate,Former,Occasional,0,0,0,4.8,Moderate,Good,0
P1901,51,Male,34.6,126,145,174,37.4,Moderate,Never,None,1,1,1,5.5,Moderate,Average,0
P1902,51,Female,32.5,133,123,152,24.2,Moderate,Former,Occasional,0,0,0,8.6,Moderate,Poor,0
P1903,63,Female,26.3,147,92,156,19.7,Moderate,Former,None,0,0,0,8.2,Low,Poor,0
P1904,33,Female,20.5,138,65,111,29.0,Low,Never,None,0,0,0,8.0,Moderate,Poor,0
P1905,38,Female,34.5,131,123,193,30.5,High,Never,Occasional,0,1,0,8.6,Moderate,Average,0
P1906,33,Male,24.6,136,90,125,39.0,Low,Former,Occasional,1,1,0,4.6,High,Average,0
P1907,36,Male,20.8,110,76,123,22.1,Low,Never,Occasional,0,0,0,6.7,Moderate,Poor,0
P1908,28,Male,17.3,117,65,121,12.4,Low,Never,Frequent,1,0,0,7.1,Low,Poor,0
P1909,20,Male,23.1,110,70,121,15.7,High,Never,None,0,0,0,6.3,High,Good,0
P1910,77,Female,18.9,148,87,104,9.4,Moderate,Never,None,0,0,0,4.6,Moderate,Average,0
P1911,22,Female,23.3,130,81,174,15.6,Moderate,Never,Occasional,0,0,0,7.9,Low,Good,0
P1912,73,Female,30.4,145,145,198,30.2,High,Never,Occasional,0,0,0,7.5,High,Average,0
P1913,18,Male,24.5,103,95,121,11.8,Low,Never,None,0,0,0,6.1,Moderate,Average,0
P1914,66,Female,28.3,131,95,149,8.5,Low,Current,None,0,1,0,7.8,High,Average,0
P1915,38,Male,22.7,144,72,126,23.4,Low,Never,Frequent,0,1,0,6.9,Moderate,Poor,0
P1916,50,Female,26.8,135,103,168,25.8,Moderate,Never,None,1,0,0,7.6,Moderate,Average,0
P1917,35,Male,36.5,126,111,178,18.9,Moderate,Never,None,0,0,0,5.7,Moderate,Poor,0
P1918,48,Male,24.7,125,111,155,17.5,Low,Never,None,1,0,0,7.1,Moderate,Good,0
P1919,46,Male,28.5,130,105,127,28.4,Low,Never,None,0,0,0,7.1,Low,Average,0
P1920,51,Female,18.4,120,65,118,19.4,Moderate,Current,None,0,0,0,6.5,Moderate,Poor,0
P1921,42,Male,34.4,129,99,124,21.3,Low,Current,None,1,0,0,3.6,Low,Average,0
P1922,51,Male,24.0,118,82,149,22.3,Moderate,Never,None,0,0,0,7.0,Moderate,Good,0
P1923,70,Male,32.0,137,119,158,25.6,Moderate,Never,None,0,0,0,7.1,High,Good,0
P1924,45,Female,25.9,125,87,145,19.8,Low,Former,None,1,1,0,5.7,Low,Poor,0
P1925,40,Male,29.7,92,104,143,14.2,Low,Current,None,0,0,0,7.5,High,Good,0
P1926,26,Male,30.0,113,82,124,2.0,Moderate,Current,Frequent,0,0,0,7.1,Low,Average,0
P1927,40,Male,24.1,115,90,125,8.3,Moderate,Current,None,0,0,0,7.3,Moderate,Average,0
P1928,25,Male,32.2,114,110,172,29.3,Moderate,Never,None,1,0,0,6.3,Moderate,Good,0
P1929,29,Female,22.6,118,105,142,11.5,Moderate,Current,Occasional,0,0,0,4.7,High,Good,0
P1930,77,Female,30.5,167,121,183,29.1,High,Never,Occasional,1,1,0,4.8,Low,Average,1
P1931,23,Male,24.5,123,83,121,23.8,Moderate,Never,Occasional,1,1,0,7.6,Moderate,Good,0
P1932,48,Female,28.3,132,122,167,18.7,Low,Former,None,1,0,0,5.5,High,Average,0
P1933,70,Male,24.1,146,93,141,11.1,High,Never,Occasional,0,0,0,5.8,Low,Average,0
P1934,78,Female,26.8,159,121,172,2.0,Moderate,Never,Occasional,1,1,0,7.8,Low,Good,0
P1935,27,Male,20.9,121,72,104,2.0,Moderate,Never,None,1,0,0,4.2,Low,Good,0
P1936,28,Male,27.8,120,97,157,8.2,Moderate,Never,None,0,0,0,4.9,Low,Average,0
P1937,41,Male,26.7,132,85,129,22.1,Moderate,Never,None,0,0,0,7.7,Low,Good,0
P1938,52,Male,23.7,111,103,159,11.7,High,Never,None,0,1,0,6.9,Moderate,Average,0
P1939,78,Female,26.2,166,113,161,13.8,Low,Never,None,0,0,0,4.4,Low,Good,0
P1940,31,Female,27.2,135,88,146,13.1,Moderate,Never,None,1,0,0,6.3,Moderate,Average,0
P1941,28,Female,23.3,120,78,119,7.3,Low,Former,Frequent,0,0,0,7.0,Moderate,Average,0
P1942,33,Male,25.8,106,97,133,23.9,Moderate,Never,Occasional,0,0,0,5.5,Moderate,Poor,0
P1943,73,Female,21.3,159,85,139,12.7,Low,Current,None,0,1,0,5.1,High,Poor,0
P1944,19,Male,38.7,106,97,142,40.0,Moderate,Never,None,0,0,0,4.8,Moderate,Average,0
P1945,41,Female,32.0,130,112,186,7.4,High,Current,Occasional,1,0,0,7.8,Low,Good,0
P1946,25,Female,27.9,108,101,151,23.4,Low,Current,None,1,1,0,8.1,Low,Poor,0
P1947,27,Male,32.6,139,105,134,21.2,Low,Current,Occasional,1,0,0,7.7,Moderate,Poor,0
P1948,75,Male,16.2,129,86,122,9.7,Moderate,Never,Frequent,1,0,0,8.3,Moderate,Poor,0
P1949,18,Male,15.0,113,75,104,22.8,Moderate,Former,Occasional,0,0,0,8.3,Moderate,Good,0
P1950,38,Female,24.4,102,88,153,11.8,Low,Never,None,0,0,0,5.0,High,Good,0
P1951,75,Female,19.3,148,77,135,15.9,Low,Current,Frequent,1,1,0,8.0,Moderate,Average,0
P1952,56,Male,25.3,134,94,141,7.8,Low,Never,Occasional,0,1,0,6.9,Moderate,Average,0
P1953,22,Female,27.6,126,103,157,19.2,Low,Never,None,1,0,0,9.1,Low,Average,0
P1954,47,Female,31.3,124,109,158,11.2,Moderate,Never,Occasional,0,0,0,10.0,High,Poor,0
P1955,79,Male,20.6,157,82,142,11.5,Low,Former,None,0,0,0,6.6,Moderate,Average,0
P1956,43,Female,28.6,121,96,154,23.0,Moderate,Former,None,0,1,0,6.4,Low,Poor,0
P1957,51,Male,26.6,127,106,166,26.9,Low,Never,Occasional,0,0,0,6.3,High,Average,0
P1958,51,Female,28.3,128,98,144,13.0,High,Never,None,0,0,0,6.9,Low,Average,0
P1959,59,Male,23.8,145,110,147,10.7,Moderate,Former,None,1,1,0,7.1,Low,Poor,0
P1960,29,Female,33.7,122,121,183,22.6,Moderate,Current,Occasional,0,0,0,10.0,Low,Good,0
P1961,70,Male,26.0,148,95,168,14.8,Moderate,Never,None,0,0,0,7.0,Low,Average,0
P1962,80,Male,35.7,149,136,205,23.6,Low,Former,Occasional,1,0,0,6.3,Low,Poor,1
P1963,26,Male,22.4,123,86,158,2.0,Low,Never,Frequent,1,0,0,6.8,Moderate,Poor,0
P1964,69,Female,30.4,136,120,172,15.3,Moderate,Never,Frequent,0,1,0,5.8,Low,Poor,1
P1965,69,Male,26.2,144,69,102,16.6,Moderate,Never,None,0,0,0,4.8,High,Average,0
P1966,64,Female,24.8,158,89,123,14.2,Low,Former,Frequent,0,1,0,6.6,Moderate,Poor,1
P1967,41,Female,29.8,108,90,162,25.8,Moderate,Never,None,0,0,0,9.6,Moderate,Poor,0
P1968,47,Female,24.9,133,89,107,22.2,Moderate,Current,None,0,0,0,7.9,Moderate,Average,0
P1969,70,Female,15.0,152,84,153,8.4,High,Never,None,0,1,0,6.2,Low,Average,0
P1970,27,Female,15.0,132,70,102,2.0,High,Never,Occasional,0,0,1,7.2,Moderate,Good,0
P1971,70,Male,33.1,148,119,201,30.1,Moderate,Never,None,0,0,0,9.8,Moderate,Poor,0
P1972,76,Female,32.9,150,113,163,26.0,Moderate,Former,Occasional,0,1,0,7.0,Moderate,Poor,0
P1973,60,Male,36.3,144,137,201,30.1,Moderate,Never,Occasional,1,1,0,5.7,Low,Poor,0
P1974,39,Female,26.4,116,120,207,28.6,Low,Never,None,0,0,0,6.9,Moderate,Average,0
P1975,53,Male,19.8,127,78,119,15.6,Moderate,Never,Occasional,0,0,0,7.6,Low,Poor,0
P1976,21,Female,24.3,100,78,120,15.7,Low,Never,None,0,0,0,7.3,High,Poor,0
P1977,76,Female,26.6,159,92,129,18.8,High,Never,None,1,0,0,8.5,Low,Good,0
P1978,39,Male,21.3,128,85,116,18.8,Low,Never,Occasional,0,0,0,6.9,Low,Average,0
P1979,21,Female,35.1,104,103,149,22.4,Low,Never,Occasional,1,0,0,4.0,Moderate,Good,0
P1980,68,Male,38.1,142,102,146,24.4,Low,Never,None,0,0,0,7.4,Low,Average,0
P1981,59,Male,29.0,146,84,113,18.5,Moderate,Never,Occasional,0,0,0,7.3,High,Good,0
P1982,57,Female,26.4,143,112,157,8.8,Low,Never,None,0,0,1,7.2,Low,Average,0
P1983,21,Female,19.8,104,95,148,11.6,Moderate,Never,Occasional,1,0,0,5.8,Moderate,Poor,0
P1984,65,Male,34.5,107,140,177,31.0,Low,Never,None,1,0,0,9.2,Moderate,Average,0
P1985,58,Female,26.9,138,103,149,17.6,Moderate,Never,None,0,0,0,5.5,Low,Good,0
P1986,67,Female,25.0,130,83,154,12.7,Moderate,Never,Occasional,1,0,0,5.6,High,Good,0
P1987,70,Female,29.0,152,107,134,34.2,High,Former,Occasional,0,1,0,6.5,Moderate,Poor,0
P1988,31,Female,23.5,129,66,144,21.3,Low,Former,None,0,0,0,8.4,Moderate,Good,0
P1989,31,Male,27.3,130,74,112,17.6,Low,Never,Occasional,1,0,0,8.4,Moderate,Average,0
P1990,76,Male,19.0,161,89,138,12.7,Low,Never,None,0,0,0,7.6,Low,Average,0
P1991,51,Female,32.2,143,117,188,36.6,Moderate,Never,None,1,0,0,7.9,Moderate,Average,0
P1992,45,Female,26.0,144,122,196,13.9,High,Never,None,0,0,0,5.2,Moderate,Average,0
P1993,36,Male,32.5,136,107,165,17.4,Low,Never,Frequent,0,0,0,4.8,Moderate,Average,0
P1994,58,Female,25.5,149,77,114,18.0,High,Current,None,0,0,1,6.4,Moderate,Good,0
P1995,65,Female,25.8,142,104,140,20.2,Low,Never,None,1,1,0,7.9,High,Good,0
P1996,18,Female,20.2,99,73,110,15.9,Moderate,Current,None,1,0,0,7.9,Moderate,Average,0
P1997,52,Male,30.5,156,99,179,28.8,Moderate,Never,Occasional,1,0,0,5.8,Low,Poor,1
P1998,80,Male,21.9,147,97,138,6.1,High,Never,None,0,0,0,5.6,Low,Poor,0
P1999,35,Male,24.0,134,72,125,3.1,Moderate,Never,None,0,0,0,8.2,High,Average,0
P2000,35,Female,26.5,116,96,128,12.7,Moderate,Never,Frequent,0,0,0,7.0,Low,Poor,0
P2001,73,Female,27.1,157,119,149,24.3,Low,Never,Frequent,0,1,0,4.3,Moderate,Average,0
P2002,21,Male,17.6,90,92,138,4.6,Moderate,Current,None,0,0,0,5.5,Low,Poor,0
P2003,43,Female,25.3,122,98,141,2.0,Moderate,Never,Occasional,0,0,0,7.4,Moderate,Poor,0
P2004,46,Female,30.6,126,120,166,25.1,Low,Current,Frequent,1,0,0,5.4,Moderate,Poor,0
P2005,68,Male,24.5,144,90,114,10.5,Moderate,Current,Frequent,0,0,0,5.6,Moderate,Good,0
P2006,26,Male,25.3,127,86,133,2.1,Low,Former,None,0,0,0,5.7,Low,Average,0
P2007,45,Female,27.3,116,117,191,20.3,Low,Current,Occasional,1,0,0,7.8,High,Average,1
P2008,27,Female,25.8,124,72,107,13.5,Moderate,Never,None,1,0,0,6.8,Moderate,Average,0
P2009,67,Female,21.1,151,83,144,25.4,Low,Current,Occasional,0,0,0,8.8,Low,Poor,0
P2010,57,Female,26.3,162,121,114,19.6,Moderate,Former,Occasional,0,1,0,6.3,Low,Good,0
P2011,49,Male,31.7,136,105,143,28.7,High,Never,Occasional,0,0,0,6.5,Moderate,Average,0
P2012,42,Female,21.0,126,87,103,11.9,Low,Never,Frequent,0,1,0,7.2,Low,Poor,0
P2013,27,Female,24.6,109,92,160,10.3,Low,Current,None,0,1,0,6.1,Moderate,Average,0
P2014,76,Male,19.3,167,95,155,8.1,Low,Current,None,1,1,0,4.9,Low,Poor,0
P2015,58,Male,31.4,141,124,158,33.8,Moderate,Never,Occasional,0,0,0,6.4,Moderate,Average,0
P2016,38,Female,26.0,123,107,160,23.3,Moderate,Never,None,0,0,0,5.9,Moderate,Good,0
P2017,44,Female,22.1,110,86,152,2.0,High,Never,Occasional,0,0,0,6.6,Low,Average,0
P2018,63,Female,27.0,132,123,193,9.9,Low,Current,Occasional,1,1,1,6.1,Low,Poor,1
P2019,63,Male,20.2,143,90,130,2.5,Low,Never,Occasional,1,0,0,7.3,High,Average,0
P2020,47,Male,21.1,131,97,108,20.5,Low,Former,Occasional,1,0,0,6.4,Moderate,Average,0
P2021,37,Female,18.9,103,65,96,2.0,Low,Never,None,0,0,0,4.9,High,Poor,0
P2022,59,Female,21.0,146,118,177,19.7,Moderate,Current,None,0,1,0,6.1,Low,Average,0
P2023,59,Female,33.6,124,124,209,31.0,High,Current,Frequent,0,1,1,5.4,High,Average,1
P2024,55,Female,22.7,146,65,111,14.0,Low,Never,Occasional,0,0,0,9.1,Moderate,Poor,0
P2025,22,Male,28.9,116,121,161,18.2,Moderate,Never,Occasional,0,0,0,6.9,Low,Average,0
P2026,47,Female,22.2,128,94,179,21.7,Moderate,Current,None,0,1,0,7.6,Moderate,Average,0
P2027,56,Male,30.4,148,108,164,23.6,High,Never,Occasional,1,1,0,6.7,Moderate,Good,0
P2028,77,Female,21.2,153,89,116,2.0,High,Never,None,0,1,1,9.0,High,Average,0
P2029,51,Male,26.7,143,104,151,8.3,High,Current,Occasional,0,0,0,5.3,Moderate,Poor,0
P2030,39,Female,26.8,124,83,148,4.6,Moderate,Never,None,0,0,0,5.9,Moderate,Average,0
P2031,53,Female,38.6,138,123,175,43.4,Low,Current,None,0,1,0,8.1,High,Poor,1
P2032,29,Female,29.8,115,93,155,32.8,Low,Never,None,0,0,0,6.2,Moderate,Poor,0
P2033,23,Female,23.4,117,81,103,22.4,Low,Former,None,1,0,0,5.9,Low,Average,0
P2034,60,Female,30.1,152,100,127,20.6,Moderate,Current,Frequent,0,0,0,6.1,Moderate,Poor,0
P2035,80,Female,37.6,141,139,180,22.4,High,Former,Occasional,1,0,0,9.1,High,Average,0
P2036,71,Male,18.0,153,93,134,3.6,Moderate,Current,Occasional,1,1,0,9.3,Moderate,Average,0
P2037,54,Male,22.1,123,94,146,4.2,Moderate,Current,None,0,0,0,7.3,Low,Poor,0
P2038,20,Female,25.3,92,98,156,15.6,Low,Never,Occasional,0,0,0,7.0,High,Average,0
P2039,80,Female,24.3,148,96,183,25.9,Moderate,Never,None,0,0,0,7.7,Moderate,Average,0
P2040,46,Female,24.8,136,85,121,26.4,Low,Former,Occasional,1,1,0,7.3,Moderate,Good,0
P2041,36,Female,19.7,126,112,153,9.1,Low,Current,Frequent,1,1,0,7.0,Moderate,Poor,0
P2042,74,Female,33.8,128,130,170,10.7,Low,Current,None,0,0,0,6.3,Moderate,Good,0
P2043,65,Female,19.1,146,113,176,3.7,High,Never,Occasional,0,1,0,6.1,High,Average,0
P2044,65,Female,25.5,141,112,178,26.7,Moderate,Former,Frequent,0,0,0,7.4,Moderate,Good,0
P2045,35,Female,31.9,117,107,150,26.3,High,Former,Frequent,0,1,0,7.0,Moderate,Poor,0
P2046,80,Male,26.3,138,76,158,14.3,Moderate,Never,Occasional,0,1,0,8.6,Low,Good,0
P2047,46,Female,21.4,125,68,103,8.6,Moderate,Never,Frequent,0,0,1,6.5,Moderate,Good,0
P2048,51,Male,19.5,142,98,161,6.0,Moderate,Current,None,1,1,0,5.7,High,Average,0
P2049,65,Female,25.3,142,96,167,6.3,High,Never,Occasional,1,0,0,5.0,Moderate,Poor,0
P2050,59,Female,22.6,126,84,109,29.3,Low,Never,Occasional,0,0,0,5.9,High,Average,0
P2051,28,Female,27.6,119,65,123,32.5,Low,Never,None,1,0,0,5.1,Low,Poor,0
P2052,37,Male,19.2,131,78,90,5.4,Low,Never,None,0,0,0,8.2,Moderate,Average,0
P2053,40,Female,30.7,112,89,152,8.4,Moderate,Former,None,0,0,0,6.3,Moderate,Good,0
P2054,77,Male,27.1,145,93,124,19.5,Low,Current,None,0,0,0,5.9,Low,Good,0
P2055,63,Female,27.5,150,114,172,18.5,Moderate,Former,Occasional,0,0,0,7.4,Moderate,Good,0
P2056,41,Male,34.0,117,105,168,31.8,Low,Current,Occasional,1,1,0,9.1,Moderate,Good,0
P2057,64,Male,24.2,149,81,147,21.5,High,Former,Occasional,1,0,0,6.3,Low,Average,0
P2058,64,Female,22.7,153,94,155,3.5,Moderate,Never,Occasional,0,0,0,5.4,Low,Average,0
P2059,42,Female,23.7,123,102,150,24.4,Moderate,Never,Occasional,0,0,0,6.3,Moderate,Average,0
P2060,43,Male,25.5,127,95,137,13.4,Moderate,Never,None,0,1,0,4.6,Low,Average,0
P2061,74,Male,26.0,153,121,168,23.3,Low,Never,None,0,0,1,7.4,Moderate,Poor,0
P2062,53,Male,22.2,129,70,99,10.1,Low,Never,None,1,0,0,7.5,High,Average,0
P2063,27,Female,16.0,98,65,106,19.4,Moderate,Former,Frequent,0,1,0,6.3,Moderate,Good,0
P2064,63,Male,23.6,136,71,114,2.0,High,Never,Frequent,0,0,0,5.5,Moderate,Poor,0
P2065,55,Male,28.4,137,79,116,25.6,Low,Never,Occasional,0,0,0,9.7,Moderate,Poor,0
P2066,50,Male,27.2,142,110,131,12.4,Moderate,Never,None,0,1,0,5.3,Low,Good,0
P2067,63,Male,32.7,128,99,129,25.4,Moderate,Current,Frequent,0,0,0,5.9,High,Poor,0
P2068,75,Male,36.7,141,104,106,39.9,Low,Never,None,0,0,0,6.8,Moderate,Average,0
P2069,38,Female,30.4,133,109,154,16.4,High,Former,None,1,0,0,7.8,Moderate,Average,0
P2070,44,Female,33.7,131,130,187,20.8,High,Never,Occasional,1,1,0,6.6,Low,Poor,0
P2071,29,Male,30.5,108,124,131,21.1,Low,Never,Occasional,1,1,0,6.8,Moderate,Average,0
P2072,58,Female,35.4,146,130,185,27.0,Moderate,Never,Frequent,0,0,0,7.5,Moderate,Average,0
P2073,43,Female,36.1,124,104,154,20.8,Low,Never,Occasional,0,0,0,10.0,Moderate,Poor,0
P2074,39,Male,31.4,134,110,141,24.9,Moderate,Never,Frequent,0,0,0,6.1,Low,Average,0
P2075,61,Female,30.2,122,114,157,24.2,High,Never,Occasional,0,0,0,6.2,Moderate,Average,0
P2076,43,Female,25.4,125,87,152,19.8,Low,Former,Frequent,0,0,0,6.7,High,Average,0
P2077,47,Female,26.3,133,98,131,10.6,High,Never,Occasional,0,0,0,7.6,Moderate,Poor,0
P2078,45,Male,24.7,126,75,124,7.7,High,Never,Occasional,1,0,0,9.8,Moderate,Good,0
P2079,34,Male,29.7,109,92,147,20.3,Moderate,Never,Occasional,1,0,0,6.7,Moderate,Good,0
P2080,25,Male,22.8,92,90,124,11.0,Low,Current,Frequent,1,0,0,7.5,Moderate,Good,0
P2081,70,Male,25.5,156,120,184,16.0,Low,Never,None,0,0,0,4.2,High,Average,0
P2082,23,Female,15.0,117,83,134,6.3,Moderate,Never,Occasional,0,0,0,6.9,Low,Good,0
P2083,38,Female,35.5,135,124,172,32.8,Low,Former,None,0,0,0,6.8,Low,Good,0
P2084,60,Female,25.4,144,98,184,8.5,Low,Never,Occasional,0,0,1,8.0,Moderate,Good,0
P2085,26,Female,28.9,122,97,163,19.3,Low,Never,Occasional,0,0,0,6.2,Moderate,Good,0
P2086,59,Female,34.1,131,95,119,24.1,Moderate,Never,None,0,0,0,5.3,Moderate,Poor,0
P2087,64,Male,28.1,142,91,134,19.1,Low,Current,Occasional,0,0,0,7.1,Low,Poor,0
P2088,59,Male,34.0,154,111,202,36.8,Low,Current,Occasional,0,1,0,4.9,Low,Average,0
P2089,37,Male,20.0,128,95,126,2.0,Moderate,Never,None,0,1,0,5.8,Low,Average,0
P2090,19,Male,39.0,132,132,186,15.8,Low,Never,Occasional,0,0,0,6.9,Moderate,Good,0
P2091,73,Female,32.2,132,131,201,22.0,Low,Never,None,0,1,0,3.9,Moderate,Poor,0
P2092,38,Male,27.6,112,121,180,11.2,Low,Never,Occasional,1,1,0,6.5,Moderate,Average,0
P2093,68,Male,33.9,149,118,182,3.6,Low,Current,Frequent,0,0,0,8.7,Moderate,Average,0
P2094,30,Male,20.4,110,66,124,26.0,Low,Never,None,0,0,0,4.9,Low,Average,0
P2095,28,Female,25.0,138,89,137,20.1,Low,Never,None,1,0,0,6.0,Moderate,Average,0
P2096,67,Female,34.0,152,106,144,32.2,Moderate,Never,None,1,0,0,7.5,Low,Good,0
P2097,77,Male,16.8,160,90,142,9.7,Low,Current,Occasional,0,0,1,7.8,Moderate,Average,1
P2098,72,Male,29.4,151,102,145,24.4,Low,Never,None,1,0,0,6.9,Moderate,Average,0
P2099,65,Male,29.3,134,112,154,18.3,Moderate,Never,Occasional,0,1,0,6.6,Moderate,Poor,0
P2100,33,Female,36.7,104,126,202,38.2,Moderate,Never,None,0,0,0,8.8,Moderate,Average,0
P2101,75,Male,18.3,163,80,120,13.5,Moderate,Never,Occasional,1,1,0,7.1,High,Poor,0
P2102,60,Female,34.9,125,138,217,30.2,High,Never,Occasional,0,1,0,5.5,Low,Average,0
P2103,28,Female,23.6,133,68,120,14.2,Moderate,Current,Occasional,0,0,0,6.9,Moderate,Poor,0
P2104,26,Female,24.2,123,92,137,26.4,Moderate,Former,Occasional,0,0,0,6.6,Moderate,Poor,0
P2105,72,Male,20.1,141,86,103,13.3,Moderate,Former,Occasional,1,0,0,6.3,Low,Average,0
P2106,35,Male,20.8,126,93,173,3.8,Low,Never,Occasional,1,0,0,4.8,Moderate,Average,0
P2107,66,Male,28.6,148,92,141,22.6,Moderate,Never,None,0,1,0,6.8,Moderate,Good,0
P2108,26,Female,20.7,114,65,90,15.9,Moderate,Former,None,0,0,0,7.5,Moderate,Average,0
P2109,35,Male,30.3,136,113,179,21.8,High,Never,None,1,0,0,7.7,Low,Average,0
P2110,35,Male,23.1,135,81,128,12.9,High,Former,None,0,0,0,6.8,Moderate,Good,0
P2111,35,Male,20.2,123,79,110,3.5,Low,Never,Occasional,0,0,0,6.8,Moderate,Poor,0
P2112,60,Female,23.8,134,91,153,14.9,High,Never,Occasional,0,1,0,6.1,Low,Poor,0
P2113,75,Female,28.3,156,118,126,11.3,Moderate,Never,Frequent,0,0,0,8.0,Moderate,Average,0
P2114,75,Male,25.1,123,103,140,14.0,Moderate,Current,None,0,0,0,5.4,Moderate,Average,0
P2115,64,Female,26.7,142,103,147,12.5,High,Current,Occasional,1,0,0,6.2,Moderate,Average,0
P2116,30,Female,30.1,126,85,148,29.6,Low,Never,Occasional,0,0,0,5.8,Moderate,Good,0
P2117,78,Female,32.1,142,128,214,38.8,Moderate,Never,None,0,1,0,6.7,Low,Average,0
P2118,52,Female,24.9,140,80,124,6.3,High,Former,Occasional,0,0,0,8.4,Moderate,Poor,0
P2119,52,Male,21.1,130,76,130,12.0,Low,Former,None,0,0,0,5.4,Moderate,Good,0
P2120,62,Female,26.9,136,88,181,15.4,Moderate,Never,None,1,1,0,7.1,Moderate,Poor,0
P2121,66,Female,28.9,148,103,152,24.2,Moderate,Current,None,1,0,0,7.2,High,Average,0
P2122,78,Female,18.9,134,100,153,12.8,High,Current,None,0,0,0,5.6,Moderate,Average,0
P2123,54,Female,21.9,145,98,125,8.9,Low,Never,None,1,1,0,6.6,Low,Average,0
P2124,56,Female,22.8,118,91,170,13.7,Moderate,Never,Frequent,1,1,0,5.7,High,Average,0
P2125,64,Male,25.4,145,106,143,14.8,Low,Never,None,0,1,0,6.9,Moderate,Poor,0
P2126,34,Female,22.5,121,87,138,25.3,High,Current,None,1,0,0,6.7,Low,Average,0
P2127,37,Female,30.2,122,111,165,16.4,Moderate,Never,Occasional,0,1,0,8.6,Moderate,Good,0
P2128,57,Male,18.2,142,90,137,14.1,Moderate,Current,Frequent,1,1,0,5.9,Moderate,Poor,0
P2129,22,Male,18.3,113,65,104,16.1,High,Former,None,1,0,0,6.6,Low,Good,0
P2130,38,Female,24.8,134,93,145,18.9,Moderate,Former,Occasional,1,0,0,6.4,High,Average,0
P2131,63,Male,25.6,142,73,149,13.9,Moderate,Never,None,0,0,0,8.4,Low,Good,0
P2132,79,Female,18.9,155,101,183,23.0,Moderate,Never,None,1,1,0,6.2,Low,Poor,1
P2133,50,Female,23.3,138,82,127,2.0,Moderate,Current,Frequent,0,1,0,5.7,Moderate,Good,0
P2134,43,Female,24.4,121,108,149,6.8,Moderate,Never,Occasional,1,0,0,5.9,Moderate,Average,0
P2135,45,Male,24.5,124,65,100,20.3,Moderate,Current,Occasional,0,0,0,5.8,High,Poor,0
P2136,61,Male,27.3,143,131,223,13.8,Low,Never,None,0,1,0,6.1,Low,Average,1
P2137,52,Female,23.1,129,67,116,5.8,Low,Former,Occasional,1,0,0,5.8,Low,Good,0
P2138,19,Female,34.2,124,92,161,22.9,Moderate,Never,None,0,0,0,6.8,Moderate,Average,0
P2139,51,Male,29.0,131,107,168,14.7,Low,Never,None,0,0,0,5.2,Low,Poor,0
P2140,43,Male,22.3,130,95,177,17.5,Moderate,Never,Occasional,0,0,0,7.5,Low,Poor,0
P2141,62,Male,27.0,127,103,148,25.5,Moderate,Current,Occasional,0,1,0,6.8,Low,Poor,0
P2142,73,Female,27.1,152,115,146,20.0,Low,Never,Occasional,1,0,0,8.7,High,Poor,0
P2143,78,Female,32.8,139,105,185,33.8,Moderate,Never,None,1,0,0,7.4,Moderate,Average,0
P2144,56,Male,23.4,127,93,155,2.6,Low,Former,Occasional,0,1,0,7.2,Moderate,Average,0
P2145,40,Male,30.5,141,100,157,22.8,Moderate,Former,Frequent,1,0,0,9.2,Moderate,Good,0
P2146,45,Male,26.7,134,89,162,28.4,Low,Current,Frequent,0,0,0,7.3,High,Good,0
P2147,29,Female,34.3,128,83,142,34.6,Low,Never,None,1,0,0,6.5,High,Average,0
P2148,76,Male,33.2,153,123,199,38.8,Low,Never,None,1,1,0,5.8,Moderate,Poor,0
P2149,71,Male,27.5,140,101,154,14.0,Moderate,Never,Occasional,0,0,0,8.5,High,Average,0
P2150,71,Male,25.1,138,113,175,24.1,Moderate,Current,Occasional,0,0,0,5.6,Moderate,Average,0
P2151,38,Female,29.1,131,83,141,17.1,Moderate,Current,Frequent,0,0,0,5.4,Moderate,Poor,0
P2152,38,Male,25.6,134,84,127,21.1,Low,Former,None,1,0,0,5.4,Moderate,Good,0
P2153,71,Male,35.2,145,144,192,41.8,Moderate,Never,Occasional,0,1,0,5.9,High,Average,0
P2154,52,Female,26.9,151,102,144,11.7,Moderate,Current,None,0,0,0,6.9,Low,Good,0
P2155,62,Male,24.4,134,102,154,2.0,Moderate,Never,Frequent,0,0,0,6.5,Moderate,Average,0
P2156,48,Male,24.1,115,98,138,29.3,Low,Never,None,1,0,0,7.4,Low,Average,0
P2157,45,Female,20.2,110,89,142,15.9,Moderate,Never,Frequent,1,0,0,5.5,Low,Average,0
P2158,57,Female,29.4,117,130,186,22.4,Moderate,Former,Frequent,0,0,0,5.8,Low,Poor,0
P2159,69,Male,22.2,141,99,149,10.9,Moderate,Never,None,0,1,0,7.0,Moderate,Poor,0
P2160,39,Male,32.2,121,93,147,7.5,Moderate,Never,Occasional,0,0,0,5.6,Moderate,Poor,0
P2161,68,Male,19.8,146,95,132,13.7,Low,Former,None,0,0,0,5.2,Low,Average,0
P2162,33,Female,27.2,120,88,132,14.0,Low,Former,None,1,0,0,5.0,High,Average,0
P2163,43,Female,32.5,134,107,131,25.6,High,Never,None,1,0,0,6.7,High,Average,0
P2164,75,Female,15.3,144,82,125,12.2,Moderate,Never,Frequent,0,0,0,6.7,Moderate,Average,0
P2165,78,Female,37.0,150,121,157,4.7,Moderate,Former,None,0,1,0,6.7,Moderate,Average,0
P2166,76,Male,24.3,143,97,146,18.7,Moderate,Never,None,0,1,0,8.3,Moderate,Average,0
P2167,37,Female,27.2,137,103,140,20.0,Low,Never,Occasional,1,0,0,7.2,Moderate,Good,0
P2168,71,Female,29.5,131,107,124,24.1,Low,Current,None,0,1,0,6.8,Moderate,Average,0
P2169,76,Male,30.3,147,124,210,22.4,Moderate,Never,None,0,0,0,8.4,Moderate,Good,0
P2170,79,Female,27.9,149,99,144,19.5,Low,Never,None,0,1,0,8.0,Low,Good,0
P2171,19,Female,31.7,125,96,169,25.0,High,Never,None,0,1,0,5.9,Moderate,Average,0
P2172,64,Female,29.2,137,132,173,25.4,Low,Former,Occasional,0,0,0,7.8,Low,Poor,0
P2173,80,Female,35.7,151,108,187,32.9,Moderate,Never,Occasional,1,1,0,8.9,Moderate,Poor,1
P2174,66,Male,29.2,136,106,137,23.4,Low,Former,Occasional,0,0,1,8.9,Low,Poor,0
P2175,32,Male,36.7,134,142,197,47.8,High,Former,None,1,0,0,8.0,High,Poor,0
P2176,66,Male,31.2,143,117,150,18.6,Moderate,Never,Occasional,1,1,0,7.3,Moderate,Good,0
P2177,24,Female,17.1,140,98,185,9.0,Low,Never,None,0,1,0,7.1,Moderate,Poor,0
P2178,48,Female,40.1,131,136,185,50.1,Moderate,Never,None,0,0,0,8.5,Moderate,Good,0
P2179,57,Male,23.5,139,99,160,12.6,High,Former,Frequent,0,1,0,5.2,Moderate,Average,0
P2180,46,Male,34.3,126,112,170,35.2,Moderate,Former,Occasional,0,0,0,8.3,High,Average,0
P2181,62,Male,26.6,142,70,118,18.6,Low,Current,Occasional,0,0,0,7.0,Moderate,Poor,0
P2182,33,Female,32.0,114,102,161,22.3,Moderate,Never,None,1,0,0,5.7,Moderate,Good,0
P2183,56,Male,22.9,134,93,162,21.0,Low,Never,None,1,0,0,5.4,Moderate,Poor,0
P2184,58,Male,29.8,139,116,176,26.8,Low,Former,Occasional,1,1,0,4.8,High,Average,0
P2185,57,Male,25.2,142,137,188,6.5,High,Never,Frequent,1,1,0,7.5,Low,Poor,0
P2186,36,Female,34.7,125,117,177,30.0,High,Current,Occasional,0,0,0,9.1,Moderate,Good,0
P2187,37,Male,28.8,126,109,189,12.9,Low,Never,None,1,0,0,6.2,Low,Average,0
P2188,34,Male,31.4,122,121,165,35.1,Moderate,Never,Occasional,0,0,0,5.8,High,Average,0
P2189,47,Male,15.2,144,79,94,26.0,Low,Current,None,0,0,0,8.3,Moderate,Average,0
P2190,54,Male,26.1,136,96,127,31.9,High,Former,None,0,0,1,6.9,High,Average,0
P2191,40,Male,28.6,155,106,139,23.3,High,Never,Occasional,0,1,0,8.3,Low,Poor,0
P2192,43,Female,27.7,126,94,129,15.1,High,Never,Occasional,0,0,0,5.6,Low,Average,0
P2193,36,Female,31.5,131,112,149,26.9,Low,Former,Occasional,0,0,0,7.6,Moderate,Poor,0
P2194,31,Female,24.6,112,87,134,7.6,Low,Never,None,0,0,0,9.0,Low,Good,0
P2195,59,Female,26.8,149,108,161,37.2,Moderate,Never,None,1,0,0,5.5,Low,Average,0
P2196,69,Female,32.6,138,107,161,34.8,Low,Former,Occasional,0,1,0,6.4,Low,Average,0
P2197,36,Male,15.0,126,71,104,14.4,Low,Never,Occasional,0,0,0,6.4,Low,Poor,0
P2198,72,Female,29.6,139,130,196,31.5,Low,Former,Occasional,0,0,0,7.7,Low,Average,1
P2199,53,Male,24.8,141,98,154,11.4,Moderate,Never,Occasional,0,1,0,8.3,Moderate,Poor,0
P2200,28,Male,21.8,115,109,181,3.9,Moderate,Former,Occasional,1,0,0,6.0,Moderate,Good,0
P2201,41,Female,28.3,117,102,165,2.0,Moderate,Never,Occasional,0,0,0,9.8,Low,Average,0
P2202,18,Male,32.9,109,105,150,26.1,Low,Never,None,0,0,0,6.9,Moderate,Average,0
P2203,20,Male,31.9,129,105,176,22.6,Moderate,Never,None,0,0,0,6.1,Moderate,Good,0
P2204,39,Male,25.8,128,89,142,20.7,Moderate,Never,Occasional,0,0,0,8.5,Moderate,Good,0
P2205,46,Male,31.1,120,86,149,23.0,Low,Former,Occasional,1,1,0,7.0,Moderate,Average,0
P2206,68,Female,31.0,150,123,185,28.4,Moderate,Never,None,0,0,0,6.3,High,Good,0
P2207,26,Female,26.0,107,122,168,25.0,Moderate,Never,Frequent,1,0,0,6.1,Moderate,Poor,0
P2208,70,Male,22.9,153,106,155,2.0,Low,Current,None,0,1,0,9.3,High,Average,0
P2209,32,Male,23.2,125,94,139,20.4,Moderate,Never,Frequent,1,0,0,5.6,Low,Average,0
P2210,26,Female,30.9,123,100,136,19.4,Moderate,Never,Occasional,0,0,0,8.2,Low,Average,0
P2211,62,Female,26.3,155,115,129,22.5,Moderate,Never,Occasional,0,0,0,5.8,High,Good,0
P2212,66,Male,21.1,130,88,124,20.2,High,Current,None,0,0,0,6.1,Moderate,Average,0
P2213,56,Female,17.7,139,83,132,20.2,Moderate,Never,Occasional,0,0,1,6.7,Moderate,Good,0
P2214,25,Male,30.8,128,80,147,23.6,Moderate,Never,None,0,0,0,7.4,Moderate,Poor,0
P2215,25,Male,23.7,109,79,139,15.5,Low,Current,Frequent,1,0,0,4.8,High,Good,0
P2216,42,Male,28.2,118,105,150,27.0,Moderate,Never,None,1,0,0,6.1,Low,Average,0
P2217,46,Female,32.9,125,123,163,14.9,High,Current,None,0,0,0,8.0,Low,Average,0
P2218,80,Male,19.7,154,108,151,5.0,High,Never,Occasional,0,1,0,8.0,Low,Poor,0
P2219,36,Male,26.3,108,72,105,14.9,Moderate,Never,None,0,0,0,6.5,Moderate,Poor,0
P2220,30,Male,25.6,124,71,90,5.7,Moderate,Never,Occasional,1,0,0,5.4,Moderate,Average,0
P2221,77,Male,28.5,135,121,146,19.3,Moderate,Never,Occasional,0,1,0,7.1,Moderate,Average,0
P2222,27,Female,32.9,130,97,170,22.5,Moderate,Never,None,0,0,0,7.8,Low,Average,0
P2223,19,Male,19.6,118,89,165,12.7,Low,Never,None,1,0,0,7.0,Low,Average,0
P2224,44,Male,29.5,145,80,142,20.5,Moderate,Never,Occasional,0,0,0,8.5,Low,Poor,0
P2225,43,Female,31.9,132,106,155,32.9,Moderate,Current,Occasional,1,0,0,6.5,High,Good,0
P2226,57,Female,25.5,130,96,122,20.8,Moderate,Current,Occasional,0,0,0,5.2,Moderate,Poor,0
P2227,73,Male,25.8,139,113,159,17.0,Moderate,Never,None,0,1,0,6.1,Low,Average,0
P2228,76,Female,28.7,151,99,158,17.4,High,Never,None,0,1,1,6.8,Moderate,Good,0
P2229,36,Female,28.3,122,71,133,19.2,High,Current,None,1,0,0,6.0,Moderate,Average,0
P2230,79,Female,29.5,162,118,179,22.2,Moderate,Never,None,0,1,0,6.2,High,Average,1
P2231,57,Female,29.4,124,112,181,42.0,High,Never,Occasional,0,0,0,8.0,Low,Poor,0
P2232,22,Female,21.4,134,95,173,2.0,Moderate,Current,None,1,0,0,5.8,Low,Average,0
P2233,77,Male,31.6,162,115,159,17.3,Moderate,Never,Occasional,0,1,0,5.2,Low,Good,0
P2234,26,Male,32.6,114,117,213,17.5,Low,Never,None,0,0,0,7.8,High,Average,0
P2235,55,Male,27.5,150,107,124,21.3,High,Current,Occasional,0,0,0,7.6,High,Good,0
P2236,67,Male,18.7,131,101,134,13.9,Low,Never,None,0,0,0,5.6,Low,Average,0
P2237,33,Female,25.9,127,99,151,12.1,Moderate,Former,None,1,1,0,7.6,Moderate,Good,0
P2238,35,Male,27.5,109,72,130,25.8,Low,Current,Occasional,0,0,0,5.4,Moderate,Poor,0
P2239,47,Male,20.5,151,89,133,15.0,Moderate,Never,Frequent,0,1,1,5.9,Low,Average,0
P2240,73,Female,24.6,126,98,138,22.6,Low,Current,Frequent,0,0,0,5.5,Low,Poor,0
P2241,32,Female,19.2,105,85,166,21.6,Moderate,Never,Occasional,0,0,0,6.2,Low,Average,0
P2242,59,Female,29.7,128,84,125,4.2,High,Current,None,1,0,0,7.5,Moderate,Average,0
P2243,46,Male,27.4,141,94,127,24.0,Low,Never,Occasional,0,0,0,7.1,High,Poor,0
P2244,25,Male,17.9,125,86,159,2.0,Low,Never,Occasional,0,0,0,5.8,Low,Good,0
P2245,62,Female,28.3,142,109,172,22.3,High,Former,Frequent,0,1,0,7.0,Low,Average,0
P2246,70,Male,26.2,151,96,162,16.5,Low,Current,Occasional,0,0,0,7.3,Moderate,Average,0
P2247,54,Male,29.2,136,137,190,23.4,Moderate,Former,Occasional,1,1,0,7.9,Moderate,Good,0
P2248,29,Female,24.5,127,81,107,5.4,Moderate,Former,None,0,1,0,7.2,Low,Good,0
P2249,27,Male,22.3,133,101,149,20.7,Moderate,Current,None,1,0,0,7.7,Low,Good,0
P2250,44,Female,22.5,124,101,124,2.4,Low,Never,Occasional,1,0,0,6.9,Low,Average,0
P2251,49,Male,23.7,121,88,139,20.0,Moderate,Current,Frequent,1,0,0,5.8,Low,Average,0
P2252,52,Female,26.6,135,97,156,6.1,High,Never,Occasional,0,0,0,7.0,High,Poor,0
P2253,33,Female,27.3,133,102,168,18.4,Low,Never,None,0,1,0,8.3,Moderate,Average,0
P2254,49,Female,25.5,135,104,151,31.0,Moderate,Never,None,0,1,0,8.3,High,Average,0
P2255,36,Male,24.3,137,88,148,33.7,Low,Current,None,1,1,0,3.7,High,Average,0
P2256,61,Female,24.7,134,89,122,2.3,High,Never,Frequent,0,0,0,7.6,Moderate,Good,0
P2257,68,Female,39.5,141,124,193,29.3,Low,Never,None,0,0,0,6.2,High,Average,0
P2258,59,Female,22.5,138,85,143,8.4,Low,Never,None,1,0,0,7.3,Low,Average,0
P2259,18,Male,23.6,115,81,116,32.0,Low,Never,Occasional,0,0,0,5.2,Moderate,Average,0
P2260,80,Male,43.6,162,109,172,38.1,High,Never,Occasional,0,0,1,6.3,High,Poor,1
P2261,19,Male,28.7,116,98,165,28.6,Moderate,Never,Occasional,1,0,0,4.9,Moderate,Average,0
P2262,80,Male,19.3,143,79,126,14.4,Low,Current,None,1,0,0,6.3,Moderate,Average,0
P2263,20,Female,30.9,118,75,112,13.1,Low,Current,Frequent,1,0,0,7.5,Moderate,Good,0
P2264,50,Female,21.8,140,82,132,2.0,High,Former,Occasional,0,0,0,7.3,Low,Poor,0
P2265,24,Female,31.2,123,97,156,18.1,Low,Never,None,0,0,0,9.4,Moderate,Average,0
P2266,23,Female,25.4,122,108,143,35.3,Moderate,Current,None,0,0,0,6.2,Low,Average,0
P2267,61,Female,24.2,126,93,125,16.7,Moderate,Never,Occasional,0,1,0,5.7,Low,Average,0
P2268,63,Male,34.9,112,127,187,38.1,Moderate,Never,Occasional,1,0,0,8.5,Moderate,Poor,0
P2269,25,Male,29.4,129,118,181,11.0,Moderate,Never,Occasional,0,0,0,4.7,Moderate,Average,0
P2270,79,Female,31.6,150,105,190,21.3,High,Never,None,1,0,0,7.0,High,Poor,0
P2271,38,Male,28.8,123,99,159,26.4,Low,Never,None,1,0,0,7.4,Moderate,Average,0
P2272,38,Male,24.2,130,114,142,7.0,Moderate,Never,None,1,0,0,4.0,High,Average,0
P2273,36,Female,29.7,141,105,187,21.1,Low,Current,Occasional,1,0,0,5.5,Low,Poor,0
P2274,47,Female,32.8,142,116,184,19.2,Moderate,Former,Occasional,0,0,0,5.2,Low,Good,0
P2275,29,Male,27.2,128,89,106,24.9,Moderate,Never,None,0,0,0,7.8,Moderate,Average,0
P2276,44,Male,35.9,117,126,161,33.9,Moderate,Never,Occasional,0,0,0,6.0,Low,Good,0
P2277,31,Male,30.9,112,103,145,28.4,High,Former,Frequent,1,0,0,6.5,Moderate,Average,0
P2278,21,Female,27.6,90,69,131,25.7,High,Never,None,1,0,0,4.9,Moderate,Average,0
P2279,41,Female,27.8,131,93,104,17.1,Low,Never,None,1,0,0,5.8,High,Average,0
P2280,60,Female,27.2,146,84,131,26.3,Moderate,Former,None,0,0,0,5.9,Low,Poor,0
P2281,66,Female,20.0,155,94,153,7.3,Moderate,Never,None,1,1,0,6.5,High,Poor,0
P2282,40,Male,26.0,131,81,90,21.8,High,Never,None,1,0,0,6.4,Moderate,Average,0
P2283,38,Female,27.7,121,104,165,3.4,Low,Never,Frequent,0,0,0,8.6,High,Poor,0
P2284,67,Male,24.3,133,96,158,8.8,Moderate,Never,Occasional,0,0,0,7.6,Moderate,Good,0
P2285,60,Male,28.3,127,85,121,38.1,Moderate,Never,Occasional,1,0,0,4.7,Moderate,Average,0
P2286,70,Female,26.6,139,94,124,22.4,Low,Former,Frequent,0,0,0,8.0,Moderate,Poor,0
P2287,75,Female,30.5,134,119,155,28.6,Moderate,Never,None,1,0,0,7.9,High,Average,0
P2288,69,Male,29.9,163,131,138,17.4,Low,Never,Frequent,0,1,0,6.9,Low,Average,0
P2289,76,Male,27.4,136,98,142,9.7,Low,Current,Frequent,0,1,0,8.0,Moderate,Average,0
P2290,44,Male,19.4,129,72,122,9.9,Moderate,Never,Occasional,0,1,0,8.2,Low,Poor,0
P2291,42,Female,35.8,106,143,175,31.5,Low,Current,Frequent,0,0,0,6.2,Moderate,Average,1
P2292,38,Female,25.8,126,93,157,31.9,Low,Never,Occasional,1,0,0,5.3,Moderate,Average,0
P2293,32,Male,26.1,125,101,151,25.2,Moderate,Never,None,0,1,0,7.5,Low,Poor,0
P2294,65,Male,24.7,139,92,144,16.1,Moderate,Former,None,0,1,0,5.8,Low,Average,0
P2295,63,Male,24.0,127,97,138,14.9,Moderate,Current,Occasional,1,0,0,7.1,Low,Average,0
P2296,68,Male,34.5,140,142,205,36.4,High,Former,Occasional,0,0,0,5.6,Low,Good,0
P2297,28,Male,33.7,112,113,185,16.5,Moderate,Former,None,0,0,0,8.0,Low,Poor,0
P2298,48,Male,28.8,127,117,160,6.1,Low,Former,None,1,0,0,5.9,Low,Good,0
P2299,31,Male,25.9,139,93,153,22.6,Low,Never,None,1,0,0,6.5,Moderate,Average,0
P2300,74,Female,29.7,150,101,163,21.9,Moderate,Former,None,1,1,0,6.5,Moderate,Average,0
P2301,34,Female,26.9,131,92,147,7.4,Moderate,Never,None,0,1,0,5.1,Low,Good,0
P2302,27,Male,25.5,117,82,157,2.0,High,Never,None,0,1,0,8.1,Low,Average,0
P2303,53,Female,28.3,123,105,143,27.1,Moderate,Never,None,1,0,0,8.3,Low,Poor,0
P2304,73,Male,24.2,147,120,161,12.1,Moderate,Never,Frequent,1,1,0,6.6,Low,Good,0
P2305,75,Female,27.8,173,114,151,23.3,High,Never,Occasional,1,1,0,5.9,Low,Average,0
P2306,24,Male,27.6,112,90,151,16.6,Moderate,Never,Frequent,0,0,0,6.5,Low,Average,0
P2307,38,Female,29.6,127,91,136,20.8,Moderate,Never,None,0,0,0,6.2,Low,Average,0
P2308,27,Male,23.3,109,91,127,8.8,Moderate,Former,None,1,0,0,6.8,Moderate,Average,0
P2309,37,Female,30.2,95,86,162,21.2,Low,Never,Occasional,1,0,0,6.4,Low,Poor,0
P2310,51,Male,21.8,122,71,147,16.6,Moderate,Never,Frequent,0,0,0,5.7,Moderate,Average,0
P2311,35,Female,23.5,145,100,142,11.6,Low,Former,Occasional,0,0,0,8.2,High,Poor,0
P2312,22,Male,23.7,120,82,108,11.4,Moderate,Never,Frequent,0,0,0,6.5,Low,Poor,0
P2313,50,Female,20.9,146,81,157,16.9,High,Never,None,1,0,0,9.1,Low,Poor,0
P2314,21,Male,31.8,110,101,159,29.2,Moderate,Current,None,1,0,0,6.9,Moderate,Poor,0
P2315,32,Female,21.5,96,93,147,2.9,Low,Former,Frequent,0,0,0,6.3,Low,Good,0
P2316,18,Male,22.9,101,86,135,12.8,Low,Never,Occasional,0,0,0,6.5,Moderate,Average,0
P2317,23,Female,33.0,124,103,141,21.2,High,Never,None,0,1,0,6.4,Moderate,Poor,0
P2318,45,Female,23.5,129,80,121,13.9,Low,Never,None,0,0,0,6.7,High,Poor,0
P2319,71,Female,25.5,141,96,155,27.7,Moderate,Never,Occasional,1,0,0,7.1,High,Average,0
P2320,66,Male,21.2,138,100,140,14.9,Moderate,Never,None,0,1,0,5.5,Low,Average,0
P2321,24,Male,30.8,125,101,158,40.0,Low,Never,Occasional,1,0,0,5.6,High,Average,0
P2322,20,Male,30.9,113,107,157,25.0,Moderate,Current,None,0,1,0,7.7,Low,Poor,0
P2323,39,Female,30.3,127,104,137,20.9,Low,Former,None,1,0,0,7.4,Moderate,Average,0
P2324,59,Female,29.3,137,104,179,20.9,Moderate,Never,None,0,0,0,4.9,Moderate,Good,0
P2325,65,Male,26.9,134,90,148,19.0,Low,Former,None,0,0,0,7.4,Low,Good,0
P2326,69,Female,23.8,131,110,163,17.5,Low,Former,Occasional,0,0,0,7.8,Moderate,Average,0
P2327,39,Male,22.3,119,79,135,4.4,Low,Never,None,0,0,0,7.1,Moderate,Poor,0
P2328,28,Female,33.2,136,110,132,24.4,High,Current,Occasional,0,0,0,4.8,Low,Average,0
P2329,19,Male,30.5,124,71,113,16.4,Moderate,Never,Occasional,1,0,0,5.2,Moderate,Poor,0
P2330,27,Male,22.9,127,82,105,21.3,High,Former,None,0,0,0,6.7,High,Good,0
P2331,22,Male,26.7,106,77,128,2.2,Moderate,Never,Occasional,1,0,0,9.1,Low,Average,0
P2332,72,Male,24.9,127,84,137,16.7,Moderate,Never,None,0,0,0,6.2,Low,Poor,0
P2333,34,Male,20.6,132,115,164,2.0,Moderate,Never,None,0,0,0,7.5,Low,Average,0
P2334,69,Male,27.4,149,106,174,22.4,Moderate,Never,None,0,0,0,6.0,Low,Average,0
P2335,52,Male,24.3,132,110,134,12.4,Moderate,Former,Occasional,1,0,0,8.8,Low,Good,0
P2336,51,Male,21.5,126,98,132,2.0,Low,Current,None,0,0,0,6.8,Moderate,Good,0
P2337,46,Female,18.8,118,100,152,19.5,High,Former,Occasional,0,1,0,5.3,Moderate,Poor,0
P2338,69,Male,18.4,149,80,130,2.0,High,Never,None,0,0,0,5.8,Moderate,Good,0
P2339,20,Male,24.6,125,110,137,15.7,Low,Never,None,0,0,0,5.7,Low,Poor,0
P2340,23,Female,26.1,108,103,171,22.7,High,Never,None,0,0,0,6.9,Moderate,Average,0
P2341,44,Female,21.9,119,86,158,23.0,Low,Never,None,0,0,0,6.0,Moderate,Average,0
P2342,42,Male,29.9,138,107,164,9.2,Moderate,Never,None,1,0,0,6.2,Moderate,Average,0
P2343,52,Female,26.2,124,95,119,12.9,Moderate,Never,None,0,0,0,9.1,Moderate,Average,0
P2344,64,Female,29.5,160,114,166,30.8,Low,Never,None,0,1,0,6.1,Moderate,Average,0
P2345,55,Female,25.5,131,95,149,25.4,Low,Never,Occasional,0,0,0,7.0,Moderate,Average,1
P2346,34,Male,22.4,117,91,134,22.7,Moderate,Never,None,0,0,0,6.5,Low,Average,0
P2347,38,Male,27.1,123,121,191,40.3,Moderate,Current,Frequent,0,0,0,6.7,Low,Average,1
P2348,65,Male,19.9,134,68,112,7.9,Moderate,Current,Occasional,1,0,0,7.6,Low,Poor,0
P2349,30,Female,29.3,130,116,199,25.0,Moderate,Current,Occasional,0,0,0,4.2,Moderate,Average,0
P2350,49,Female,21.6,138,81,140,9.2,Low,Never,Occasional,1,0,0,7.0,Moderate,Poor,0
P2351,51,Female,31.3,141,126,181,9.4,Low,Never,None,0,0,1,6.3,Moderate,Good,0
P2352,65,Female,24.7,140,91,154,14.5,High,Never,Occasional,1,0,0,7.0,Low,Poor,0
P2353,63,Male,32.0,137,124,199,10.0,Moderate,Former,None,0,1,0,6.6,High,Average,0
P2354,47,Male,20.7,133,89,150,7.8,Moderate,Former,Occasional,0,1,0,6.6,Moderate,Average,0
P2355,37,Female,23.0,118,65,111,2.0,Low,Current,Frequent,0,0,0,7.2,Low,Good,0
P2356,41,Female,28.5,139,124,163,25.2,High,Never,None,1,0,0,6.1,Moderate,Good,0
P2357,43,Male,32.6,136,96,129,18.5,Low,Current,None,0,0,0,9.2,Low,Poor,0
P2358,31,Male,35.2,118,114,127,14.7,Low,Former,Occasional,0,0,0,5.6,High,Average,0
P2359,57,Female,26.7,129,91,142,24.6,Low,Never,None,0,1,0,8.5,Moderate,Poor,0
P2360,31,Male,36.1,135,96,142,24.1,Moderate,Never,Occasional,0,0,0,5.3,Moderate,Good,0
P2361,58,Male,25.0,135,92,135,12.1,Low,Never,Occasional,0,0,0,6.5,Moderate,Average,0
P2362,65,Female,32.2,137,104,171,16.7,Low,Never,Occasional,1,0,0,7.2,Low,Poor,0
P2363,78,Male,21.6,165,82,127,21.2,Moderate,Never,None,0,1,1,5.7,Moderate,Poor,0
P2364,25,Male,28.7,111,97,177,22.2,Moderate,Former,None,0,0,0,5.6,Moderate,Good,0
P2365,65,Female,15.0,140,65,100,7.1,Low,Never,Occasional,1,1,0,6.5,Low,Average,0
P2366,23,Male,20.7,112,81,112,2.0,Moderate,Current,None,0,0,0,7.9,Moderate,Good,0
P2367,39,Female,28.9,115,106,135,40.8,Moderate,Never,Occasional,0,1,0,6.9,Moderate,Average,0
P2368,29,Male,19.7,121,65,123,27.8,Low,Current,Occasional,0,0,0,9.1,Low,Average,0
P2369,28,Male,28.7,110,91,159,31.6,Low,Never,Occasional,1,0,0,7.5,Low,Good,0
P2370,29,Male,31.2,112,110,151,18.2,High,Current,None,0,0,0,6.3,Low,Average,0
P2371,20,Female,23.9,106,71,102,10.3,Moderate,Never,Occasional,0,0,0,3.6,High,Average,0
P2372,69,Male,21.5,139,104,175,15.5,Low,Never,None,0,1,1,4.9,Moderate,Poor,0
P2373,21,Female,24.0,105,92,116,7.2,Low,Current,Occasional,1,0,0,6.5,High,Good,0
P2374,43,Male,21.5,128,71,134,4.1,Low,Never,None,0,0,0,4.9,Moderate,Good,0
P2375,62,Male,26.0,135,98,137,28.5,Moderate,Current,Occasional,0,0,0,6.6,Low,Good,0
P2376,80,Female,27.0,147,115,170,18.8,Moderate,Never,Occasional,0,0,0,7.1,Low,Poor,0
P2377,71,Female,24.9,170,92,157,6.5,Low,Never,None,0,1,0,6.4,Moderate,Good,0
P2378,26,Female,35.2,115,109,168,36.2,High,Former,None,1,0,0,6.5,Low,Average,0
P2379,80,Male,22.8,152,110,153,9.2,Low,Never,Occasional,0,0,0,9.1,Moderate,Poor,0
P2380,59,Male,33.7,142,103,176,10.4,Low,Former,Occasional,1,0,0,6.9,High,Average,0
P2381,29,Female,21.1,117,88,139,2.9,Low,Never,None,0,0,0,6.6,Moderate,Good,0
P2382,46,Male,26.9,135,89,197,13.7,Low,Former,None,0,1,0,5.6,High,Poor,0
P2383,75,Male,32.7,149,120,143,28.2,High,Never,Occasional,1,1,1,6.8,High,Average,0
P2384,42,Female,32.4,132,122,145,27.6,Moderate,Never,Occasional,0,1,0,6.2,Low,Average,0
P2385,29,Female,24.3,112,65,129,24.6,Moderate,Never,None,0,0,0,9.0,Moderate,Good,0
P2386,73,Male,29.4,137,100,149,19.0,Low,Never,None,0,0,0,7.5,Moderate,Poor,0
P2387,78,Female,28.7,145,113,175,17.4,Low,Never,Occasional,0,0,0,8.5,Moderate,Good,0
P2388,79,Female,23.7,126,99,129,24.0,Moderate,Former,None,0,0,1,7.1,Low,Good,0
P2389,78,Male,29.7,165,109,160,29.8,Moderate,Current,Occasional,0,1,0,8.3,Low,Good,0
P2390,72,Female,36.2,163,107,166,27.9,Low,Never,Occasional,1,0,0,5.6,Moderate,Poor,0
P2391,46,Female,29.0,129,111,152,23.6,Low,Never,Occasional,1,0,0,7.1,High,Average,0
P2392,30,Male,29.4,130,102,155,17.2,High,Current,None,1,1,0,5.8,Moderate,Average,0
P2393,56,Male,30.0,144,113,141,13.3,Moderate,Current,None,0,0,0,6.3,Low,Average,0
P2394,31,Male,18.9,106,82,134,29.6,Low,Never,Occasional,1,0,0,6.8,Moderate,Average,0
P2395,47,Female,28.9,137,96,168,15.9,Moderate,Current,Frequent,1,0,0,5.7,Moderate,Good,0
P2396,59,Male,21.2,130,102,129,14.5,Low,Never,Frequent,0,0,0,5.0,Moderate,Average,0
P2397,77,Male,23.4,172,94,121,2.0,Moderate,Former,Occasional,0,1,0,8.0,High,Average,0
P2398,36,Male,37.7,120,136,207,39.6,High,Never,Occasional,0,0,0,4.8,Moderate,Good,0
P2399,33,Male,25.2,129,110,137,7.0,Low,Never,Frequent,1,0,0,8.8,Low,Good,0
P2400,64,Male,22.7,136,106,167,26.7,High,Never,None,0,0,1,5.8,Moderate,Poor,0
P2401,18,Female,32.5,134,102,154,39.1,Low,Never,Frequent,0,0,0,7.5,Low,Average,0
P2402,53,Female,21.6,131,129,169,18.8,Low,Never,Occasional,0,1,1,7.6,Low,Good,0
P2403,64,Male,24.2,149,97,168,15.6,Moderate,Never,Occasional,1,0,0,5.5,Moderate,Good,0
P2404,52,Male,33.0,142,122,188,25.5,Moderate,Current,None,0,1,0,7.4,Low,Good,0
P2405,42,Male,26.7,129,96,149,17.3,Low,Never,Occasional,1,0,0,7.0,High,Average,0
P2406,70,Female,18.4,143,67,90,15.3,Low,Former,None,0,0,0,7.6,Moderate,Poor,0
P2407,41,Female,29.3,118,120,181,23.1,Low,Never,None,1,0,0,8.3,High,Poor,0
P2408,62,Female,24.4,110,87,118,22.7,Low,Current,Occasional,0,0,1,7.8,Moderate,Average,0
P2409,47,Female,34.5,139,127,175,21.8,Low,Never,Frequent,0,0,0,5.8,Moderate,Average,0
P2410,19,Male,23.3,108,101,149,25.9,Low,Never,Occasional,1,0,0,6.6,Moderate,Good,0
P2411,51,Male,32.0,147,125,206,22.6,High,Never,None,0,1,0,5.8,Low,Average,0
P2412,21,Male,35.7,117,102,150,22.6,Moderate,Never,Occasional,0,0,0,6.1,Low,Average,0
P2413,76,Female,22.1,161,94,118,15.0,High,Never,Occasional,0,1,0,7.4,Moderate,Average,0
P2414,55,Male,25.5,140,65,137,19.6,Low,Never,None,1,0,0,7.5,Moderate,Poor,0
P2415,41,Male,28.5,100,98,159,5.9,Low,Never,Frequent,0,0,0,7.5,High,Average,0
P2416,48,Female,22.0,135,98,157,8.2,Moderate,Never,None,0,0,0,7.1,Low,Average,0
P2417,57,Female,27.9,130,98,171,2.0,Moderate,Former,Occasional,0,0,0,7.3,Low,Good,0
P2418,34,Male,25.3,132,83,159,10.6,Moderate,Never,None,1,0,0,6.3,High,Average,0
P2419,36,Female,25.2,128,88,122,10.8,Low,Never,Frequent,1,0,0,8.4,Moderate,Average,0
P2420,44,Female,26.8,132,114,140,21.3,High,Never,Occasional,1,0,0,7.6,Low,Good,0
P2421,34,Female,26.9,118,94,156,11.6,Moderate,Never,Occasional,1,0,0,6.8,Low,Average,0
P2422,65,Female,27.4,129,128,173,16.3,Low,Never,None,0,0,0,8.2,Low,Average,0
P2423,24,Male,23.4,111,78,123,24.1,Moderate,Never,None,0,0,0,6.2,Low,Poor,0
P2424,70,Female,23.6,128,104,134,30.8,Low,Never,None,0,1,0,6.9,Moderate,Average,0
P2425,39,Female,25.9,118,88,146,9.3,Low,Current,Occasional,1,0,0,7.9,Low,Good,0
P2426,53,Female,26.3,117,126,181,27.4,High,Never,Occasional,0,0,1,5.3,Moderate,Average,0
P2427,27,Female,24.2,103,90,135,17.7,Moderate,Never,None,0,0,0,9.5,Moderate,Average,0
P2428,42,Female,28.2,126,129,156,7.8,Low,Never,None,0,0,0,6.1,Low,Average,0
P2429,65,Female,17.1,143,73,138,5.7,Low,Never,None,1,0,0,6.3,High,Poor,0
P2430,35,Female,22.7,121,107,158,2.0,Low,Never,Occasional,0,0,0,6.8,High,Good,0
P2431,26,Female,25.0,111,91,157,18.2,High,Current,None,0,0,0,7.7,High,Average,0
P2432,50,Female,22.0,120,99,112,3.4,Moderate,Former,Occasional,1,0,0,7.8,Low,Average,0
P2433,28,Male,35.0,114,95,147,28.7,Moderate,Never,Occasional,0,0,0,8.6,Moderate,Good,0
P2434,37,Female,26.6,114,100,137,38.1,High,Never,None,0,0,0,6.7,Moderate,Average,0
P2435,46,Male,27.4,132,90,139,31.2,Low,Former,None,0,1,0,7.2,Moderate,Poor,0
P2436,53,Female,24.0,116,96,159,8.3,High,Never,Occasional,0,0,0,5.0,Moderate,Average,0
P2437,58,Female,26.4,141,77,131,9.2,Moderate,Current,Frequent,0,0,0,5.5,Moderate,Average,0
P2438,60,Female,20.2,129,84,131,22.3,High,Never,None,0,0,0,6.7,Low,Poor,0
P2439,71,Female,25.6,145,114,162,9.4,High,Never,None,1,0,0,7.2,Moderate,Average,0
P2440,22,Male,21.6,123,89,111,19.9,Moderate,Never,Occasional,1,0,0,6.7,High,Average,0
P2441,40,Male,25.1,127,75,109,37.6,Low,Former,None,0,0,0,7.4,Moderate,Average,0
P2442,18,Female,15.0,120,65,127,17.4,Low,Current,None,0,0,0,6.7,High,Poor,0
P2443,18,Female,20.6,91,85,123,21.5,Low,Never,Occasional,0,0,0,6.5,Low,Average,0
P2444,31,Female,34.1,114,132,201,37.6,Low,Never,None,0,0,0,9.7,Moderate,Poor,0
P2445,55,Female,30.8,143,94,157,18.1,Moderate,Former,Occasional,0,0,0,6.5,Moderate,Poor,0
P2446,74,Female,33.4,148,146,211,31.7,Moderate,Current,Frequent,0,0,0,8.0,Moderate,Good,0
P2447,66,Male,33.7,162,123,179,20.2,Low,Never,Frequent,0,1,0,5.2,Low,Average,0
P2448,58,Male,30.0,151,79,122,31.9,High,Never,Occasional,0,0,0,6.9,Low,Average,0
P2449,67,Female,24.1,142,73,118,5.8,Low,Never,None,0,0,0,6.0,Moderate,Average,0
P2450,28,Female,21.1,115,92,149,17.6,Low,Former,None,0,0,0,9.2,Low,Average,0
P2451,70,Female,32.5,136,123,140,35.5,Low,Never,None,0,1,0,6.1,Low,Poor,0
P2452,74,Female,26.8,143,130,199,16.2,High,Never,Occasional,0,1,0,6.8,High,Poor,0
P2453,23,Female,39.5,111,104,149,27.6,Moderate,Never,None,0,0,0,5.8,High,Good,0
P2454,47,Female,24.6,122,94,140,13.8,Low,Former,None,0,0,0,5.7,Moderate,Average,0
P2455,70,Female,36.8,131,123,174,24.5,Low,Never,None,0,0,1,6.7,Moderate,Good,1
P2456,47,Male,25.7,132,93,141,17.7,Low,Never,None,0,0,0,7.2,Moderate,Average,0
P2457,70,Female,33.4,163,117,147,19.7,High,Current,Occasional,1,1,0,8.1,Moderate,Poor,1
P2458,76,Female,35.3,153,116,170,22.5,Moderate,Never,Frequent,0,0,0,6.1,Moderate,Poor,0
P2459,47,Male,21.2,125,87,143,16.4,Low,Never,Occasional,0,0,0,6.1,Moderate,Poor,0
P2460,21,Female,24.0,124,91,106,19.3,Low,Never,None,1,0,0,8.3,Low,Average,0
P2461,39,Female,21.1,127,87,113,9.7,Low,Former,None,0,0,0,8.7,Moderate,Average,0
P2462,31,Female,20.1,119,96,157,2.0,Moderate,Former,Occasional,0,0,0,6.7,Moderate,Good,0
P2463,47,Male,30.0,127,87,148,31.0,Moderate,Current,Frequent,0,0,0,7.4,Moderate,Poor,0
P2464,54,Female,25.5,130,70,123,12.6,Moderate,Never,Occasional,0,0,0,8.8,High,Average,0
P2465,47,Male,26.8,134,111,149,35.1,Low,Never,None,0,0,0,10.0,Low,Poor,0
P2466,30,Female,29.4,125,94,155,19.8,Low,Never,Occasional,0,1,0,7.3,Moderate,Average,0
P2467,36,Female,16.8,115,68,94,13.1,Moderate,Never,None,0,0,0,7.7,Moderate,Poor,0
P2468,60,Female,33.2,127,105,154,22.4,Moderate,Former,None,0,0,0,7.0,Moderate,Average,0
P2469,19,Female,24.7,116,79,106,17.2,Moderate,Current,Frequent,0,0,0,5.0,Moderate,Average,0
P2470,31,Male,29.3,123,79,126,48.6,Moderate,Never,Frequent,1,0,0,7.2,High,Good,0
P2471,74,Female,29.7,145,107,140,19.0,High,Former,None,0,1,1,8.4,Moderate,Poor,0
P2472,24,Female,33.6,104,117,180,37.5,High,Never,Occasional,0,0,0,5.9,High,Average,0
P2473,44,Male,26.0,139,95,150,17.5,Low,Never,None,0,0,0,4.6,Moderate,Average,0
P2474,31,Male,15.5,130,77,113,21.4,High,Former,None,1,0,0,7.5,Low,Average,0
P2475,24,Male,26.8,95,86,152,2.3,Moderate,Former,Frequent,0,0,1,4.7,Moderate,Good,0
P2476,44,Female,27.5,140,111,145,35.0,Moderate,Current,Occasional,0,0,0,4.9,Moderate,Good,0
P2477,50,Female,21.1,128,78,124,14.7,Moderate,Current,None,0,0,0,4.8,High,Average,0
P2478,29,Female,27.3,120,66,105,16.2,Low,Never,Occasional,1,0,0,4.4,Moderate,Average,0
P2479,22,Female,24.6,126,92,152,22.3,Moderate,Current,None,0,0,0,8.1,Moderate,Average,0
P2480,26,Male,19.5,133,88,144,13.2,Moderate,Former,Occasional,0,0,0,7.0,Moderate,Average,0
P2481,59,Female,30.0,150,106,177,12.9,High,Never,Frequent,1,1,0,9.3,Moderate,Poor,0
P2482,72,Male,23.6,144,111,160,2.0,Moderate,Never,Occasional,0,0,0,7.7,High,Good,0
P2483,29,Male,24.4,104,77,90,29.5,High,Current,Occasional,0,0,0,9.3,Low,Average,0
P2484,38,Male,24.1,103,99,140,12.7,Low,Current,None,0,0,0,6.0,High,Average,0
P2485,39,Male,32.9,137,141,217,23.5,High,Never,Occasional,1,1,0,7.2,High,Poor,1
P2486,40,Female,26.3,138,95,138,12.9,Moderate,Never,Frequent,1,0,0,5.3,High,Good,0
P2487,33,Female,26.9,112,92,110,29.6,Moderate,Never,None,0,0,0,6.5,Low,Average,0
P2488,21,Female,24.2,111,85,140,10.7,Moderate,Never,None,0,0,0,8.5,High,Average,0
P2489,51,Male,28.9,130,132,190,28.0,High,Current,None,0,1,0,6.8,Low,Poor,0
P2490,40,Male,33.5,123,123,162,25.0,Low,Never,Occasional,0,1,0,6.5,Low,Poor,0
P2491,39,Male,29.9,139,140,186,14.6,Moderate,Never,None,0,1,0,6.8,Low,Average,0
P2492,34,Female,30.1,123,106,142,29.4,High,Never,Occasional,1,0,0,7.0,Low,Poor,0
P2493,76,Male,29.7,142,100,158,30.1,Low,Never,None,0,0,0,7.0,Moderate,Poor,0
P2494,56,Male,19.3,164,81,128,6.6,Moderate,Former,Frequent,0,1,0,8.4,High,Poor,0
P2495,44,Female,21.9,112,87,115,11.7,Moderate,Current,None,0,0,0,5.9,Moderate,Average,0
P2496,30,Female,25.4,129,69,117,16.9,Moderate,Never,Occasional,1,1,0,6.6,Moderate,Average,0
P2497,68,Female,22.7,129,85,120,16.4,High,Never,Frequent,0,0,1,6.9,High,Good,0
P2498,73,Male,21.0,146,90,160,27.8,Low,Never,Occasional,0,1,0,5.7,High,Good,0
P2499,20,Female,16.8,115,74,133,9.4,Moderate,Current,None,0,0,0,6.3,High,Average,0
P2500,76,Male,19.5,152,114,158,10.5,Moderate,Current,Frequent,0,0,0,7.7,High,Good,0
P2501,62,Female,25.2,134,97,146,14.4,Moderate,Never,None,1,0,0,5.8,High,Poor,0
P2502,24,Male,26.1,112,65,130,9.4,Low,Never,Occasional,0,0,0,10.0,Low,Average,0
P2503,65,Female,22.4,135,78,122,2.0,Low,Former,None,0,0,0,8.8,Moderate,Average,0
P2504,24,Female,26.9,105,97,158,19.0,Moderate,Former,None,1,0,0,7.0,Moderate,Good,0
P2505,21,Female,24.2,120,88,159,18.9,Low,Former,Occasional,0,0,0,7.5,Low,Average,0
P2506,25,Male,32.2,119,128,171,26.5,Moderate,Never,Occasional,0,0,0,7.7,Low,Poor,0
P2507,46,Male,25.7,132,108,183,16.6,Low,Current,Frequent,0,0,0,7.5,Moderate,Average,0
P2508,57,Female,30.1,138,126,197,16.6,High,Never,Occasional,1,1,0,6.9,High,Average,0
P2509,43,Female,27.6,124,95,148,20.7,High,Never,None,0,0,0,10.0,Moderate,Average,0
P2510,25,Male,19.2,128,92,131,13.4,Moderate,Never,Occasional,0,0,0,5.9,Moderate,Average,0
P2511,30,Male,26.0,129,80,132,20.6,High,Never,None,1,0,0,6.3,Low,Average,0
P2512,71,Male,20.1,160,107,149,15.1,High,Never,None,0,1,0,6.9,Low,Poor,0
P2513,78,Male,25.9,154,104,140,20.2,Moderate,Never,None,0,1,0,7.6,High,Poor,0
P2514,65,Male,22.6,151,71,127,23.3,Moderate,Current,None,0,0,0,9.2,Moderate,Average,0
P2515,24,Male,28.5,111,105,138,24.8,Moderate,Former,None,0,0,0,6.8,Moderate,Average,0
P2516,69,Male,19.5,138,105,146,16.2,Moderate,Current,None,0,0,1,7.5,Low,Poor,0
P2517,61,Male,26.6,148,94,137,3.6,Moderate,Former,None,0,0,0,7.3,Low,Average,0
P2518,51,Female,29.5,144,133,161,32.1,Moderate,Never,Occasional,0,1,0,6.7,Moderate,Poor,0
P2519,27,Male,31.2,114,80,141,20.7,Moderate,Former,None,1,0,0,8.3,Moderate,Good,0
P2520,80,Male,22.5,141,84,127,13.2,Low,Former,Frequent,0,1,0,7.3,Low,Average,0
P2521,45,Male,26.6,130,101,170,7.4,Moderate,Current,Frequent,1,1,0,8.0,Moderate,Average,0
P2522,20,Female,27.5,106,89,134,35.3,High,Never,Frequent,0,0,0,6.4,Low,Poor,0
P2523,31,Male,34.5,136,102,147,7.4,Low,Never,None,0,0,0,6.2,Moderate,Average,0
P2524,43,Male,18.8,133,81,112,23.9,Low,Former,None,1,0,0,6.4,Moderate,Good,0
P2525,21,Male,21.8,106,74,122,15.4,High,Former,Occasional,1,0,0,7.2,Moderate,Good,0
P2526,38,Male,41.1,113,122,176,21.4,Low,Never,Occasional,0,0,0,8.1,Moderate,Average,0
P2527,47,Male,25.1,120,97,157,32.0,Moderate,Never,None,0,0,0,9.3,Low,Good,0
P2528,77,Male,16.7,139,71,117,16.1,Moderate,Never,None,0,0,0,7.0,Moderate,Average,0
P2529,23,Female,23.5,113,84,165,2.0,Moderate,Current,Occasional,0,0,0,9.0,Moderate,Average,0
P2530,54,Male,15.0,143,65,117,8.6,Low,Never,Occasional,0,0,0,7.6,Low,Average,0
P2531,75,Male,27.8,134,88,121,23.2,Low,Former,None,0,0,0,6.0,Low,Average,0
P2532,68,Female,30.7,162,120,153,37.7,Moderate,Never,None,0,0,0,6.9,Moderate,Average,0
P2533,76,Female,21.8,134,115,170,9.9,Low,Never,Occasional,0,0,0,7.7,High,Poor,0
P2534,28,Female,24.1,108,110,141,2.0,Moderate,Never,Occasional,0,1,0,7.8,Low,Good,0
P2535,68,Male,31.3,156,116,176,36.1,High,Never,Occasional,0,0,0,6.2,Moderate,Average,0
P2536,79,Male,17.4,159,73,133,16.0,Moderate,Never,Occasional,1,0,0,6.4,Moderate,Good,0
P2537,38,Male,19.6,121,76,137,2.0,Moderate,Former,Occasional,1,0,0,6.4,Low,Good,0
P2538,49,Female,25.3,133,109,143,19.4,Moderate,Never,None,0,0,0,6.6,Moderate,Average,0
P2539,51,Male,22.6,134,65,127,16.3,Low,Never,None,0,0,0,7.2,High,Good,0
P2540,49,Female,25.0,135,95,148,13.0,Moderate,Former,None,0,1,0,9.1,High,Good,0
P2541,36,Female,19.9,109,90,126,5.4,Moderate,Never,None,1,0,0,6.3,Moderate,Average,0
P2542,79,Female,27.6,126,96,142,13.8,High,Never,Frequent,0,1,0,4.8,Moderate,Poor,0
P2543,78,Male,25.7,137,106,162,14.3,Moderate,Former,Occasional,1,0,0,4.8,Moderate,Average,0
P2544,41,Female,29.4,143,107,146,24.3,Low,Never,Occasional,0,0,0,7.8,Moderate,Average,0
P2545,68,Male,27.5,158,82,136,24.9,Moderate,Never,None,1,0,0,6.1,Moderate,Good,0
P2546,43,Female,27.6,123,99,171,2.0,Moderate,Never,Occasional,0,0,0,7.1,Low,Average,0
P2547,68,Female,19.0,135,82,143,14.0,High,Never,None,0,1,0,6.0,Moderate,Average,0
P2548,54,Female,29.1,135,109,160,25.1,Low,Never,None,0,0,0,6.6,Moderate,Average,0
P2549,47,Male,24.8,137,109,161,17.4,Moderate,Current,Occasional,0,1,1,6.4,Moderate,Good,1
P2550,26,Female,25.6,122,96,136,13.1,Low,Never,None,0,0,0,6.0,Moderate,Average,0
P2551,59,Male,32.0,109,112,154,36.3,High,Former,None,1,0,0,8.3,High,Average,0
P2552,38,Male,22.8,155,91,114,23.7,Moderate,Former,None,0,0,0,8.4,Moderate,Good,0
P2553,31,Male,33.5,130,93,148,22.9,Moderate,Never,None,1,0,0,7.6,High,Average,0
P2554,30,Female,34.0,117,110,172,26.5,Moderate,Never,None,0,0,0,9.3,Moderate,Good,0
P2555,79,Female,30.4,138,100,149,28.3,High,Never,Occasional,0,0,1,5.2,Moderate,Average,0
P2556,24,Male,21.4,125,96,129,22.3,Moderate,Never,None,0,0,0,6.5,Moderate,Average,0
P2557,68,Female,15.1,144,85,131,5.5,Low,Current,None,0,0,0,6.4,Low,Poor,0
P2558,72,Female,32.1,148,130,202,18.2,Moderate,Never,None,0,1,0,7.7,Low,Average,1
P2559,19,Male,27.1,117,117,180,21.7,Low,Never,None,0,0,0,5.3,Moderate,Good,0
P2560,55,Female,22.6,136,92,139,3.7,High,Never,Occasional,0,1,0,7.6,High,Average,0
P2561,54,Female,32.6,136,104,187,9.5,Moderate,Former,Occasional,0,0,0,5.1,High,Good,0
P2562,40,Male,22.0,131,80,170,5.4,Moderate,Never,Occasional,0,0,0,7.7,Low,Average,0
P2563,60,Male,24.3,139,72,112,18.1,Low,Never,Occasional,1,0,0,8.2,Moderate,Good,0
P2564,43,Female,29.2,129,80,126,33.1,High,Never,Occasional,0,0,0,5.4,Moderate,Poor,0
P2565,45,Male,20.7,141,92,150,6.3,High,Current,None,1,0,0,6.4,Moderate,Average,0
P2566,45,Female,25.9,111,75,109,15.7,Moderate,Never,Occasional,0,0,0,8.2,Low,Good,0
P2567,68,Male,32.2,132,98,162,25.5,Moderate,Never,None,0,0,0,8.5,Moderate,Average,0
P2568,57,Male,27.6,134,99,150,13.5,Low,Former,Occasional,1,0,0,5.1,Moderate,Good,0
P2569,41,Male,33.0,122,111,168,20.3,Low,Former,Occasional,1,1,0,7.3,High,Average,0
P2570,76,Female,32.4,140,127,168,29.3,High,Never,Occasional,0,0,0,7.6,Low,Average,0
P2571,68,Female,26.5,152,101,137,7.9,Moderate,Current,None,0,0,1,6.8,High,Good,0
P2572,76,Female,15.0,142,65,90,5.9,Low,Never,Frequent,1,0,0,8.5,High,Average,0
P2573,64,Male,20.7,119,100,170,10.4,Moderate,Current,Occasional,1,0,0,6.1,Moderate,Average,0
P2574,42,Female,30.5,121,115,180,26.0,Moderate,Current,Occasional,1,0,0,6.3,High,Average,0
P2575,66,Female,18.4,144,69,125,2.0,Low,Never,Occasional,0,1,0,6.0,Moderate,Poor,0
P2576,38,Male,24.8,123,95,149,14.3,High,Never,Occasional,0,0,0,7.1,Moderate,Good,0
P2577,35,Female,28.3,127,88,100,9.2,Low,Never,Frequent,0,0,0,6.5,Moderate,Poor,0
P2578,46,Male,34.1,132,103,142,21.3,Low,Never,Occasional,0,0,0,7.8,Moderate,Good,0
P2579,79,Female,23.5,144,122,165,21.9,High,Never,None,0,0,0,6.4,Low,Average,0
P2580,53,Female,23.2,119,92,122,12.8,Low,Current,Occasional,0,0,0,6.6,Low,Average,0
P2581,42,Male,26.2,126,99,120,30.4,Low,Never,None,1,1,0,7.1,Moderate,Good,0
P2582,47,Male,28.3,122,102,136,19.1,Moderate,Never,Occasional,0,0,0,5.9,Low,Good,0
P2583,36,Female,25.7,119,105,154,24.6,Low,Never,Frequent,0,0,0,8.1,Moderate,Good,0
P2584,59,Male,32.0,146,108,159,31.0,Moderate,Never,Frequent,0,1,0,7.7,High,Good,0
P2585,40,Male,22.3,128,79,141,12.3,Moderate,Never,Occasional,1,0,0,7.6,Moderate,Average,0
P2586,52,Male,27.1,144,115,197,8.8,High,Current,None,1,1,0,5.6,Moderate,Poor,0
P2587,41,Female,28.8,121,79,139,19.3,High,Never,Occasional,0,0,0,8.7,High,Average,0
P2588,38,Male,24.4,138,104,149,10.9,Low,Never,None,0,0,0,4.6,Moderate,Average,0
P2589,79,Male,30.9,157,96,175,18.1,Moderate,Never,Frequent,1,1,0,7.8,Low,Poor,0
P2590,39,Female,27.3,125,93,116,19.6,Moderate,Never,None,0,0,0,7.0,Moderate,Average,0
P2591,22,Male,30.6,120,79,96,10.7,Low,Never,Occasional,0,0,0,7.7,High,Average,0
P2592,41,Female,27.5,118,83,118,11.6,Low,Never,None,1,0,0,6.6,Moderate,Average,0
P2593,51,Female,28.5,109,120,182,13.3,Moderate,Never,Occasional,0,0,0,7.0,Low,Average,0
P2594,23,Female,23.2,109,100,150,11.4,Moderate,Never,Frequent,0,0,0,7.7,Moderate,Good,0
P2595,37,Male,23.2,130,104,133,7.6,High,Never,Occasional,0,0,0,6.9,Moderate,Average,0
P2596,28,Female,32.9,118,87,126,19.5,Low,Current,Occasional,0,0,0,7.1,Moderate,Average,0
P2597,49,Female,29.8,128,89,119,22.4,Low,Former,None,1,0,0,7.2,Low,Average,0
P2598,63,Male,21.2,128,92,119,8.4,High,Never,None,0,0,0,9.5,High,Average,0
P2599,79,Male,27.4,131,121,195,20.2,High,Never,Occasional,0,1,0,5.0,Moderate,Average,0
P2600,42,Male,15.0,139,65,107,3.1,Moderate,Never,None,0,0,0,8.4,Moderate,Average,0
P2601,72,Male,23.5,145,93,169,7.2,Moderate,Never,Occasional,0,1,0,7.4,Low,Good,0
P2602,31,Male,31.5,115,89,125,39.7,High,Never,None,0,0,0,7.3,Low,Good,0
P2603,67,Male,25.8,132,122,178,12.7,Low,Former,None,1,0,0,5.3,Low,Average,0
P2604,53,Male,27.1,144,92,144,2.0,Moderate,Never,Occasional,1,0,0,8.3,Moderate,Average,0
P2605,65,Male,15.0,147,75,134,14.7,Moderate,Never,Occasional,0,0,0,5.5,High,Good,0
P2606,65,Male,24.5,133,104,156,9.7,Low,Never,Frequent,0,1,0,8.6,High,Average,0
P2607,51,Female,28.3,142,117,182,22.9,High,Never,None,0,0,0,6.2,Low,Average,0
P2608,34,Male,28.9,119,86,144,19.6,High,Never,None,0,0,0,8.6,Moderate,Average,0
P2609,51,Male,31.5,124,125,158,29.8,Moderate,Former,None,0,0,0,6.0,Moderate,Average,0
P2610,70,Male,25.4,138,80,140,15.3,Low,Never,Frequent,0,0,0,5.7,Low,Average,0
P2611,79,Male,25.6,138,117,164,15.9,High,Former,Occasional,1,0,0,6.7,Moderate,Good,0
P2612,76,Male,19.6,136,70,104,21.2,Moderate,Current,Frequent,1,1,0,6.0,Low,Average,0
P2613,29,Male,25.4,126,89,148,2.0,Low,Never,Frequent,0,0,0,6.6,High,Good,0
P2614,55,Female,19.9,130,106,167,2.0,Moderate,Never,None,1,0,0,8.9,Moderate,Average,0
P2615,24,Female,16.9,121,81,118,5.4,Moderate,Never,Occasional,1,0,0,6.2,Low,Average,0
P2616,60,Female,20.9,143,99,140,2.0,Low,Never,None,0,1,0,7.1,Moderate,Good,0
P2617,80,Female,34.3,152,105,134,23.3,Low,Current,Occasional,1,0,0,8.8,High,Poor,1
P2618,21,Female,25.1,93,78,97,11.1,High,Current,Frequent,0,0,0,7.1,High,Good,0
P2619,59,Male,27.6,131,127,172,28.7,High,Never,None,0,1,0,8.2,Low,Average,0
P2620,77,Female,23.8,150,103,163,13.7,Moderate,Former,Occasional,1,0,0,7.5,Moderate,Average,0
P2621,71,Female,17.2,128,93,129,10.3,Low,Never,None,0,0,0,8.1,Low,Average,0
P2622,42,Female,31.4,134,114,187,21.4,Low,Former,Occasional,1,1,0,6.8,High,Good,0
P2623,24,Female,15.2,101,65,106,3.6,Moderate,Current,None,1,0,0,7.6,Moderate,Good,0
P2624,76,Male,23.6,149,113,157,22.1,Low,Former,Occasional,0,1,0,9.0,Moderate,Average,0
P2625,76,Female,26.2,160,105,149,27.1,Moderate,Never,Occasional,0,0,0,6.5,Low,Good,0
P2626,54,Female,27.7,145,105,170,9.5,Low,Never,Occasional,0,1,0,7.4,Low,Average,0
P2627,79,Male,22.7,127,74,106,25.8,Moderate,Former,Frequent,0,0,0,6.0,Moderate,Average,0
P2628,18,Male,16.9,120,84,127,6.6,High,Never,Occasional,0,0,0,8.1,Moderate,Average,0
P2629,56,Female,22.3,156,102,140,6.5,Moderate,Never,None,1,1,0,4.9,Low,Poor,0
P2630,20,Male,22.6,141,75,113,16.5,Low,Never,None,1,0,0,6.5,Moderate,Poor,0
P2631,76,Male,22.5,149,109,157,17.8,Moderate,Current,None,0,0,0,8.1,Moderate,Average,0
P2632,60,Male,31.5,121,113,161,23.9,Low,Current,None,0,0,0,6.7,Low,Average,0
P2633,75,Female,20.2,153,98,161,9.2,Moderate,Never,None,0,1,0,4.7,Low,Good,0
P2634,53,Male,28.1,147,113,162,29.7,Moderate,Former,None,0,0,0,5.9,Moderate,Average,0
P2635,23,Male,27.3,113,103,161,13.6,High,Former,Frequent,0,0,0,6.0,High,Poor,0
P2636,19,Male,31.5,123,107,160,23.4,High,Never,Frequent,0,0,0,8.7,Moderate,Good,0
P2637,39,Male,25.8,115,91,162,30.1,Low,Never,None,0,0,0,7.8,Low,Average,0
P2638,64,Female,30.6,141,136,181,14.5,Moderate,Former,Occasional,0,0,0,7.9,Low,Average,0
P2639,27,Female,25.6,97,88,131,12.7,Low,Never,None,0,1,0,5.4,Moderate,Good,0
P2640,71,Female,28.8,132,116,177,29.6,Moderate,Never,Occasional,0,0,0,6.9,Low,Average,0
P2641,33,Female,18.7,120,76,117,16.2,Low,Never,None,1,0,0,8.7,Low,Good,0
P2642,49,Female,15.0,125,78,130,19.2,Moderate,Former,None,1,0,0,7.9,Low,Average,0
P2643,30,Male,28.5,111,122,209,11.0,High,Never,None,0,1,0,6.2,Moderate,Good,0
P2644,47,Female,28.7,128,104,138,22.9,Low,Never,Occasional,1,1,0,7.8,Moderate,Average,0
P2645,46,Male,29.0,131,110,184,18.9,High,Never,Occasional,1,0,1,5.3,Low,Average,0
P2646,18,Female,23.8,111,89,129,32.3,Moderate,Never,Occasional,1,0,0,5.8,Moderate,Average,0
P2647,53,Female,34.2,132,106,179,33.6,Moderate,Never,None,1,0,0,4.6,Moderate,Good,0
P2648,67,Male,24.1,146,112,171,15.3,Moderate,Never,Occasional,1,0,0,6.7,Low,Poor,0
P2649,76,Female,28.7,145,124,183,24.2,Low,Never,None,1,1,0,7.6,High,Average,0
P2650,38,Female,29.6,137,96,143,21.6,Low,Never,None,0,0,0,5.7,High,Poor,0
P2651,73,Male,35.4,132,136,184,36.6,Low,Never,None,0,0,0,6.7,Low,Average,1
P2652,73,Female,24.9,167,93,129,8.6,Moderate,Never,None,1,1,0,5.9,Low,Average,0
P2653,80,Male,23.1,157,95,142,24.2,Low,Never,Occasional,0,0,0,6.1,Low,Poor,0
P2654,41,Male,18.7,121,72,115,2.0,Moderate,Never,Occasional,0,0,0,5.6,Moderate,Average,0
P2655,71,Male,34.6,138,129,183,31.1,High,Never,Occasional,0,0,0,8.3,Moderate,Average,0
P2656,53,Male,28.7,133,96,123,13.4,Moderate,Never,None,0,0,0,6.0,High,Good,0
P2657,21,Female,28.9,120,108,158,21.3,Low,Never,None,1,0,0,6.6,Moderate,Average,0
P2658,35,Female,42.7,132,138,212,47.8,Moderate,Never,Occasional,0,0,0,6.2,Low,Poor,0
P2659,60,Female,28.2,122,97,161,5.7,Low,Never,None,0,0,0,7.2,High,Average,0
P2660,28,Female,19.7,122,104,151,11.0,Moderate,Current,None,1,0,0,9.8,Moderate,Average,0
P2661,45,Female,25.5,106,84,173,4.7,Low,Never,None,0,0,0,10.0,Low,Good,0
P2662,66,Male,21.4,137,69,107,9.8,Low,Former,Frequent,1,0,1,6.6,Low,Good,0
P2663,27,Male,24.4,131,100,146,3.3,High,Never,Occasional,0,0,0,7.4,High,Average,0
P2664,49,Female,24.4,115,65,90,16.2,Low,Never,None,0,0,0,8.0,High,Average,0
P2665,31,Female,23.4,103,108,149,10.9,Low,Never,Occasional,0,0,0,8.4,Moderate,Good,0
P2666,51,Male,19.3,132,83,158,18.0,Low,Never,Frequent,0,0,0,7.6,Low,Poor,0
P2667,33,Female,34.8,134,92,138,37.2,Low,Former,None,1,0,0,8.2,Low,Good,0
P2668,78,Male,28.1,153,99,124,19.4,High,Never,None,0,1,0,7.4,Moderate,Good,0
P2669,22,Male,25.3,95,67,129,23.1,Low,Current,Frequent,1,0,0,6.1,Low,Good,0
P2670,78,Male,30.4,133,123,179,35.0,Low,Never,Frequent,0,1,0,8.2,Low,Good,0
P2671,67,Male,28.9,140,87,150,12.9,High,Former,Occasional,0,0,0,7.0,Low,Poor,0
P2672,71,Male,27.9,129,111,155,31.4,Low,Never,None,0,0,0,7.3,Moderate,Average,0
P2673,71,Female,30.1,148,111,145,22.3,Low,Never,None,0,1,0,5.2,Moderate,Poor,1
P2674,29,Female,27.2,120,88,134,10.4,Low,Former,Frequent,0,0,0,5.9,High,Average,0
P2675,76,Female,30.0,144,124,183,25.9,High,Never,Occasional,0,1,1,6.4,Low,Good,0
P2676,55,Male,30.4,155,122,171,23.3,Moderate,Former,None,0,1,0,7.5,High,Good,0
P2677,78,Female,27.3,156,127,182,9.3,Moderate,Never,None,0,1,0,9.0,Moderate,Average,0
P2678,73,Female,25.4,154,90,130,7.3,Moderate,Former,None,1,0,0,7.8,High,Average,0
P2679,54,Male,34.5,141,115,173,41.3,Moderate,Former,Occasional,0,0,0,6.6,Moderate,Poor,0
P2680,41,Male,24.0,123,81,129,16.6,Moderate,Never,Occasional,0,0,0,5.7,Moderate,Average,0
P2681,25,Male,28.5,114,99,137,31.7,High,Current,None,0,0,0,8.4,High,Poor,0
P2682,24,Female,28.7,112,86,138,16.7,Moderate,Former,Occasional,1,0,0,7.2,Moderate,Good,0
P2683,42,Female,23.3,132,83,124,7.1,High,Never,Occasional,0,0,0,3.5,Moderate,Average,0
P2684,69,Female,22.3,139,92,149,2.0,Low,Never,Occasional,0,1,1,8.1,High,Poor,0
P2685,49,Female,24.7,151,104,166,23.3,Moderate,Former,None,0,1,0,7.3,Moderate,Average,0
P2686,48,Female,23.9,121,91,147,17.6,Moderate,Former,Frequent,1,0,0,4.3,Low,Average,0
P2687,33,Male,18.9,122,84,104,8.7,Low,Current,None,0,0,0,7.6,Low,Average,0
P2688,53,Female,23.1,129,89,121,7.0,Low,Former,Occasional,1,0,0,7.0,Moderate,Average,0
P2689,58,Male,27.9,134,100,139,28.1,Low,Never,None,0,1,0,5.3,High,Average,0
P2690,79,Female,33.1,172,126,164,26.0,Low,Never,Occasional,1,1,0,9.3,High,Poor,0
P2691,63,Female,29.4,132,93,134,19.5,Moderate,Never,Occasional,0,0,0,7.4,Moderate,Good,0
P2692,56,Female,15.0,130,81,140,7.2,Low,Never,None,0,0,0,6.3,Moderate,Poor,0
P2693,75,Male,29.8,142,112,173,19.1,Moderate,Current,Occasional,1,1,0,5.9,Low,Average,0
P2694,44,Female,23.6,127,92,133,18.3,Low,Former,Occasional,0,0,0,6.6,High,Poor,0
P2695,76,Female,28.9,148,117,176,10.3,Moderate,Current,Occasional,0,1,0,6.7,Moderate,Good,0
P2696,41,Female,26.4,118,125,179,19.9,Low,Former,None,1,1,0,7.6,Moderate,Average,0
P2697,26,Female,25.5,117,103,151,24.1,Low,Former,None,0,1,0,6.6,High,Poor,0
P2698,44,Male,26.0,132,96,163,16.1,Moderate,Never,Frequent,1,0,0,6.4,Moderate,Average,0
P2699,26,Male,26.4,127,83,121,25.7,Low,Never,None,0,0,0,7.0,Moderate,Good,0
P2700,25,Male,33.5,116,119,171,38.0,Low,Never,Occasional,0,0,0,6.3,Moderate,Average,0
P2701,73,Female,26.4,143,97,129,24.5,Moderate,Current,None,0,0,0,6.7,Low,Average,0
P2702,68,Male,32.1,136,91,125,19.8,High,Never,Occasional,1,0,0,8.5,Moderate,Average,0
P2703,31,Female,31.4,114,102,130,23.2,Moderate,Current,Occasional,0,0,0,6.3,Moderate,Average,0
P2704,70,Male,30.0,131,111,145,25.2,Moderate,Never,Occasional,0,0,0,6.6,Moderate,Poor,0
P2705,22,Female,17.2,104,67,114,8.2,Moderate,Never,Occasional,1,1,0,5.9,Moderate,Poor,0
P2706,35,Male,32.3,119,112,158,21.3,Moderate,Never,Occasional,0,1,0,8.1,High,Good,0
P2707,62,Female,24.1,145,93,136,10.0,Moderate,Never,Frequent,0,0,0,4.8,Low,Average,0
P2708,37,Male,30.2,118,102,147,42.3,Moderate,Never,Occasional,0,0,0,5.8,Moderate,Poor,0
P2709,64,Male,21.4,134,106,181,10.3,Moderate,Never,Occasional,0,0,1,7.7,High,Average,0
P2710,73,Female,20.3,139,69,97,20.5,Moderate,Never,Occasional,0,0,0,6.6,Moderate,Good,0
P2711,22,Male,36.8,127,143,175,26.2,Moderate,Never,Occasional,0,0,0,7.9,Low,Average,0
P2712,19,Male,21.5,103,80,113,25.6,Low,Never,Occasional,1,0,0,6.6,Moderate,Average,0
P2713,77,Male,32.5,152,130,179,24.0,Moderate,Current,Occasional,1,1,0,6.0,Low,Average,1
P2714,50,Female,27.1,134,107,164,19.1,Moderate,Never,Frequent,1,1,0,6.7,Moderate,Average,0
P2715,49,Male,24.3,135,75,133,2.0,Moderate,Never,Frequent,1,1,0,5.2,Moderate,Good,0
P2716,47,Male,26.3,130,81,145,26.1,Low,Current,Occasional,1,0,0,5.8,Low,Average,0
P2717,45,Female,19.7,127,74,118,22.7,Moderate,Never,Occasional,0,0,0,7.9,High,Good,0
P2718,61,Female,26.4,144,113,155,8.8,High,Current,None,0,0,0,6.5,Moderate,Average,0
P2719,54,Male,20.9,132,66,139,21.4,Low,Current,Occasional,0,0,0,6.8,Moderate,Poor,0
P2720,28,Male,24.4,135,76,90,4.2,Moderate,Former,Occasional,0,0,0,6.9,High,Poor,0
P2721,57,Male,31.3,134,111,162,29.1,Low,Never,Frequent,1,0,0,4.9,Low,Good,0
P2722,60,Male,27.8,118,108,164,17.3,Moderate,Current,Occasional,0,0,0,4.9,Moderate,Average,0
P2723,25,Female,18.8,122,82,158,22.7,Low,Never,Occasional,1,0,0,7.3,Moderate,Average,0
P2724,41,Male,30.9,129,91,114,24.7,Moderate,Never,None,0,0,0,6.3,Low,Average,0
P2725,67,Female,26.5,144,85,127,24.9,Low,Never,Occasional,0,1,0,6.5,Moderate,Average,0
P2726,56,Female,23.7,130,100,126,23.9,Low,Never,None,0,0,0,7.5,Moderate,Poor,0
P2727,26,Male,30.4,95,121,142,21.4,Low,Never,Occasional,0,0,0,5.7,High,Average,0
P2728,20,Male,25.6,99,92,137,16.1,Low,Current,None,1,1,0,6.1,Moderate,Average,0
P2729,54,Male,20.4,148,68,128,3.1,High,Never,None,0,0,0,6.4,Moderate,Good,0
P2730,47,Female,36.1,122,112,183,27.5,Low,Never,Occasional,0,0,1,7.2,Moderate,Poor,0
P2731,78,Female,26.4,160,114,154,33.8,Low,Never,Occasional,0,1,0,6.4,Low,Average,0
P2732,50,Male,26.1,114,93,152,23.0,High,Never,None,0,0,0,6.0,Low,Average,0
P2733,76,Male,24.4,133,117,162,7.9,Low,Current,Occasional,1,0,0,8.8,Moderate,Good,0
P2734,31,Female,32.6,126,120,180,39.4,Moderate,Current,None,0,0,0,6.8,Moderate,Average,0
P2735,46,Male,23.8,126,93,159,17.3,Low,Former,None,1,0,0,7.6,Moderate,Poor,0
P2736,26,Male,18.5,122,65,108,18.6,High,Former,None,0,0,0,4.6,Low,Average,0
P2737,54,Male,23.0,132,80,145,17.1,Moderate,Current,None,0,0,0,5.3,Moderate,Poor,0
P2738,29,Female,33.4,116,101,133,29.1,Low,Never,Occasional,0,0,0,7.5,Moderate,Poor,0
P2739,49,Female,30.8,122,96,157,6.6,Moderate,Never,Occasional,0,0,0,6.5,High,Average,0
P2740,39,Male,25.2,117,102,167,24.9,Low,Never,Occasional,0,1,0,6.3,Moderate,Average,0
P2741,29,Male,33.6,132,112,178,8.8,Low,Never,Occasional,0,0,0,5.7,Moderate,Good,0
P2742,24,Male,30.4,131,78,109,30.2,Moderate,Current,None,1,0,0,8.0,Moderate,Good,0
P2743,50,Female,25.1,124,112,157,17.5,Moderate,Former,Occasional,1,1,1,7.6,High,Average,0
P2744,77,Male,25.6,138,107,160,23.6,Moderate,Never,Occasional,0,1,0,6.7,Moderate,Poor,0
P2745,30,Male,28.2,115,102,158,20.9,Low,Never,Occasional,1,0,0,7.1,Low,Average,0
P2746,43,Male,22.2,129,97,146,20.6,Moderate,Former,Occasional,1,0,0,6.4,Moderate,Average,0
P2747,32,Female,26.5,118,83,154,17.5,Low,Current,None,0,0,0,6.0,Low,Average,0
P2748,68,Male,28.1,144,121,149,23.2,Moderate,Current,None,0,0,0,6.2,High,Good,0
P2749,44,Female,17.7,126,75,117,15.2,Low,Former,None,0,0,0,7.7,High,Average,0
P2750,79,Female,25.5,149,128,149,33.5,Moderate,Former,Occasional,0,1,0,6.3,Low,Average,0
P2751,33,Female,24.9,144,78,136,20.3,Moderate,Never,None,1,0,0,6.9,Low,Average,0
P2752,23,Male,31.8,109,124,183,15.1,Moderate,Never,Occasional,0,0,0,6.3,Moderate,Average,0
P2753,54,Male,16.9,148,65,164,7.5,Moderate,Never,Occasional,0,0,0,7.9,Moderate,Average,0
P2754,59,Male,24.5,154,137,201,22.7,Moderate,Never,Occasional,1,1,0,6.0,Moderate,Average,0
P2755,80,Male,24.0,151,84,137,24.5,High,Current,Occasional,1,0,0,8.6,Moderate,Good,0
P2756,72,Female,31.5,127,134,188,20.3,High,Current,None,0,1,0,6.1,High,Average,1
P2757,73,Male,26.3,143,96,139,35.1,High,Never,Frequent,1,0,0,6.1,Moderate,Average,0
P2758,57,Male,35.8,128,129,183,32.3,Low,Never,None,0,0,0,9.2,High,Average,0
P2759,40,Female,29.9,129,109,163,25.6,Low,Never,Occasional,0,1,0,5.5,Moderate,Good,0
P2760,45,Male,24.4,116,76,92,4.8,Moderate,Never,None,0,0,0,6.8,Moderate,Average,0
P2761,26,Male,27.7,124,65,117,27.8,Low,Current,Occasional,1,0,0,8.0,Moderate,Average,0
P2762,45,Female,24.7,142,134,184,14.4,Moderate,Former,Occasional,0,1,0,4.9,Moderate,Average,0
P2763,40,Female,31.0,136,106,184,17.3,Low,Current,None,0,0,0,7.1,Low,Average,0
P2764,20,Female,19.6,109,65,109,9.5,Moderate,Never,None,1,0,0,5.0,Low,Poor,0
P2765,30,Male,22.2,108,88,123,23.3,Low,Former,Occasional,1,0,0,6.8,High,Average,0
P2766,51,Female,28.9,134,112,166,25.0,High,Current,Occasional,0,0,0,9.2,Moderate,Average,0
P2767,41,Female,32.9,142,100,152,18.0,Moderate,Former,Occasional,0,0,0,4.0,Low,Average,0
P2768,80,Male,15.0,147,67,109,7.8,Low,Never,None,0,0,0,6.7,Moderate,Average,0
P2769,48,Male,33.6,133,112,143,38.2,Moderate,Never,None,0,0,0,6.3,High,Average,0
P2770,78,Female,25.8,148,124,170,16.6,Moderate,Never,Frequent,0,1,0,5.6,Low,Poor,0
P2771,59,Male,16.7,130,79,115,16.5,High,Never,None,1,0,0,5.0,Moderate,Good,0
P2772,20,Male,15.0,120,87,128,18.4,Moderate,Never,Occasional,0,0,0,8.1,Moderate,Poor,0
P2773,30,Female,18.5,123,99,156,2.0,Moderate,Former,None,0,1,0,7.0,High,Average,0
P2774,62,Female,26.4,145,103,141,27.6,Low,Never,Occasional,1,1,0,4.6,Moderate,Average,0
P2775,52,Male,26.2,136,75,120,10.2,Moderate,Never,None,0,0,0,5.7,Moderate,Good,0
P2776,37,Female,29.8,126,99,157,18.5,Low,Never,Frequent,0,0,0,6.1,Moderate,Average,0
P2777,50,Female,23.6,140,105,148,26.6,High,Current,Occasional,0,1,0,4.9,High,Poor,0
P2778,74,Female,20.7,134,89,177,23.6,Moderate,Never,None,0,0,0,6.9,Low,Average,0
P2779,42,Male,24.4,116,100,152,18.8,High,Never,Occasional,0,0,0,7.1,Low,Average,0
P2780,20,Male,26.7,113,104,133,23.8,Moderate,Former,None,0,0,0,7.1,Moderate,Average,0
P2781,37,Female,27.7,122,105,141,27.1,Low,Never,Frequent,0,0,0,9.2,High,Average,0
P2782,76,Male,22.4,139,89,121,23.9,Low,Never,None,0,0,0,5.7,Moderate,Poor,0
P2783,65,Female,31.2,145,124,161,37.4,Low,Former,Frequent,0,1,0,6.2,Low,Average,0
P2784,70,Female,23.3,155,132,188,17.0,Low,Never,Occasional,0,1,0,6.2,Moderate,Poor,0
P2785,75,Male,22.0,155,71,100,6.1,Low,Never,None,1,0,0,7.8,Moderate,Average,0
P2786,25,Female,23.7,130,93,135,12.0,Moderate,Former,Frequent,1,0,0,7.7,Low,Average,0
P2787,35,Female,32.1,108,132,201,27.7,Moderate,Never,Frequent,0,0,0,5.4,Moderate,Good,0
P2788,21,Female,25.8,102,74,114,16.1,Moderate,Never,Occasional,0,0,0,8.5,Low,Average,0
P2789,18,Female,22.9,109,97,155,5.0,Moderate,Never,Occasional,0,0,0,5.7,Moderate,Poor,0
P2790,70,Female,31.3,146,134,157,29.4,Low,Never,Occasional,1,1,0,7.8,Moderate,Average,0
P2791,77,Female,37.6,147,113,159,19.2,Moderate,Never,None,0,1,0,7.8,Moderate,Good,0
P2792,27,Female,27.6,116,112,147,20.4,Low,Never,Frequent,0,1,0,7.3,Low,Poor,0
P2793,63,Female,32.9,134,110,166,27.1,High,Never,None,0,0,0,6.4,Moderate,Average,0
P2794,51,Male,31.9,140,115,149,26.0,Moderate,Current,Occasional,0,1,0,6.4,Moderate,Good,0
P2795,22,Male,23.4,101,81,162,20.5,Low,Never,Occasional,0,0,0,7.4,High,Average,0
P2796,75,Male,26.6,172,127,149,25.4,Moderate,Current,Frequent,0,1,0,7.4,Moderate,Average,0
P2797,72,Female,19.8,142,85,149,29.8,Moderate,Never,Occasional,1,0,0,7.7,Moderate,Average,0
P2798,53,Male,25.4,142,89,151,11.9,Low,Never,Occasional,0,0,0,7.7,Moderate,Average,0
P2799,62,Female,23.2,130,86,138,15.7,Low,Never,Occasional,1,0,1,7.2,Low,Average,0
P2800,43,Male,24.4,131,86,135,16.6,Low,Never,Occasional,0,0,0,8.5,Moderate,Poor,0
P2801,67,Male,22.6,140,76,153,14.1,Moderate,Never,None,0,0,0,6.1,Low,Average,0
P2802,46,Male,25.0,141,93,181,5.5,Moderate,Never,Frequent,1,1,0,6.9,Moderate,Good,0
P2803,80,Female,29.3,144,110,156,12.1,Moderate,Former,Occasional,0,0,0,6.1,Low,Poor,0
P2804,21,Female,25.9,134,103,154,17.0,Low,Never,Occasional,0,1,1,9.7,Low,Poor,0
P2805,28,Female,16.8,103,89,125,2.0,Low,Never,None,0,0,0,7.7,Moderate,Poor,0
P2806,79,Female,22.6,160,104,132,10.4,Moderate,Former,Occasional,0,1,0,8.0,High,Average,0
P2807,36,Male,18.6,123,71,124,6.8,Low,Never,Occasional,1,0,0,7.3,Moderate,Average,0
P2808,37,Female,27.8,112,83,136,16.6,Moderate,Current,Frequent,1,0,0,6.7,Moderate,Good,0
P2809,67,Male,29.1,158,110,134,30.4,Low,Current,None,0,0,0,10.0,Moderate,Poor,0
P2810,29,Male,27.8,142,101,157,10.4,Low,Never,Occasional,0,1,0,8.3,Moderate,Good,0
P2811,50,Female,22.4,109,87,139,19.4,Moderate,Never,None,1,0,0,6.4,Moderate,Average,0
P2812,36,Female,27.8,124,101,140,14.5,Low,Current,Occasional,0,0,0,6.5,Moderate,Average,0
P2813,30,Male,24.1,131,102,139,11.1,Moderate,Current,Occasional,0,1,0,7.1,High,Poor,0
P2814,78,Female,20.6,149,93,146,15.7,Moderate,Current,None,1,0,0,6.2,Moderate,Poor,0
P2815,30,Male,30.4,134,100,176,19.9,Moderate,Never,Occasional,0,0,0,6.4,Moderate,Poor,0
P2816,23,Female,30.8,128,90,146,15.4,High,Never,Occasional,0,0,0,5.0,Moderate,Average,0
P2817,60,Female,31.4,138,101,164,20.4,Moderate,Never,Occasional,0,0,0,3.9,Moderate,Average,0
P2818,72,Female,23.3,169,113,147,2.0,Moderate,Never,Occasional,0,1,0,9.2,Moderate,Average,0
P2819,26,Female,32.6,126,100,144,27.8,Moderate,Never,None,1,0,0,6.2,Low,Average,0
P2820,62,Female,23.9,133,75,132,2.0,Moderate,Former,Occasional,1,0,0,6.4,Moderate,Good,0
P2821,52,Male,29.9,125,121,149,30.3,Moderate,Never,Occasional,1,0,0,6.9,Moderate,Poor,0
P2822,70,Female,23.8,158,89,140,19.1,Moderate,Former,Occasional,1,1,1,7.6,Low,Good,0
P2823,25,Male,25.3,113,97,153,28.8,Low,Never,Occasional,0,1,0,7.7,Moderate,Poor,0
P2824,79,Male,15.0,141,84,128,29.5,Moderate,Current,Occasional,1,0,0,8.0,Moderate,Average,0
P2825,57,Female,24.9,131,95,148,23.0,Low,Never,Occasional,0,0,0,7.5,Low,Average,0
P2826,71,Female,27.0,145,67,117,13.0,High,Current,Frequent,1,0,0,6.5,High,Average,0
P2827,40,Male,24.4,122,96,134,32.3,Moderate,Former,Occasional,1,0,0,8.3,Moderate,Good,0
P2828,77,Male,35.6,131,141,174,22.0,Low,Never,None,1,0,0,6.6,Moderate,Average,1
P2829,57,Female,20.5,150,103,148,2.0,Moderate,Former,Occasional,1,1,0,8.0,High,Poor,0
P2830,25,Male,23.6,112,65,133,28.7,Moderate,Never,Occasional,0,0,0,5.0,Moderate,Average,0
P2831,76,Male,21.8,169,128,191,19.1,Moderate,Never,Occasional,1,1,0,8.4,High,Average,0
P2832,68,Male,23.6,148,82,124,2.0,Moderate,Never,None,0,1,0,5.7,High,Good,0
P2833,36,Male,31.9,135,91,136,13.0,Low,Current,None,0,0,0,5.1,Moderate,Good,0
P2834,52,Female,34.2,137,125,169,33.1,High,Current,Occasional,0,0,0,5.2,Moderate,Average,0
P2835,42,Female,22.9,138,94,134,6.1,High,Never,None,0,0,0,7.0,High,Average,0
P2836,52,Female,22.7,136,90,142,7.0,High,Never,None,1,0,0,9.5,Low,Poor,0
P2837,78,Male,20.5,147,81,144,27.7,Moderate,Never,Occasional,0,0,0,6.6,Moderate,Average,0
P2838,74,Female,33.3,159,142,229,46.1,Low,Never,None,0,1,0,6.7,Moderate,Average,1
P2839,31,Female,32.3,144,106,143,26.0,High,Never,Occasional,0,0,0,7.7,High,Average,0
P2840,79,Male,25.9,143,79,138,15.5,Low,Never,None,0,0,0,6.1,Moderate,Poor,0
P2841,45,Male,19.2,135,97,152,19.2,Low,Never,None,0,0,0,6.6,Low,Average,0
P2842,62,Male,19.7,136,87,128,7.5,Moderate,Current,Frequent,1,0,0,6.4,Moderate,Average,0
P2843,66,Female,27.4,148,125,157,2.6,Moderate,Current,Occasional,1,1,0,9.2,Moderate,Average,0
P2844,48,Female,29.4,129,111,165,2.0,Moderate,Never,Frequent,0,0,0,6.9,Low,Poor,0
P2845,46,Male,15.8,106,106,185,11.9,Moderate,Never,Occasional,0,0,0,7.7,Moderate,Good,0
P2846,46,Male,24.8,125,88,140,22.4,Low,Never,Occasional,0,0,0,5.9,Moderate,Average,0
P2847,72,Male,34.9,157,127,166,29.8,Moderate,Never,None,1,1,0,5.4,Moderate,Average,0
P2848,42,Female,25.4,123,110,156,23.4,High,Never,None,0,1,0,7.6,Moderate,Average,0
P2849,35,Male,34.2,131,107,140,34.5,High,Never,None,0,0,0,7.1,Moderate,Average,0
P2850,40,Male,29.9,126,114,164,33.7,Low,Never,None,0,0,0,8.0,High,Average,0
P2851,30,Male,20.9,117,65,122,13.5,Low,Former,Frequent,0,0,0,5.7,Moderate,Poor,0
P2852,42,Female,25.0,134,91,128,17.8,Low,Never,Occasional,0,0,0,6.7,Low,Average,0
P2853,25,Male,25.8,123,90,90,16.3,Moderate,Former,Occasional,1,0,0,5.3,Moderate,Good,0
P2854,23,Female,21.5,119,79,130,9.9,Moderate,Never,Occasional,0,0,0,6.2,Low,Average,0
P2855,63,Female,21.5,147,76,115,2.0,Moderate,Former,None,0,0,0,5.1,Low,Poor,0
P2856,22,Female,34.3,116,122,161,37.9,Low,Former,Frequent,0,0,0,6.5,Moderate,Good,0
P2857,53,Male,21.4,115,79,114,8.9,Moderate,Current,Occasional,0,0,0,8.4,Moderate,Average,0
P2858,67,Male,32.1,135,115,172,21.8,Moderate,Never,None,0,0,1,5.8,High,Average,0
P2859,63,Male,24.2,119,94,135,10.3,Moderate,Never,Occasional,0,0,0,5.8,Moderate,Average,0
P2860,46,Female,26.4,134,103,166,6.8,Low,Current,None,0,0,0,6.6,Moderate,Poor,0
P2861,30,Female,29.4,128,120,185,21.8,Moderate,Never,Occasional,0,0,0,6.6,Low,Good,0
P2862,76,Female,23.4,158,105,148,18.2,High,Never,Occasional,0,1,0,7.7,High,Average,0
P2863,70,Female,29.5,145,119,160,16.9,Moderate,Never,Frequent,1,0,0,5.2,Moderate,Average,1
P2864,56,Female,15.9,143,77,124,20.3,Moderate,Current,Frequent,1,0,0,3.8,Moderate,Average,0
P2865,23,Male,28.8,99,90,137,17.2,Low,Never,None,0,0,0,6.9,Moderate,Good,0
P2866,20,Female,15.0,112,65,90,2.0,Low,Never,None,0,0,0,8.8,High,Good,0
P2867,37,Female,25.3,108,88,167,26.9,Low,Current,Frequent,0,0,0,6.6,Low,Average,0
P2868,27,Male,30.9,113,111,172,25.1,Low,Never,Occasional,0,0,0,7.3,Moderate,Average,0
P2869,72,Female,29.7,158,110,152,28.9,Low,Never,Occasional,0,0,0,6.7,Moderate,Average,0
P2870,30,Male,19.7,130,67,90,19.1,Moderate,Never,Occasional,0,0,0,7.7,Low,Good,0
P2871,35,Male,20.4,128,78,122,4.4,Moderate,Never,Occasional,1,0,0,6.4,Moderate,Good,0
P2872,79,Male,22.9,149,80,118,8.9,High,Never,Occasional,0,1,0,6.7,Low,Good,0
P2873,69,Male,27.5,130,100,148,26.9,Moderate,Never,Frequent,0,0,0,8.8,Low,Good,0
P2874,31,Male,15.9,121,70,90,26.7,Low,Never,Occasional,0,0,0,8.2,Low,Average,0
P2875,42,Male,26.4,141,128,169,20.0,Low,Former,None,1,1,0,6.0,Low,Average,0
P2876,50,Female,28.1,134,119,162,15.8,Low,Never,None,0,0,0,6.0,Moderate,Average,0
P2877,59,Male,25.0,119,81,126,29.1,Moderate,Never,Frequent,0,0,0,6.1,Low,Average,0
P2878,76,Male,29.2,145,111,157,16.5,Moderate,Current,Occasional,0,0,0,5.5,Moderate,Average,0
P2879,72,Female,27.7,123,107,157,22.0,Moderate,Never,Occasional,0,0,0,6.1,Moderate,Good,0
P2880,79,Male,23.7,154,93,165,10.6,High,Current,None,0,0,0,6.7,Low,Good,0
P2881,20,Male,16.4,106,67,104,14.2,Low,Current,Frequent,0,0,0,5.9,Low,Average,0
P2882,32,Male,27.2,107,90,124,10.7,Moderate,Never,Occasional,0,0,0,7.4,Moderate,Poor,0
P2883,53,Female,21.5,144,120,139,10.6,Low,Never,Frequent,1,1,0,4.8,Moderate,Good,0
P2884,21,Male,23.5,119,79,118,8.8,Low,Current,None,0,0,0,5.4,Moderate,Good,0
P2885,40,Female,29.0,131,113,140,26.7,Low,Former,None,1,1,0,7.6,Moderate,Average,0
P2886,27,Male,33.9,139,74,140,27.6,Moderate,Former,None,0,0,0,9.1,High,Average,0
P2887,76,Male,26.3,155,120,167,25.8,High,Never,None,0,1,0,7.1,High,Poor,0
P2888,21,Female,29.4,107,115,180,15.5,Low,Current,Frequent,0,0,0,5.8,Low,Average,0
P2889,27,Female,19.0,122,65,134,10.3,Moderate,Never,None,0,0,0,5.5,Moderate,Poor,0
P2890,30,Male,27.8,116,89,124,24.0,High,Former,Occasional,1,0,0,6.3,Moderate,Average,0
P2891,27,Male,26.2,130,99,142,23.9,Moderate,Current,Occasional,0,0,0,8.3,Low,Poor,0
P2892,53,Female,32.9,134,112,184,14.5,Moderate,Never,None,0,0,0,7.4,Low,Average,0
P2893,40,Male,23.7,128,96,147,16.6,Moderate,Never,Occasional,0,0,0,5.3,Low,Poor,0
P2894,75,Male,25.2,134,102,158,9.5,Low,Former,Frequent,0,1,0,7.2,Low,Good,0
P2895,34,Female,32.0,121,132,199,33.8,Moderate,Current,Occasional,0,0,0,8.5,Low,Poor,0
P2896,51,Male,26.0,130,87,150,31.7,Low,Never,None,1,0,0,8.2,Low,Average,0
P2897,59,Female,20.7,129,131,184,2.0,Moderate,Never,Frequent,0,1,0,8.4,Moderate,Poor,0
P2898,57,Female,39.8,131,145,221,31.7,Low,Never,Occasional,0,0,0,7.8,Moderate,Average,1
P2899,68,Female,20.9,144,100,145,14.1,Moderate,Never,Frequent,0,0,0,5.3,Moderate,Average,0
P2900,30,Male,26.2,119,78,135,17.0,Moderate,Never,Occasional,1,0,0,5.8,Moderate,Poor,0
P2901,49,Male,28.3,120,121,167,28.8,Low,Never,Occasional,1,1,0,8.9,Moderate,Average,0
P2902,68,Male,27.9,137,112,177,20.7,Moderate,Never,Occasional,1,0,0,6.4,Moderate,Average,0
P2903,72,Male,25.5,137,69,106,12.0,Low,Never,Frequent,0,0,0,4.5,Moderate,Poor,0
P2904,56,Female,25.5,135,76,97,8.0,Moderate,Never,Frequent,0,0,0,7.5,Moderate,Good,0
P2905,59,Female,25.3,140,108,167,7.1,High,Never,None,1,1,0,8.1,High,Good,0
P2906,72,Female,20.7,138,86,116,6.1,Low,Current,None,1,0,0,6.7,Moderate,Average,0
P2907,57,Female,37.7,129,116,151,27.6,Low,Never,None,0,0,1,7.5,Moderate,Good,1
P2908,77,Female,25.4,145,115,183,20.4,High,Never,None,1,0,0,5.8,Low,Average,0
P2909,26,Male,29.6,131,94,159,19.9,High,Former,None,1,1,0,6.2,High,Average,0
P2910,39,Male,24.8,126,85,127,10.2,Moderate,Current,Occasional,1,0,0,4.6,Moderate,Good,0
P2911,25,Male,24.7,130,80,90,7.2,Low,Former,None,1,0,0,5.5,Moderate,Average,0
P2912,23,Female,24.1,126,94,150,8.9,Low,Never,Occasional,1,0,0,8.5,Moderate,Poor,0
P2913,47,Male,18.4,143,65,121,7.5,High,Never,Frequent,1,0,0,3.5,High,Poor,0
P2914,32,Female,25.7,133,85,142,10.5,Moderate,Never,None,0,0,0,6.3,High,Poor,0
P2915,43,Male,24.4,141,67,122,20.3,Low,Former,Occasional,0,0,0,6.2,Low,Average,0
P2916,45,Female,32.6,115,105,153,36.1,Moderate,Never,None,1,0,0,7.5,Low,Poor,0
P2917,57,Female,20.3,140,95,135,2.6,Moderate,Never,Occasional,0,0,0,4.2,High,Average,0
P2918,77,Male,23.5,157,106,136,23.2,Low,Never,Frequent,1,0,0,5.9,Low,Average,0
P2919,71,Male,21.8,155,80,116,17.5,High,Never,None,0,0,0,6.1,High,Average,0
P2920,41,Male,34.0,117,119,175,29.4,Moderate,Never,Occasional,0,0,0,7.3,Moderate,Average,0
P2921,38,Male,22.0,130,82,134,24.2,Low,Never,None,0,0,0,6.8,Moderate,Average,0
P2922,66,Male,29.4,139,125,187,21.5,Low,Never,None,0,0,0,4.8,Low,Good,1
P2923,25,Female,31.5,134,102,130,26.8,Moderate,Never,None,0,0,0,6.4,High,Average,0
P2924,52,Male,25.7,117,65,90,17.4,Moderate,Never,None,0,0,0,5.9,Low,Good,0
P2925,44,Male,19.3,124,100,140,12.4,Low,Never,None,0,1,1,7.4,Moderate,Good,0
P2926,29,Female,19.4,100,71,101,15.7,Moderate,Former,Occasional,1,0,0,6.5,Moderate,Average,0
P2927,56,Female,31.0,134,104,157,23.5,Moderate,Never,None,0,0,0,8.9,Moderate,Poor,0
P2928,38,Male,19.9,151,92,117,15.7,Moderate,Never,Occasional,0,1,0,6.0,Moderate,Good,0
P2929,29,Female,28.5,123,85,153,14.4,High,Never,None,0,1,0,6.1,Low,Poor,0
P2930,59,Male,27.1,136,101,137,13.1,Low,Never,None,1,0,0,6.2,Low,Poor,0
P2931,28,Male,28.5,123,105,180,14.8,High,Never,Occasional,0,0,0,6.6,High,Good,0
P2932,60,Male,29.0,139,116,174,18.8,Low,Never,Occasional,1,1,0,7.8,Moderate,Average,0
P2933,28,Male,21.6,126,81,111,20.1,Low,Current,Frequent,0,1,0,6.3,Low,Poor,0
P2934,45,Male,21.4,136,106,186,8.8,Low,Never,Occasional,1,1,0,6.3,Moderate,Average,0
P2935,68,Female,30.2,136,101,155,27.1,High,Never,Occasional,0,1,0,7.2,Moderate,Average,0
P2936,32,Male,23.2,119,78,128,15.6,Low,Never,Frequent,1,0,0,5.7,Moderate,Poor,0
P2937,66,Male,15.0,151,80,123,8.5,Low,Former,None,0,1,0,7.6,Low,Average,0
P2938,63,Male,29.9,146,111,168,32.8,Low,Never,Frequent,1,0,0,6.3,Low,Average,0
P2939,74,Male,21.1,156,85,140,17.9,Moderate,Former,None,0,0,0,5.7,Moderate,Good,0
P2940,28,Male,28.9,121,116,152,21.6,Low,Never,None,0,0,0,4.6,High,Average,0
P2941,63,Female,33.7,140,119,167,26.9,Low,Never,None,0,0,0,5.5,Moderate,Good,0
P2942,77,Female,26.6,152,103,153,18.5,Moderate,Former,Occasional,0,0,0,6.6,Low,Good,0
P2943,66,Female,31.7,132,115,175,12.6,High,Never,Occasional,0,0,0,6.7,High,Average,0
P2944,29,Male,27.3,112,105,163,12.2,High,Never,None,0,0,0,6.5,Moderate,Average,0
P2945,69,Female,34.8,139,122,176,32.8,High,Former,None,1,0,0,5.0,Moderate,Good,0
P2946,24,Female,21.0,103,65,103,2.0,Low,Current,Occasional,0,0,0,6.5,Low,Poor,0
P2947,55,Female,26.5,136,113,152,12.5,Low,Never,Occasional,0,0,0,4.9,High,Average,0
P2948,49,Male,30.0,140,106,137,18.9,Low,Former,Frequent,0,0,0,5.3,Low,Average,0
P2949,51,Female,25.5,123,105,163,39.8,High,Never,Frequent,0,0,0,8.1,Moderate,Average,0
P2950,50,Male,32.5,139,112,153,30.9,Moderate,Never,Occasional,0,1,0,6.6,Moderate,Poor,0
P2951,19,Female,24.3,106,65,110,23.5,Moderate,Former,Occasional,0,0,0,7.3,Moderate,Poor,0
P2952,50,Male,37.3,124,96,152,23.9,Moderate,Former,Occasional,0,1,0,8.5,Low,Average,0
P2953,77,Female,37.5,165,113,165,34.5,Moderate,Never,Occasional,0,0,1,6.7,High,Good,1
P2954,45,Male,28.0,117,107,156,5.7,Moderate,Never,Occasional,0,0,0,7.9,Moderate,Average,0
P2955,35,Female,29.4,109,119,154,19.8,Low,Never,Occasional,1,0,0,7.2,Moderate,Average,0
P2956,80,Male,32.7,153,127,182,31.0,Moderate,Former,Occasional,0,1,0,5.9,Low,Poor,0
P2957,24,Female,20.3,118,65,106,2.0,Low,Never,Frequent,0,0,0,6.6,Low,Average,0
P2958,48,Male,19.7,135,71,116,15.1,Low,Never,Occasional,0,0,0,5.9,Moderate,Poor,0
P2959,50,Female,33.0,150,130,199,31.4,Low,Never,None,1,0,0,7.5,Low,Poor,0
P2960,48,Female,27.9,121,81,138,14.3,High,Former,Occasional,0,0,0,8.0,Moderate,Poor,0
P2961,76,Male,25.3,143,136,175,12.2,High,Never,None,0,1,0,5.1,Low,Average,0
P2962,44,Male,26.6,142,122,168,13.6,Moderate,Current,None,0,0,0,5.7,Moderate,Good,0
P2963,79,Female,15.0,155,107,177,9.8,High,Never,Occasional,0,0,0,6.3,Moderate,Average,0
P2964,22,Male,25.5,122,95,138,13.7,Low,Former,Occasional,0,0,0,5.8,Moderate,Average,0
P2965,64,Male,22.6,131,86,134,16.8,Low,Never,Frequent,0,0,0,6.5,Low,Poor,0
P2966,55,Female,31.3,149,121,182,20.6,Low,Never,Frequent,0,1,1,7.2,Moderate,Average,0
P2967,33,Male,31.7,128,118,172,37.9,Low,Current,None,0,0,0,8.3,High,Average,0
P2968,32,Male,29.5,127,98,142,33.8,Moderate,Never,None,0,1,0,6.2,Moderate,Average,0
P2969,63,Male,28.6,131,89,126,21.8,Low,Never,None,1,0,0,6.1,Moderate,Good,0
P2970,58,Male,18.7,135,77,123,9.2,High,Current,Frequent,1,0,0,7.2,Low,Poor,0
P2971,56,Male,29.6,149,94,154,16.9,Moderate,Never,None,1,0,0,6.7,Moderate,Average,0
P2972,21,Male,29.8,103,116,187,25.2,Low,Former,None,0,0,0,4.9,Low,Average,0
P2973,55,Male,33.0,124,104,131,29.5,Moderate,Never,Occasional,0,0,0,5.7,Low,Average,0
P2974,79,Male,37.5,144,135,216,31.8,Moderate,Current,None,0,1,0,6.3,Moderate,Poor,1
P2975,19,Male,17.7,108,86,127,8.9,Moderate,Current,Occasional,1,0,0,7.7,Low,Poor,0
P2976,47,Male,24.5,128,110,173,18.6,Low,Never,Frequent,1,0,0,8.1,Moderate,Average,0
P2977,49,Male,22.6,144,98,133,13.3,Moderate,Never,Occasional,0,1,0,5.5,High,Average,0
P2978,74,Female,27.4,152,116,139,15.2,Moderate,Never,None,0,1,0,5.8,Moderate,Average,0
P2979,35,Male,26.6,122,80,108,18.4,Moderate,Never,None,0,0,0,7.8,Low,Good,0
P2980,47,Female,25.3,131,108,151,11.8,Low,Never,None,1,0,0,6.2,Low,Poor,0
P2981,63,Female,31.8,143,129,188,20.1,High,Former,None,0,0,0,7.2,Moderate,Average,0
P2982,21,Female,20.8,97,65,112,12.0,Low,Never,None,1,0,0,6.5,Moderate,Average,0
P2983,68,Female,21.1,150,113,156,8.4,High,Current,None,1,0,0,6.8,Moderate,Poor,0
P2984,69,Male,21.2,132,79,144,6.1,Low,Former,Occasional,0,0,1,6.3,High,Average,0
P2985,63,Female,24.6,132,104,152,23.8,High,Never,None,1,0,0,8.1,High,Average,0
P2986,58,Male,20.1,137,86,137,8.9,Low,Never,Occasional,0,0,0,4.9,Moderate,Average,0
P2987,65,Female,26.2,142,105,203,32.2,Moderate,Current,None,1,1,0,6.3,Low,Average,0
P2988,67,Male,25.6,144,95,143,21.3,High,Never,Occasional,0,0,0,8.0,Low,Poor,0
P2989,74,Male,22.4,144,78,114,5.9,Low,Current,Occasional,0,0,0,6.5,Moderate,Poor,0
P2990,44,Male,31.0,123,113,171,33.1,Low,Never,None,0,0,0,6.6,Moderate,Average,0
P2991,46,Male,26.2,143,92,152,11.3,High,Never,Occasional,0,0,0,7.9,High,Poor,0
P2992,58,Male,32.0,146,99,154,39.8,High,Never,Occasional,1,1,0,7.3,Moderate,Average,0
P2993,30,Female,25.5,122,77,128,18.0,Moderate,Never,Occasional,1,0,0,7.8,High,Average,0
P2994,71,Male,26.4,153,90,162,21.6,Moderate,Never,Frequent,1,1,0,8.2,Low,Good,0
P2995,66,Female,23.6,136,93,162,14.2,Low,Never,Occasional,0,1,0,5.0,Moderate,Poor,0
P2996,57,Male,26.5,155,105,152,19.9,Moderate,Never,Occasional,0,0,0,6.2,Low,Good,0
P2997,37,Female,30.2,112,93,133,20.0,Moderate,Never,Frequent,0,0,0,5.7,Moderate,Average,0
P2998,39,Male,24.4,125,104,159,7.8,Low,Never,Frequent,0,0,0,7.1,Low,Average,0
P2999,45,Male,29.2,124,100,139,23.4,Low,Never,Occasional,0,0,0,8.0,Moderate,Good,0
P3000,59,Male,22.3,131,85,146,20.6,High,Never,Occasional,0,0,0,3.7,High,Average,0
P3001,67,Female,30.4,134,109,166,13.3,Moderate,Never,Occasional,0,0,0,4.8,Low,Good,0
P3002,60,Female,23.5,127,112,202,27.1,Moderate,Current,None,1,0,0,4.2,High,Average,0
P3003,76,Male,30.9,156,92,166,27.5,High,Never,Frequent,0,0,0,5.7,Low,Good,0
P3004,78,Male,26.8,138,133,164,16.9,Moderate,Never,None,1,1,0,6.8,Moderate,Good,0
P3005,62,Female,34.4,146,130,173,25.6,Low,Current,None,0,0,0,8.6,Moderate,Poor,0
P3006,41,Female,20.5,136,89,105,26.9,High,Former,None,0,1,0,5.1,Low,Average,0
P3007,55,Male,18.8,129,98,110,19.5,High,Never,Occasional,0,0,0,9.6,Moderate,Good,0
P3008,44,Male,23.3,132,84,133,22.7,Low,Current,Occasional,1,0,0,7.3,Low,Average,0
P3009,57,Male,19.3,132,86,113,10.0,Low,Current,Occasional,0,0,0,7.4,Moderate,Average,0
P3010,69,Female,19.3,129,77,149,16.4,Low,Former,Occasional,0,0,0,7.6,Low,Poor,0
P3011,41,Female,29.7,114,116,184,25.3,Low,Never,None,0,0,0,5.0,Low,Average,0
P3012,49,Male,26.5,141,94,138,16.0,Low,Never,Frequent,1,1,0,6.0,Low,Average,0
P3013,20,Male,24.0,124,92,134,15.3,Low,Current,Occasional,0,1,0,5.5,Moderate,Average,0
P3014,64,Male,24.5,140,105,177,24.3,Moderate,Never,Occasional,1,0,1,7.5,Low,Average,0
P3015,48,Female,23.4,125,105,180,26.9,Low,Current,Frequent,0,0,0,5.6,Moderate,Average,1
P3016,46,Male,35.1,125,104,141,26.0,High,Never,None,1,0,0,6.4,Low,Good,0
P3017,51,Male,22.7,127,99,129,2.3,Moderate,Former,None,0,0,0,5.9,Low,Poor,0
P3018,31,Male,19.6,102,65,106,25.1,Low,Current,None,0,0,0,8.4,Low,Average,0
P3019,55,Male,30.6,133,77,134,35.6,Moderate,Never,Occasional,1,0,0,5.9,Moderate,Average,0
P3020,64,Female,25.4,148,94,134,19.3,Moderate,Never,Occasional,0,1,0,5.4,Moderate,Good,0
P3021,40,Male,37.1,125,130,189,46.9,Moderate,Former,None,0,0,0,7.3,Low,Good,0
P3022,26,Male,23.8,134,87,166,16.8,High,Former,None,0,0,0,6.6,Low,Average,0
P3023,42,Female,30.9,115,98,126,15.4,Moderate,Former,Occasional,0,0,0,8.4,High,Good,0
P3024,30,Male,32.1,117,114,157,14.7,Moderate,Current,Occasional,0,1,0,7.0,High,Average,0
P3025,41,Male,23.8,126,90,115,3.6,Moderate,Never,None,0,0,0,7.0,High,Average,0
P3026,57,Female,22.6,136,98,132,12.8,Low,Former,None,0,0,0,7.7,Moderate,Poor,0
P3027,25,Female,30.4,97,79,124,18.4,Moderate,Former,None,0,0,0,7.2,Low,Poor,0
P3028,65,Male,29.5,149,112,150,17.3,Moderate,Never,None,0,1,0,7.6,Low,Average,0
P3029,32,Male,19.2,122,79,133,11.1,High,Never,Occasional,0,0,0,7.5,Low,Average,0
P3030,74,Female,20.6,122,69,118,18.9,Moderate,Former,Occasional,0,0,0,6.3,Moderate,Poor,0
P3031,64,Male,15.0,136,65,114,7.6,Low,Former,Frequent,0,0,0,5.2,Moderate,Good,0
P3032,35,Female,29.6,113,96,141,15.4,Moderate,Never,Occasional,1,0,0,6.5,Low,Average,0
P3033,53,Female,25.1,127,95,140,11.9,Moderate,Never,None,0,0,0,4.3,Low,Good,0
P3034,24,Male,25.7,102,91,134,23.8,Moderate,Former,None,0,0,0,5.8,High,Average,0
P3035,24,Female,17.7,124,72,113,11.4,Moderate,Never,Occasional,1,1,0,6.2,Low,Poor,0
P3036,78,Male,20.8,163,81,134,14.2,High,Never,Occasional,1,0,0,8.2,Low,Good,0
P3037,68,Female,24.0,142,89,106,26.8,Low,Never,Occasional,1,0,0,6.5,Low,Good,0
P3038,27,Male,23.0,95,89,141,35.9,High,Never,None,0,0,0,8.8,Moderate,Poor,0
P3039,35,Male,27.1,124,113,148,24.3,Moderate,Current,None,1,0,0,7.2,Low,Average,0
P3040,30,Female,29.5,117,69,113,25.3,Low,Never,Frequent,1,0,0,4.7,Moderate,Average,0
P3041,42,Female,38.3,114,130,158,24.5,Low,Former,None,0,0,0,8.1,Moderate,Average,0
P3042,36,Male,26.4,125,93,136,20.2,High,Current,None,0,0,0,7.9,High,Poor,0
P3043,38,Female,32.3,137,122,177,26.6,Moderate,Never,Occasional,0,1,0,4.7,Low,Poor,0
P3044,51,Male,22.2,128,111,165,20.3,Low,Never,Occasional,0,1,0,7.6,Moderate,Good,0
P3045,29,Male,17.8,102,65,91,8.9,Moderate,Current,Occasional,0,0,0,8.4,Moderate,Poor,0
P3046,73,Male,24.7,122,110,164,17.6,Low,Never,Occasional,0,0,0,4.1,Moderate,Average,0
P3047,63,Male,18.2,135,71,135,16.8,Moderate,Former,None,1,1,0,5.4,Moderate,Average,0
P3048,65,Female,26.6,136,102,143,32.9,Low,Never,Occasional,1,0,0,7.8,Moderate,Average,0
P3049,28,Female,22.4,112,81,128,25.0,Low,Never,Occasional,1,0,0,6.5,High,Poor,0
P3050,62,Female,16.3,129,77,90,22.1,Moderate,Current,Occasional,0,0,0,8.5,Low,Poor,0
P3051,70,Male,35.5,151,114,151,35.1,Moderate,Never,None,0,1,0,7.8,High,Average,0
P3052,29,Female,23.7,123,93,145,10.6,Low,Never,Occasional,1,0,0,7.7,Low,Average,0
P3053,65,Male,18.0,140,103,164,18.1,Moderate,Never,Occasional,0,0,0,8.1,Low,Average,0
P3054,40,Female,31.2,132,92,133,16.9,Moderate,Current,None,0,0,0,5.7,Low,Poor,0
P3055,67,Female,22.7,132,94,184,11.2,Moderate,Never,None,0,0,0,6.3,Moderate,Good,0
P3056,48,Female,32.2,118,121,177,40.1,High,Former,Frequent,1,0,0,9.0,Moderate,Average,0
P3057,68,Female,22.7,134,88,115,17.1,Moderate,Never,Occasional,0,0,1,6.3,Low,Average,0
P3058,27,Male,23.7,111,106,174,16.3,Low,Never,Frequent,1,0,0,8.0,High,Good,0
P3059,42,Female,28.3,110,101,130,22.5,Low,Never,Occasional,0,1,0,6.5,High,Poor,0
P3060,35,Female,29.6,116,100,155,20.4,Moderate,Never,None,1,0,0,5.8,Moderate,Average,0
P3061,33,Male,30.5,136,96,131,5.0,Moderate,Never,None,0,1,0,5.5,Low,Average,0
P3062,37,Female,26.0,130,95,122,6.7,High,Never,Occasional,0,0,0,7.4,Moderate,Average,0
P3063,42,Male,29.2,130,102,167,25.7,Low,Never,Occasional,1,0,0,8.3,Moderate,Average,0
P3064,26,Male,30.4,118,110,156,15.5,Low,Never,Occasional,1,0,0,7.3,Low,Poor,0
P3065,62,Female,27.5,151,93,169,17.7,High,Never,Occasional,1,0,0,7.0,Low,Average,0
P3066,52,Female,25.8,120,86,118,6.7,High,Never,Occasional,0,0,0,5.3,Moderate,Average,0
P3067,70,Male,19.0,131,91,112,6.3,Moderate,Never,None,0,0,0,6.7,High,Average,0
P3068,62,Female,29.6,152,133,175,23.7,Moderate,Never,None,1,1,0,6.9,Low,Poor,0
P3069,27,Female,26.7,117,102,197,25.2,High,Current,Frequent,0,0,0,5.6,Moderate,Poor,0
P3070,22,Male,24.3,112,120,181,25.4,Moderate,Never,Occasional,1,1,0,7.2,High,Average,0
P3071,44,Male,33.1,132,118,178,20.9,Moderate,Current,Occasional,1,0,0,5.9,Moderate,Poor,0
P3072,48,Male,19.1,124,88,143,14.5,High,Never,Frequent,1,0,0,6.2,Moderate,Average,0
P3073,33,Female,35.0,112,122,166,18.0,Low,Current,Occasional,0,0,0,7.6,Moderate,Poor,0
P3074,67,Male,26.4,130,121,213,19.4,Low,Never,Occasional,0,0,0,8.6,High,Average,0
P3075,54,Female,28.2,135,119,175,28.6,High,Never,Occasional,0,0,0,8.5,Moderate,Good,0
P3076,65,Female,24.4,140,80,134,14.3,Moderate,Never,Occasional,1,0,1,6.5,Low,Average,0
P3077,24,Female,17.8,130,84,145,22.5,Low,Former,Frequent,0,0,0,7.4,Low,Good,0
P3078,69,Male,25.8,142,110,138,24.1,Moderate,Current,None,0,1,0,7.5,Moderate,Average,0
P3079,30,Male,28.2,116,94,129,21.4,Moderate,Former,Occasional,0,0,0,7.5,Low,Average,0
P3080,46,Female,30.0,147,86,132,19.6,Low,Never,Frequent,0,1,0,6.9,Low,Average,0
P3081,45,Female,25.5,137,72,136,11.9,Moderate,Former,None,0,0,0,8.3,Moderate,Average,0
P3082,69,Male,15.1,141,70,94,2.0,Low,Former,Occasional,0,0,0,6.0,High,Poor,0
P3083,35,Female,18.5,106,65,110,2.0,Low,Never,None,1,0,0,5.3,Moderate,Poor,0
P3084,33,Female,37.2,112,113,162,39.2,Low,Never,None,0,0,0,7.1,Moderate,Poor,0
P3085,39,Female,20.8,118,100,121,24.1,Moderate,Former,None,0,1,0,6.3,Low,Good,0
P3086,40,Male,33.9,129,110,153,18.4,High,Never,Occasional,1,1,0,9.0,Moderate,Good,0
P3087,29,Female,21.6,113,84,139,12.5,Moderate,Never,None,0,0,0,6.2,Low,Average,0
P3088,29,Female,25.6,134,76,100,3.7,High,Current,Occasional,0,0,0,7.9,Moderate,Average,0
P3089,32,Female,29.8,104,105,177,13.9,Low,Current,None,0,0,0,7.3,High,Average,0
P3090,47,Male,22.2,116,94,149,14.3,Low,Never,None,1,0,0,5.0,Moderate,Average,0
P3091,39,Female,34.8,126,93,150,23.2,Moderate,Current,None,1,0,0,7.4,Moderate,Average,0
P3092,42,Male,26.9,130,86,135,2.6,Moderate,Current,Occasional,1,0,0,5.9,Low,Average,0
P3093,63,Female,28.9,111,87,119,34.0,Moderate,Never,None,1,0,0,9.6,Moderate,Average,0
P3094,33,Male,25.1,103,98,136,15.3,Moderate,Former,Occasional,0,0,0,5.8,Moderate,Poor,0
P3095,75,Male,29.9,141,111,167,13.5,Low,Current,Occasional,0,0,0,5.6,Moderate,Average,0
P3096,65,Male,34.7,156,124,165,30.2,High,Former,Occasional,1,1,0,4.1,Moderate,Good,0
P3097,29,Male,25.8,137,90,141,15.9,Moderate,Never,Occasional,0,0,0,5.8,Moderate,Good,0
P3098,37,Male,35.5,123,126,163,33.7,High,Never,Occasional,1,1,0,7.6,Moderate,Average,0
P3099,29,Male,23.3,116,91,146,10.8,Low,Never,Occasional,0,0,0,5.5,Low,Average,0
P3100,35,Female,30.5,113,96,154,24.7,Low,Never,Occasional,0,0,0,7.3,High,Average,0
P3101,41,Male,29.0,131,92,115,27.9,Moderate,Never,None,0,0,0,7.0,Moderate,Poor,0
P3102,26,Female,20.9,132,80,128,2.0,Moderate,Never,Frequent,0,0,0,5.5,High,Average,0
P3103,18,Male,27.6,125,91,116,13.2,Moderate,Never,Occasional,0,0,0,6.6,Moderate,Good,0
P3104,45,Female,26.5,127,125,144,26.1,Low,Never,Occasional,0,0,0,5.6,Moderate,Good,0
P3105,62,Male,22.1,133,91,128,7.7,Moderate,Current,Occasional,0,1,0,7.7,Low,Good,0
P3106,37,Female,28.4,123,103,197,19.3,Low,Never,Occasional,0,0,0,4.5,Moderate,Average,0
P3107,72,Male,27.3,161,116,177,15.9,Moderate,Former,None,0,1,0,7.6,Moderate,Poor,0
P3108,41,Male,26.1,121,114,185,14.8,Low,Never,None,0,0,0,5.8,Moderate,Good,0
P3109,74,Female,26.1,130,96,154,13.0,High,Current,None,1,1,0,6.9,Moderate,Average,0
P3110,32,Female,26.0,116,111,163,7.6,Low,Never,Occasional,0,0,0,7.3,Moderate,Poor,0
P3111,51,Male,24.6,127,91,153,18.8,Moderate,Never,Occasional,0,0,0,6.9,Moderate,Poor,0
P3112,66,Female,27.2,120,136,175,29.6,Low,Former,None,0,0,0,9.2,Low,Average,0
P3113,21,Male,23.2,116,90,145,12.0,Low,Never,None,0,0,0,6.2,Moderate,Average,0
P3114,76,Male,40.3,149,115,187,42.8,Moderate,Current,Frequent,1,0,0,5.1,Moderate,Average,0
P3115,40,Male,19.2,143,76,133,8.1,Low,Never,Occasional,0,0,0,9.3,Moderate,Good,0
P3116,49,Female,23.5,116,109,176,10.1,Moderate,Never,Occasional,0,0,1,7.2,Low,Poor,0
P3117,57,Male,23.9,141,94,145,17.6,Low,Never,None,1,0,0,6.9,Low,Poor,0
P3118,58,Male,37.1,149,128,207,35.8,Moderate,Former,Occasional,0,1,0,9.4,High,Average,0
P3119,19,Male,19.6,118,86,129,11.1,High,Never,Occasional,0,0,0,5.1,Low,Average,0
P3120,72,Female,28.7,132,101,184,25.5,Moderate,Never,None,1,0,0,6.6,High,Average,0
P3121,57,Male,27.8,128,105,163,9.1,Low,Never,None,0,1,1,5.4,Low,Average,1
P3122,80,Female,28.2,152,100,143,17.0,Moderate,Never,Occasional,0,1,0,6.6,Moderate,Poor,0
P3123,47,Female,32.9,134,142,174,36.2,Low,Never,Occasional,1,1,0,5.0,Moderate,Average,0
P3124,56,Female,32.8,127,95,133,32.7,Moderate,Never,Occasional,0,0,0,6.8,Moderate,Average,0
P3125,45,Female,24.2,140,93,125,21.3,High,Current,None,0,0,0,6.7,Low,Good,0
P3126,74,Male,27.5,144,117,164,28.1,Low,Never,Occasional,0,1,0,6.7,High,Good,0
P3127,70,Male,16.8,122,79,104,9.0,Low,Never,Occasional,1,0,0,4.0,High,Good,0
P3128,75,Female,27.0,141,85,154,4.4,Moderate,Never,Occasional,0,0,0,7.6,Moderate,Good,0
P3129,49,Male,22.4,134,74,123,10.4,Moderate,Current,Frequent,1,0,0,6.5,Low,Poor,0
P3130,67,Male,25.5,142,105,154,21.7,Low,Never,None,0,0,0,9.9,Low,Average,0
P3131,40,Male,17.7,132,72,99,18.4,High,Never,Occasional,0,1,0,6.2,Moderate,Good,0
P3132,47,Female,28.6,143,72,109,15.7,Low,Current,None,0,0,0,6.0,High,Good,0
P3133,65,Female,17.7,127,86,96,4.3,Moderate,Never,Occasional,0,0,0,6.9,Moderate,Good,0
P3134,23,Male,27.3,116,89,164,11.4,Low,Current,Frequent,1,1,0,5.3,Moderate,Poor,0
P3135,62,Female,20.1,157,101,125,7.7,High,Former,Occasional,0,1,0,8.2,Moderate,Average,0
P3136,18,Female,22.1,92,79,105,2.0,Moderate,Former,Occasional,0,0,0,5.6,Moderate,Poor,0
P3137,54,Female,32.5,136,114,187,21.5,Low,Never,None,1,1,0,5.7,Low,Poor,0
P3138,48,Female,29.6,141,104,160,21.8,High,Never,Frequent,0,0,0,7.7,Moderate,Average,0
P3139,47,Female,32.5,145,101,154,23.9,Low,Current,Occasional,0,1,0,7.1,Low,Good,0
P3140,49,Male,34.6,136,103,160,24.7,High,Never,None,0,0,0,7.0,High,Good,0
P3141,48,Female,22.5,135,84,146,7.1,Moderate,Never,Occasional,0,0,0,5.2,Moderate,Average,0
P3142,43,Male,34.3,115,97,150,22.2,Low,Never,Occasional,1,0,0,8.0,Low,Good,0
P3143,46,Male,18.9,141,90,111,7.6,Moderate,Never,Frequent,0,0,0,5.6,High,Average,0
P3144,53,Female,30.4,119,102,164,27.9,Low,Never,None,0,0,0,4.7,High,Poor,0
P3145,66,Female,23.9,127,74,128,14.3,Moderate,Never,Occasional,0,0,0,7.2,Moderate,Average,0
P3146,52,Male,21.7,135,79,145,37.3,Moderate,Never,Occasional,0,0,0,6.5,High,Poor,0
P3147,58,Female,29.7,129,107,137,19.1,Moderate,Current,None,1,0,0,6.5,Low,Average,0
P3148,70,Male,31.4,148,112,151,27.7,Moderate,Never,Occasional,1,1,0,7.6,Moderate,Average,0
P3149,80,Male,31.3,150,119,175,22.2,High,Never,Occasional,0,0,1,6.4,Moderate,Good,0
P3150,24,Male,27.6,133,103,137,16.3,Moderate,Never,Occasional,1,0,0,4.7,Moderate,Poor,0
P3151,62,Female,27.2,141,134,145,33.5,Moderate,Former,Frequent,0,0,0,6.4,Moderate,Good,0
P3152,32,Male,29.2,114,116,169,29.9,Low,Former,Frequent,1,0,0,7.1,Moderate,Average,0
P3153,30,Male,28.1,125,74,137,5.3,High,Never,Occasional,0,0,0,7.0,Moderate,Average,0
P3154,67,Female,29.3,131,101,148,12.7,High,Current,None,0,0,0,6.6,Moderate,Good,0
P3155,22,Male,27.6,123,91,149,17.6,High,Never,Frequent,0,0,0,9.7,Low,Average,0
P3156,71,Female,30.9,142,119,176,20.1,Moderate,Never,None,0,0,1,8.8,High,Average,0
P3157,66,Male,18.0,142,68,114,2.0,Low,Never,Occasional,0,0,0,5.4,Moderate,Good,0
P3158,80,Male,25.8,133,100,150,17.5,Low,Current,Frequent,0,1,0,5.2,Moderate,Poor,0
P3159,60,Female,19.3,113,66,134,2.0,Moderate,Current,None,0,0,0,8.4,Low,Average,0
P3160,72,Male,27.9,132,103,137,20.3,Low,Former,None,1,1,0,8.1,Low,Average,0
P3161,25,Male,35.0,138,110,174,34.2,Moderate,Never,Frequent,1,1,0,8.6,Moderate,Average,0
P3162,74,Male,24.0,131,91,120,21.4,Low,Never,None,0,0,0,6.3,Moderate,Average,0
P3163,28,Male,27.2,125,78,114,17.1,Moderate,Never,None,0,0,0,6.6,Moderate,Average,0
P3164,37,Male,30.4,121,124,193,36.1,Moderate,Never,None,0,1,0,4.7,High,Good,0
P3165,26,Male,15.7,114,76,101,14.7,Low,Current,Occasional,0,0,0,7.0,Low,Average,0
P3166,43,Female,23.8,130,77,121,20.9,Moderate,Former,Occasional,0,1,0,6.0,High,Average,0
P3167,65,Male,28.4,154,104,191,14.1,Low,Never,None,0,0,0,5.9,Moderate,Average,0
P3168,34,Male,15.0,127,65,126,24.2,Low,Current,Frequent,0,0,0,7.9,Moderate,Average,0
P3169,69,Male,21.4,144,108,143,12.6,Moderate,Never,Occasional,0,0,0,6.6,Moderate,Average,0
P3170,56,Female,32.2,146,133,174,39.5,Low,Never,Occasional,1,0,0,7.8,High,Good,0
P3171,57,Female,31.7,132,116,164,35.8,Low,Never,None,1,1,0,6.7,Low,Poor,0
P3172,77,Female,28.4,155,94,164,21.7,Low,Current,Frequent,0,0,0,7.5,Moderate,Good,0
P3173,45,Male,31.1,141,104,138,26.5,Low,Never,None,0,1,0,5.2,Low,Average,0
P3174,39,Female,27.6,132,91,123,17.3,Low,Never,Frequent,1,0,0,5.6,Low,Poor,0
P3175,80,Male,29.4,150,114,175,15.4,Moderate,Never,None,0,1,1,7.3,High,Average,0
P3176,53,Female,24.9,132,120,141,21.8,Moderate,Current,Occasional,1,1,0,8.8,Moderate,Average,0
P3177,56,Male,27.1,124,113,147,23.5,Low,Never,Frequent,0,0,0,7.4,Low,Poor,0
P3178,36,Male,23.2,119,108,154,2.0,Low,Former,None,1,1,0,6.8,High,Average,0
P3179,31,Female,33.1,110,111,161,25.5,Low,Current,None,0,0,0,8.6,Low,Average,0
P3180,28,Male,34.4,121,94,123,33.8,Low,Former,None,0,0,0,6.5,Moderate,Poor,0
P3181,32,Male,33.7,117,99,156,37.8,Low,Never,None,0,0,0,5.8,Moderate,Average,0
P3182,30,Male,24.4,123,90,147,20.7,Moderate,Never,Occasional,0,0,0,6.8,High,Average,0
P3183,65,Female,21.5,143,72,108,2.0,Moderate,Never,None,0,0,0,7.2,Moderate,Average,0
P3184,21,Female,33.1,103,111,188,17.8,Moderate,Former,None,0,0,0,5.3,Moderate,Average,0
P3185,57,Female,29.3,123,116,171,19.3,High,Current,Occasional,0,0,0,7.0,Low,Poor,0
P3186,77,Female,28.2,142,113,146,31.7,High,Never,None,1,0,0,4.7,Moderate,Average,0
P3187,66,Male,23.2,131,100,173,8.6,Low,Never,Occasional,0,0,0,6.4,Low,Good,0
P3188,43,Male,28.7,117,75,116,28.5,Low,Never,None,1,0,0,6.6,Moderate,Good,0
P3189,21,Male,20.9,131,98,147,7.0,Moderate,Never,None,0,0,0,6.8,Low,Poor,0
P3190,70,Male,29.8,130,93,135,25.6,Moderate,Never,None,0,1,0,4.5,Moderate,Average,1
P3191,18,Male,33.7,137,112,173,19.5,Moderate,Current,None,0,1,0,6.9,Moderate,Poor,0
P3192,60,Male,35.0,143,133,177,28.7,Moderate,Never,None,1,1,0,7.8,Moderate,Average,0
P3193,60,Male,30.2,145,112,155,13.7,High,Never,None,0,0,0,8.5,Moderate,Good,0
P3194,30,Female,19.3,127,65,108,23.5,Moderate,Never,None,0,0,0,8.5,Moderate,Poor,0
P3195,64,Male,27.5,148,93,134,13.0,High,Current,None,0,1,0,6.8,Moderate,Good,0
P3196,29,Female,37.6,135,122,192,20.1,High,Never,Occasional,1,0,0,9.8,Low,Average,0
P3197,32,Male,22.0,109,91,118,2.0,Moderate,Current,Occasional,0,0,0,5.9,High,Average,0
P3198,69,Female,26.2,138,84,132,16.4,Low,Never,Frequent,0,0,0,5.9,Low,Average,0
P3199,79,Female,33.9,142,131,184,25.1,Low,Never,Occasional,0,1,0,6.8,Moderate,Average,1
P3200,34,Female,29.7,104,80,128,26.4,Low,Never,None,0,0,0,7.8,Low,Average,0
P3201,76,Male,39.4,137,139,208,34.1,High,Current,Occasional,0,0,0,7.6,Moderate,Poor,1
P3202,75,Male,22.7,167,88,111,22.2,High,Never,Occasional,0,1,0,4.0,Moderate,Poor,0
P3203,66,Female,21.4,137,90,146,8.9,Low,Never,Occasional,0,0,0,5.6,Low,Good,0
P3204,26,Female,32.9,136,106,137,33.8,Low,Former,None,0,0,0,7.7,Moderate,Good,0
P3205,36,Male,20.3,143,97,135,4.4,High,Never,Occasional,0,0,0,5.7,High,Average,0
P3206,60,Female,25.5,165,100,127,4.2,Moderate,Never,None,0,0,0,6.6,Low,Good,0
P3207,80,Male,26.2,170,100,143,10.5,Moderate,Never,None,1,1,0,7.2,Low,Poor,0
P3208,69,Male,31.9,164,117,158,16.2,Low,Never,Occasional,0,0,0,7.4,Low,Good,1
P3209,44,Male,29.7,130,133,209,14.0,Low,Current,Frequent,0,0,0,7.8,Moderate,Average,0
P3210,32,Female,28.9,122,109,162,24.3,Low,Never,Frequent,0,0,0,8.3,Moderate,Good,0
P3211,78,Female,24.4,153,104,159,13.1,Low,Never,Frequent,1,1,1,7.6,Moderate,Average,1
P3212,35,Male,32.8,126,104,137,26.4,Moderate,Never,None,0,1,0,5.3,Moderate,Good,0
P3213,39,Female,45.0,125,127,194,46.0,Low,Current,Occasional,1,0,0,7.5,Low,Good,1
P3214,78,Female,30.1,158,127,203,10.4,Moderate,Never,None,0,1,0,8.1,Low,Good,0
P3215,53,Male,27.0,132,93,156,22.6,Moderate,Never,Occasional,0,1,0,7.3,Moderate,Poor,0
P3216,34,Female,19.8,107,79,104,2.4,Low,Current,Occasional,0,0,0,8.3,Moderate,Good,0
P3217,18,Female,23.2,116,104,144,9.1,High,Current,None,0,0,0,7.1,Moderate,Average,0
P3218,45,Female,25.4,120,96,146,2.0,Low,Never,None,0,0,0,6.6,Moderate,Average,0
P3219,80,Male,23.7,140,81,119,19.3,Moderate,Never,Frequent,0,0,0,5.8,Low,Average,0
P3220,45,Female,26.4,125,126,215,5.8,Low,Former,None,1,0,0,9.2,Moderate,Average,1
P3221,62,Male,35.7,132,144,188,22.4,High,Never,None,1,0,0,5.5,Moderate,Average,0
P3222,33,Male,33.0,131,115,165,17.4,Low,Current,Frequent,1,0,0,6.8,Moderate,Good,0
P3223,66,Female,25.7,137,116,155,16.7,Moderate,Never,None,1,0,0,6.4,Moderate,Good,0
P3224,66,Female,20.2,150,82,132,10.7,High,Never,Occasional,0,0,0,5.2,Moderate,Average,0
P3225,56,Female,33.5,135,124,197,34.2,Low,Never,None,1,0,0,7.9,Low,Average,0
P3226,66,Female,26.2,143,100,150,16.2,Moderate,Never,None,0,1,0,7.4,Moderate,Average,0
P3227,54,Female,17.5,138,66,108,19.7,Moderate,Never,None,0,1,0,7.1,Low,Average,0
P3228,41,Female,30.2,112,140,173,28.1,Low,Never,None,1,0,0,6.0,Moderate,Good,0
P3229,64,Male,31.8,141,92,162,16.2,Low,Current,None,0,0,0,7.5,Moderate,Average,0
P3230,70,Female,15.0,149,80,122,6.7,High,Never,Occasional,0,0,0,6.5,Moderate,Average,0
P3231,70,Male,22.2,151,95,139,24.3,High,Never,Occasional,0,0,0,7.4,Moderate,Average,0
P3232,31,Male,25.9,106,100,111,26.5,Low,Never,None,1,0,0,8.5,Moderate,Average,0
P3233,60,Female,30.3,120,106,154,29.0,High,Never,None,0,0,0,3.9,Moderate,Poor,0
P3234,18,Female,23.8,107,84,125,21.8,High,Former,Occasional,0,0,0,8.0,Moderate,Poor,0
P3235,54,Male,22.2,151,97,115,16.0,Moderate,Never,None,0,1,0,9.6,Moderate,Average,0
P3236,53,Female,30.3,138,120,186,26.2,Moderate,Never,None,0,1,0,8.9,Low,Average,0
P3237,40,Female,24.1,116,90,129,14.9,Low,Former,Frequent,0,0,0,7.7,Moderate,Average,0
P3238,80,Male,29.3,137,115,195,35.6,Moderate,Never,Frequent,1,1,0,8.3,Low,Good,0
P3239,73,Female,20.7,140,77,146,8.3,High,Current,None,0,1,0,5.8,Moderate,Average,0
P3240,20,Male,19.5,106,104,139,14.2,Moderate,Never,None,1,0,0,7.1,Low,Average,0
P3241,31,Female,30.4,129,110,182,9.2,Low,Never,Occasional,0,0,0,6.6,Moderate,Average,0
P3242,31,Female,27.8,129,99,174,7.5,Moderate,Never,Occasional,0,0,0,6.2,Moderate,Good,0
P3243,74,Female,31.3,137,110,151,38.5,Low,Never,Frequent,0,1,0,8.0,Moderate,Good,0
P3244,50,Female,23.7,137,77,108,19.0,Low,Current,Occasional,0,0,0,6.6,Low,Average,0
P3245,63,Female,22.4,143,102,115,10.9,Low,Current,None,0,0,0,4.6,Moderate,Average,0
P3246,69,Female,33.6,128,114,171,27.7,Low,Current,Occasional,1,0,0,7.3,High,Good,1
P3247,66,Male,18.6,138,91,121,2.0,Moderate,Former,None,1,0,0,6.8,Low,Average,0
P3248,23,Male,33.0,118,88,145,21.8,Low,Current,Occasional,1,0,0,7.6,Low,Average,0
P3249,26,Male,33.4,118,130,172,16.4,Moderate,Never,Occasional,0,0,0,6.3,Moderate,Good,0
P3250,42,Female,31.0,108,118,156,21.9,High,Never,Frequent,0,0,0,4.7,Moderate,Average,0
P3251,39,Female,22.9,125,86,124,18.5,Moderate,Never,None,1,0,0,5.6,Low,Average,0
P3252,65,Male,22.3,149,104,130,16.3,Low,Current,Occasional,1,1,0,5.7,Moderate,Poor,0
P3253,27,Male,25.4,133,101,140,28.9,High,Current,None,0,0,0,5.6,Moderate,Good,0
P3254,41,Female,19.8,118,65,99,14.4,Low,Former,Frequent,0,0,0,6.1,Low,Poor,0
P3255,32,Female,21.5,114,106,153,2.0,Moderate,Former,None,0,0,0,7.7,Moderate,Poor,0
P3256,29,Male,29.9,116,108,159,37.7,Low,Current,None,1,0,0,5.1,Low,Poor,0
P3257,28,Female,29.9,120,91,124,14.8,High,Never,None,0,0,0,7.9,High,Average,0
P3258,30,Female,21.0,120,66,130,13.3,Low,Never,Occasional,0,0,0,5.3,High,Good,0
P3259,53,Female,30.0,137,119,166,23.9,High,Former,None,0,0,0,6.3,Moderate,Poor,1
P3260,43,Female,28.9,114,104,177,22.5,High,Never,Occasional,1,0,0,6.8,Moderate,Average,0
P3261,45,Female,34.4,131,120,175,28.9,High,Never,None,0,0,0,6.4,High,Average,0
P3262,48,Female,29.5,121,104,155,21.8,Moderate,Never,Occasional,0,0,0,7.5,Moderate,Average,0
P3263,64,Female,32.0,141,105,148,13.8,Moderate,Never,Frequent,0,1,0,6.7,Low,Average,0
P3264,72,Female,29.0,164,121,180,42.8,High,Current,None,1,1,1,6.6,Low,Average,0
P3265,51,Male,31.6,116,106,157,29.2,Low,Former,Occasional,0,0,0,3.9,Moderate,Good,0
P3266,58,Male,19.8,136,90,150,12.4,Moderate,Never,None,0,1,0,7.3,High,Poor,0
P3267,64,Male,25.9,130,139,213,34.5,Low,Never,Occasional,0,1,0,9.1,Moderate,Poor,1
P3268,61,Female,26.3,142,118,155,10.0,Low,Never,None,0,1,0,6.2,Low,Good,0
P3269,26,Male,25.2,127,103,161,23.0,Moderate,Never,None,0,0,0,7.6,Moderate,Poor,0
P3270,79,Female,28.8,147,145,204,19.3,High,Never,Occasional,0,0,0,5.8,Low,Good,0
P3271,28,Male,29.8,116,106,163,25.1,Low,Never,None,0,0,0,8.0,Low,Average,0
P3272,43,Male,28.5,139,102,144,23.4,Moderate,Never,None,1,0,0,7.4,Moderate,Average,0
P3273,59,Male,25.6,143,94,136,2.0,Moderate,Never,None,0,1,0,6.4,Moderate,Average,0
P3274,43,Female,22.7,134,81,119,2.0,Moderate,Never,Occasional,1,0,0,6.3,Moderate,Average,0
P3275,33,Male,32.2,127,78,119,36.9,Low,Former,Frequent,0,0,0,7.6,Low,Good,0
P3276,76,Female,28.3,120,124,160,19.5,Moderate,Never,Frequent,0,1,0,6.8,Low,Average,0
P3277,22,Female,21.2,113,65,110,28.0,Moderate,Never,Occasional,1,0,0,5.3,Moderate,Average,0
P3278,33,Female,25.5,114,111,147,27.6,High,Current,Frequent,1,1,0,5.0,Moderate,Good,0
P3279,80,Male,17.4,143,89,141,10.2,High,Never,Occasional,0,1,0,7.5,High,Average,0
P3280,63,Female,26.7,156,109,159,15.9,Low,Current,Occasional,1,1,0,5.9,Moderate,Average,0
P3281,23,Female,25.5,111,89,140,29.4,Low,Never,Occasional,1,0,0,6.8,Moderate,Average,0
P3282,65,Male,23.5,157,113,156,31.7,Moderate,Never,Frequent,0,0,0,7.5,Low,Good,0
P3283,79,Male,34.7,131,137,189,27.9,Moderate,Never,None,0,0,1,5.4,Low,Poor,1
P3284,24,Female,20.5,109,86,128,24.3,Moderate,Current,Occasional,0,1,0,5.6,Moderate,Good,0
P3285,44,Female,30.2,134,92,154,30.1,High,Current,Occasional,0,0,0,8.7,Moderate,Average,0
P3286,47,Male,37.9,125,135,180,43.5,Low,Never,None,0,0,0,6.3,Low,Good,0
P3287,26,Male,32.1,119,91,147,24.9,High,Current,Occasional,0,0,0,8.0,Moderate,Good,0
P3288,30,Male,26.3,117,71,99,11.8,Low,Never,Occasional,0,0,0,9.8,Moderate,Poor,0
P3289,28,Female,20.6,116,87,145,3.6,High,Never,Occasional,0,0,0,7.1,Low,Average,0
P3290,29,Male,19.4,115,95,132,2.0,Moderate,Never,Occasional,0,0,0,5.8,Low,Average,0
P3291,43,Male,24.4,128,86,119,30.2,High,Never,None,0,0,0,7.0,Moderate,Poor,0
P3292,47,Male,22.9,134,94,123,13.2,Low,Never,Frequent,0,0,0,6.6,Moderate,Average,0
P3293,32,Male,22.8,136,80,108,3.8,Moderate,Never,None,0,0,0,6.9,Low,Average,0
P3294,36,Male,24.8,120,101,141,23.5,Low,Never,None,1,0,0,7.7,Moderate,Good,0
P3295,30,Male,26.0,115,108,180,13.6,Moderate,Never,Occasional,1,0,0,7.8,Moderate,Poor,0
P3296,68,Female,29.0,139,109,148,15.9,High,Never,Occasional,1,1,1,4.4,Low,Poor,0
P3297,31,Female,20.1,134,65,90,28.5,High,Never,Occasional,0,0,0,8.2,Moderate,Average,0
P3298,75,Male,23.0,150,73,126,2.6,Moderate,Never,Occasional,0,0,0,7.1,Low,Poor,0
P3299,51,Male,25.7,116,115,145,19.5,Low,Never,Occasional,0,1,0,6.1,Moderate,Good,0
P3300,68,Male,25.5,120,82,143,11.5,High,Never,Occasional,0,0,0,7.7,Low,Poor,0
P3301,58,Female,36.0,131,132,177,25.4,Low,Never,Frequent,0,1,0,5.5,Low,Average,0
P3302,34,Male,27.7,123,108,153,7.8,Moderate,Never,None,1,0,0,5.6,Moderate,Average,0
P3303,55,Male,18.1,132,72,137,12.5,Low,Never,Frequent,0,0,0,8.1,Moderate,Good,0
P3304,35,Female,28.7,126,97,156,13.0,Moderate,Never,Frequent,0,0,0,6.9,Low,Good,0
P3305,25,Male,29.3,114,113,143,26.5,Low,Never,Frequent,1,0,0,8.7,High,Good,0
P3306,34,Male,25.8,135,81,112,16.2,Moderate,Never,None,1,0,0,6.0,Moderate,Average,0
P3307,35,Male,20.2,129,68,90,9.5,Low,Never,Frequent,1,0,0,7.1,Moderate,Average,0
P3308,26,Male,35.6,117,109,202,22.1,Moderate,Never,None,1,0,0,7.3,Low,Poor,0
P3309,19,Female,20.9,124,97,130,23.4,Low,Current,None,0,0,0,7.3,Low,Good,0
P3310,77,Female,29.9,133,139,207,30.5,High,Never,None,0,1,0,7.5,High,Good,0
P3311,50,Male,27.5,134,105,145,13.5,Moderate,Never,Frequent,0,1,0,7.4,Moderate,Poor,0
P3312,43,Male,29.6,127,93,125,10.2,High,Former,Frequent,1,0,0,6.8,Moderate,Average,0
P3313,76,Male,35.4,150,136,188,15.9,Moderate,Never,Occasional,0,0,0,4.5,Moderate,Average,0
P3314,32,Female,29.4,103,77,121,30.0,Moderate,Never,Occasional,0,0,0,7.8,Low,Average,0
P3315,43,Male,23.6,128,100,160,21.2,Moderate,Never,Occasional,1,1,0,4.0,Moderate,Average,0
P3316,71,Male,32.3,145,113,177,33.8,High,Current,None,0,0,0,5.3,Moderate,Average,0
P3317,57,Female,23.2,138,109,147,13.2,Low,Never,Occasional,0,0,1,6.0,High,Good,0
P3318,43,Male,27.4,143,124,150,26.8,Low,Never,None,0,1,1,7.9,Moderate,Average,0
P3319,34,Male,19.8,133,73,100,20.2,Low,Never,Occasional,0,1,0,6.5,High,Poor,0
P3320,20,Male,21.1,112,82,92,11.4,Moderate,Never,None,0,0,0,9.0,Moderate,Average,0
P3321,23,Female,26.8,121,85,129,14.9,High,Never,None,0,0,0,5.1,Low,Poor,0
P3322,28,Female,28.4,115,93,142,11.9,Low,Current,Occasional,0,0,0,5.5,Moderate,Average,0
P3323,67,Female,17.6,145,96,123,15.4,Moderate,Never,Occasional,1,1,0,4.1,Low,Average,0
P3324,58,Male,29.1,142,100,129,25.0,Low,Former,Occasional,0,0,0,5.4,Low,Poor,0
P3325,45,Female,22.2,126,89,136,9.0,Low,Current,Occasional,1,0,0,6.0,Moderate,Average,0
P3326,67,Female,33.2,143,128,169,25.4,High,Never,None,0,0,0,8.6,Moderate,Good,0
P3327,28,Male,24.7,127,110,154,14.3,Moderate,Never,Occasional,1,0,1,8.1,Moderate,Good,0
P3328,31,Male,20.7,126,85,126,18.3,High,Never,None,0,0,0,7.1,Moderate,Average,0
P3329,42,Male,26.9,143,105,158,7.3,Moderate,Former,Occasional,1,1,0,6.4,High,Poor,0
P3330,75,Female,21.7,167,75,113,3.2,Moderate,Never,None,1,0,1,7.7,Moderate,Good,0
P3331,56,Male,33.1,140,135,178,19.4,Moderate,Never,None,0,0,0,8.3,Moderate,Poor,0
P3332,71,Male,26.5,142,115,133,17.4,Moderate,Never,Occasional,1,1,0,6.0,Moderate,Good,0
P3333,33,Female,25.7,125,94,141,19.0,Low,Never,Frequent,1,0,0,6.1,Moderate,Average,0
P3334,71,Male,29.6,146,109,160,13.3,Low,Never,None,1,0,0,6.3,Moderate,Average,0
P3335,22,Female,21.3,125,93,137,19.3,Low,Never,Frequent,1,1,0,4.7,Low,Poor,0
P3336,32,Male,19.8,135,90,167,23.7,Moderate,Former,Occasional,1,0,0,8.3,Low,Average,0
P3337,50,Male,28.6,118,121,173,24.9,Moderate,Current,None,0,1,0,6.1,Low,Poor,0
P3338,21,Female,20.8,129,102,146,21.1,Moderate,Current,Occasional,0,0,0,6.5,Moderate,Average,0
P3339,72,Female,20.8,160,92,147,4.7,Low,Never,Occasional,0,0,0,8.5,Moderate,Poor,0
P3340,72,Male,30.9,152,142,226,18.9,Moderate,Never,Occasional,1,1,0,6.2,Moderate,Good,1
P3341,52,Female,29.2,137,118,172,26.2,Low,Never,None,0,0,0,8.3,High,Good,0
P3342,37,Female,20.0,120,80,91,11.7,High,Never,Occasional,0,0,0,4.7,Moderate,Poor,0
P3343,24,Male,23.3,115,65,119,6.4,Moderate,Current,Occasional,0,0,0,7.5,High,Average,0
P3344,56,Female,21.8,140,89,122,23.4,Moderate,Former,Occasional,1,0,0,6.3,Moderate,Average,0
P3345,51,Male,35.7,136,139,160,34.0,Low,Never,Occasional,1,0,0,4.9,Moderate,Poor,1
P3346,65,Female,31.2,150,106,183,29.1,Low,Former,None,0,1,1,5.4,Moderate,Average,1
P3347,55,Male,24.3,139,94,165,9.4,Moderate,Never,Occasional,0,0,0,7.0,High,Average,0
P3348,26,Male,29.5,125,102,137,34.6,Moderate,Former,Occasional,1,0,0,5.6,Low,Poor,0
P3349,25,Female,19.4,124,90,122,10.8,Low,Never,None,0,0,0,7.3,Low,Good,0
P3350,67,Female,23.0,129,87,137,21.4,Moderate,Current,Occasional,0,0,0,5.9,Moderate,Poor,0
P3351,28,Male,27.0,126,82,117,13.3,Low,Current,None,1,0,0,4.9,Moderate,Average,0
P3352,77,Female,28.9,163,115,162,22.8,High,Never,Occasional,1,0,0,8.0,High,Good,0
P3353,24,Male,26.0,115,81,118,21.3,Moderate,Never,None,0,0,0,7.2,Low,Poor,0
P3354,63,Female,27.8,152,77,120,34.9,Moderate,Never,Occasional,0,0,0,4.6,Low,Poor,0
P3355,79,Female,26.9,136,129,155,16.7,Moderate,Current,None,1,0,0,7.6,Low,Average,0
P3356,45,Female,25.6,127,107,168,18.5,Moderate,Never,Frequent,0,0,0,6.9,Moderate,Average,0
P3357,21,Female,25.0,107,115,182,21.5,Low,Current,Occasional,0,0,0,6.3,High,Good,0
P3358,73,Female,24.3,156,109,155,4.2,Moderate,Current,Occasional,1,0,0,6.3,High,Average,0
P3359,29,Female,27.7,134,105,153,2.0,High,Never,None,0,0,0,8.4,High,Good,0
P3360,51,Female,28.6,134,114,173,13.1,Moderate,Never,Occasional,0,1,0,7.2,High,Poor,0
P3361,80,Male,27.5,158,102,151,26.5,Low,Never,None,0,0,0,8.5,Moderate,Average,0
P3362,64,Female,20.4,154,93,167,25.7,Low,Never,Occasional,0,0,0,7.4,Moderate,Good,0
P3363,20,Female,21.3,113,72,98,4.6,High,Never,Occasional,0,0,0,7.1,Moderate,Poor,0
P3364,69,Male,28.6,146,97,160,10.2,Low,Never,Occasional,0,1,0,5.9,Moderate,Average,0
P3365,28,Female,34.2,125,105,154,39.3,Low,Never,None,0,0,0,7.0,High,Average,0
P3366,65,Female,27.3,134,127,158,16.0,High,Never,None,1,1,0,8.0,Low,Average,1
P3367,57,Male,24.4,140,83,167,11.9,High,Never,Occasional,1,1,0,6.9,Moderate,Poor,0
P3368,36,Male,27.7,148,87,174,30.5,Moderate,Never,Occasional,1,1,0,9.1,Moderate,Average,0
P3369,44,Male,20.6,121,91,134,22.4,Low,Never,Occasional,1,0,0,8.0,High,Average,0
P3370,25,Female,33.3,124,102,160,33.2,Moderate,Former,Occasional,0,0,0,5.4,High,Average,0
P3371,80,Female,27.5,151,111,152,5.8,Moderate,Never,Occasional,0,0,0,6.2,High,Poor,0
P3372,33,Female,23.0,119,100,142,3.1,Low,Never,Occasional,1,0,0,7.6,Moderate,Average,0
P3373,37,Female,25.6,125,99,129,25.3,Low,Current,Occasional,1,0,0,5.0,High,Average,0
P3374,49,Male,23.8,152,89,116,16.7,High,Current,Frequent,0,1,0,6.7,High,Average,0
P3375,60,Female,33.3,141,132,212,21.9,Moderate,Never,None,1,0,0,5.7,Low,Good,1
P3376,49,Male,25.4,136,105,153,13.7,Moderate,Former,None,1,0,0,6.8,High,Poor,0
P3377,49,Male,27.3,145,99,149,27.2,High,Never,None,0,0,0,5.7,Moderate,Good,0
P3378,54,Male,29.5,134,111,148,34.1,Moderate,Former,None,1,1,0,8.1,Low,Good,0
P3379,72,Female,22.6,131,98,148,12.7,High,Never,Occasional,1,0,0,6.2,Moderate,Average,0
P3380,42,Male,27.5,148,100,125,13.1,Low,Never,Occasional,1,1,0,7.6,Moderate,Average,0
P3381,70,Male,27.9,147,88,125,16.9,Moderate,Current,Occasional,0,1,0,5.0,Moderate,Average,0
P3382,67,Male,18.4,148,93,119,22.7,Moderate,Never,Frequent,1,0,0,6.4,Moderate,Average,0
P3383,78,Male,27.8,142,122,192,31.3,Moderate,Never,None,1,1,0,5.3,Moderate,Good,0
P3384,75,Female,26.3,147,69,91,18.7,Low,Current,None,0,0,0,8.2,Moderate,Poor,0
P3385,68,Female,27.2,129,109,139,14.7,Moderate,Never,None,1,0,0,5.9,Low,Good,0
P3386,33,Female,26.7,121,119,135,27.8,Moderate,Never,Occasional,0,0,0,6.7,Moderate,Average,0
P3387,66,Female,27.8,132,87,122,31.9,Low,Never,Occasional,1,0,0,7.2,Moderate,Average,0
P3388,64,Female,33.5,134,121,165,15.9,Moderate,Former,None,1,1,0,5.9,High,Average,1
P3389,36,Female,20.4,124,86,148,10.1,Moderate,Former,None,0,1,0,5.4,Moderate,Poor,0
P3390,60,Male,24.7,112,118,162,25.9,Moderate,Never,Frequent,1,0,0,7.0,High,Average,1
P3391,33,Female,30.0,109,117,160,23.5,Moderate,Never,None,0,0,0,4.5,Moderate,Average,0
P3392,50,Female,29.0,137,90,144,16.5,Low,Never,None,1,0,0,8.4,Moderate,Average,0
P3393,68,Female,28.9,143,110,152,22.6,Low,Never,Occasional,0,0,0,6.6,Low,Average,0
P3394,29,Male,40.8,107,157,249,42.1,High,Never,None,0,0,0,5.0,Moderate,Poor,0
P3395,39,Male,29.7,129,93,133,12.2,Moderate,Never,Occasional,1,0,0,6.5,Moderate,Average,0
P3396,68,Female,32.4,136,120,177,26.8,Moderate,Former,Occasional,0,1,0,7.5,Moderate,Average,0
P3397,46,Female,24.9,135,100,161,18.4,Moderate,Current,Occasional,0,0,0,5.8,High,Good,0
P3398,78,Male,21.3,149,89,126,8.1,Low,Never,Occasional,1,1,1,4.5,High,Average,0
P3399,18,Female,24.9,109,112,163,10.2,Moderate,Never,None,0,0,0,6.7,Moderate,Poor,0
P3400,63,Male,30.2,136,101,143,17.6,Moderate,Never,Frequent,0,0,0,7.7,Low,Good,0
P3401,69,Female,28.6,171,93,147,12.2,Moderate,Never,Occasional,0,1,0,7.1,High,Good,0
P3402,75,Male,28.6,136,99,150,26.7,Low,Never,Frequent,0,0,0,7.3,Low,Average,0
P3403,27,Male,25.4,119,100,146,8.2,Low,Never,Occasional,0,0,0,7.9,Moderate,Average,0
P3404,80,Female,24.6,159,94,123,16.6,High,Never,None,0,1,0,8.7,Moderate,Average,0
P3405,42,Female,25.6,116,98,176,13.3,Moderate,Never,Occasional,0,0,0,3.6,Moderate,Good,0
P3406,40,Male,30.3,108,111,170,17.2,High,Current,Frequent,0,0,0,5.2,Moderate,Poor,0
P3407,40,Male,30.9,118,88,113,33.7,Moderate,Never,Frequent,0,0,0,7.0,High,Poor,0
P3408,58,Female,21.3,142,79,119,11.0,Moderate,Never,None,0,0,0,7.1,Moderate,Good,0
P3409,59,Male,30.5,131,112,137,17.8,Low,Never,Occasional,1,0,0,4.9,Moderate,Poor,0
P3410,47,Female,23.1,131,106,166,7.7,Low,Former,Frequent,0,1,0,5.9,Moderate,Average,0
P3411,22,Female,28.9,123,90,139,23.0,Moderate,Former,None,1,0,0,8.9,Moderate,Good,0
P3412,80,Female,25.5,138,102,150,23.0,Moderate,Never,Occasional,0,0,0,6.4,Moderate,Poor,0
P3413,31,Male,34.6,118,107,145,37.8,Low,Never,Frequent,0,0,0,7.1,Moderate,Good,0
P3414,23,Male,24.3,100,98,141,13.4,Moderate,Never,Occasional,1,0,0,8.9,Moderate,Good,0
P3415,55,Female,27.4,141,114,175,17.8,Low,Never,None,0,1,0,6.9,Moderate,Average,1
P3416,43,Male,29.7,128,98,165,22.3,Low,Never,None,0,0,0,7.7,Moderate,Average,0
P3417,56,Female,22.0,141,95,155,13.3,High,Never,Occasional,0,0,0,7.5,High,Poor,0
P3418,73,Male,26.1,136,102,126,10.9,Moderate,Never,Occasional,1,1,0,6.4,High,Average,0
P3419,24,Female,25.1,113,96,141,27.4,Low,Former,Frequent,0,0,0,6.3,High,Poor,0
P3420,35,Male,23.8,109,95,147,14.3,Low,Current,Occasional,0,0,0,8.2,High,Average,0
P3421,50,Female,24.2,127,125,161,20.9,High,Never,None,0,0,0,6.8,Moderate,Average,0
P3422,67,Female,32.3,159,115,139,29.0,High,Former,Occasional,0,1,0,5.6,High,Good,0
P3423,55,Male,23.4,129,89,116,16.9,Low,Current,None,1,0,0,8.1,Moderate,Poor,0
P3424,42,Male,29.4,112,93,167,12.8,Moderate,Never,None,1,0,0,3.5,Low,Poor,0
P3425,56,Male,28.1,131,94,124,19.3,Moderate,Never,Occasional,1,1,0,8.7,High,Poor,0
P3426,79,Male,19.2,134,87,134,30.2,Low,Former,Occasional,0,1,0,6.6,Low,Good,0
P3427,48,Male,29.2,116,112,159,34.3,Moderate,Never,None,0,0,0,6.8,Moderate,Average,0
P3428,73,Male,19.1,154,102,145,13.4,Low,Current,Occasional,0,1,0,6.9,High,Poor,0
P3429,67,Female,29.8,124,112,157,19.4,Low,Never,Frequent,0,0,1,8.4,Moderate,Good,0
P3430,36,Female,23.9,130,92,152,2.0,Moderate,Current,Occasional,0,1,0,7.0,Moderate,Poor,0
P3431,33,Male,26.5,121,87,136,13.4,Low,Never,None,0,0,0,6.8,Low,Average,0
P3432,66,Male,19.8,133,72,108,11.4,Moderate,Current,Frequent,0,0,0,5.7,Moderate,Average,0
P3433,31,Male,27.1,121,87,137,15.6,Low,Never,None,1,0,0,5.9,Moderate,Good,0
P3434,39,Female,31.3,119,95,125,21.2,Moderate,Never,None,0,1,0,7.6,Moderate,Average,0
P3435,32,Male,22.3,133,111,166,18.2,High,Never,None,0,1,0,7.1,Moderate,Average,0
P3436,56,Male,23.3,126,117,154,6.9,Moderate,Never,None,0,0,0,8.8,Low,Poor,0
P3437,36,Male,28.9,118,73,112,22.5,Moderate,Never,None,0,0,0,5.8,Moderate,Average,0
P3438,59,Female,29.0,129,108,166,20.2,Moderate,Never,None,0,0,0,5.4,Moderate,Average,0
P3439,76,Male,15.0,151,80,118,4.9,High,Former,Occasional,0,0,0,7.2,Moderate,Average,0
P3440,70,Female,37.0,151,134,181,46.1,Moderate,Never,None,0,1,1,6.7,High,Good,0
P3441,77,Male,29.2,118,100,168,26.6,Low,Never,None,1,0,0,5.4,Moderate,Average,0
P3442,19,Male,30.1,120,121,155,17.1,Low,Never,Occasional,0,1,0,6.2,Low,Average,0
P3443,46,Male,25.8,115,108,164,21.3,Moderate,Current,None,1,1,0,7.6,Low,Poor,0
P3444,31,Male,16.9,116,87,147,2.0,Moderate,Former,Occasional,1,0,0,5.2,Moderate,Average,0
P3445,75,Female,30.0,142,99,167,16.3,Low,Never,None,1,0,1,5.4,Moderate,Average,0
P3446,62,Male,23.6,138,80,162,24.5,Moderate,Current,Occasional,0,1,0,5.9,High,Average,0
P3447,38,Male,29.3,133,114,153,24.7,Moderate,Current,Frequent,0,1,0,6.0,Moderate,Average,0
P3448,53,Male,25.4,143,89,123,18.2,Moderate,Never,None,1,1,0,7.8,Moderate,Good,0
P3449,56,Female,27.7,125,116,178,28.0,Moderate,Never,Occasional,0,0,0,6.1,High,Average,0
P3450,49,Male,22.5,121,65,127,17.5,Low,Never,Occasional,0,0,0,8.8,Moderate,Good,0
P3451,47,Female,31.0,133,107,144,21.2,Moderate,Former,Occasional,0,1,0,5.5,High,Average,0
P3452,21,Female,20.3,98,70,124,19.5,Moderate,Current,None,0,0,0,7.2,Moderate,Average,0
P3453,46,Female,38.2,123,117,213,19.3,High,Never,None,0,0,0,6.8,High,Average,0
P3454,39,Female,38.1,137,124,178,27.9,Moderate,Never,Occasional,0,0,0,6.8,Moderate,Good,0
P3455,69,Female,35.0,125,125,191,28.8,Low,Never,Occasional,1,0,0,3.8,Low,Average,1
P3456,72,Male,33.1,138,124,200,31.6,Moderate,Never,Occasional,0,0,0,5.5,Moderate,Poor,0
P3457,65,Female,26.1,132,109,197,15.0,Moderate,Current,None,0,0,0,6.6,Moderate,Good,0
P3458,19,Female,32.6,133,102,157,10.6,Moderate,Former,None,1,0,0,4.4,High,Average,0
P3459,70,Male,26.0,135,129,197,3.7,Low,Current,None,1,0,0,3.5,Moderate,Good,0
P3460,42,Male,18.4,120,97,130,11.5,Low,Never,Occasional,0,0,0,5.3,Moderate,Good,0
P3461,44,Female,34.3,121,116,168,24.2,Moderate,Former,Occasional,0,1,0,7.2,Low,Average,0
P3462,77,Female,32.4,150,120,163,18.8,Moderate,Current,None,1,1,0,7.4,Moderate,Average,0
P3463,72,Female,26.3,144,96,114,8.5,Low,Former,Occasional,1,0,0,5.3,Moderate,Poor,0
P3464,21,Male,20.1,105,83,104,13.1,Moderate,Current,Occasional,1,0,0,6.6,High,Average,0
P3465,40,Male,23.5,134,75,129,24.2,High,Never,Frequent,0,0,0,7.3,High,Good,0
P3466,65,Female,17.0,146,75,127,13.1,Low,Never,Frequent,0,1,0,8.4,Moderate,Average,0
P3467,51,Male,31.4,144,85,119,33.8,Moderate,Never,Occasional,0,1,0,8.3,Low,Poor,0
P3468,34,Female,18.2,118,70,141,9.0,High,Current,Frequent,1,0,0,7.9,High,Poor,0
P3469,51,Female,28.0,133,115,146,23.9,High,Never,Occasional,0,0,0,6.2,Low,Average,0
P3470,72,Male,22.1,140,89,140,22.9,Low,Current,None,0,0,0,6.7,Low,Average,0
P3471,32,Female,19.1,134,76,115,10.7,Low,Never,Frequent,1,0,0,6.9,Low,Average,0
P3472,65,Male,27.7,144,113,164,20.1,Moderate,Former,None,1,1,1,6.5,Low,Good,0
P3473,64,Male,24.8,137,82,144,12.4,Low,Former,None,0,0,0,5.1,Low,Poor,0
P3474,73,Male,30.9,143,118,180,28.9,Moderate,Never,None,0,1,0,8.5,Low,Average,0
P3475,36,Female,19.9,117,92,150,19.2,Moderate,Never,Occasional,1,0,0,7.3,Moderate,Average,0
P3476,31,Female,22.6,122,89,145,15.5,Moderate,Never,Occasional,0,0,0,7.8,High,Poor,0
P3477,52,Male,15.0,139,86,110,10.2,Moderate,Current,Occasional,0,0,0,7.6,High,Average,0
P3478,51,Female,15.1,123,90,153,2.0,High,Never,None,1,0,0,6.3,High,Good,0
P3479,43,Female,35.9,127,126,161,30.4,Moderate,Never,None,0,0,0,5.0,Moderate,Poor,0
P3480,67,Female,37.3,146,121,172,30.5,Moderate,Current,None,0,1,0,7.7,Moderate,Good,0
P3481,68,Female,27.0,148,104,147,20.2,Low,Never,None,0,1,0,7.6,Moderate,Good,0
P3482,33,Female,22.2,103,112,165,14.1,Moderate,Never,None,0,0,0,7.1,High,Average,0
P3483,68,Female,24.9,135,108,148,28.7,Moderate,Current,None,0,1,0,9.4,Moderate,Average,0
P3484,32,Female,31.0,106,106,154,17.7,Low,Former,Frequent,0,0,0,6.1,Moderate,Poor,0
P3485,43,Male,23.8,126,78,151,2.0,Low,Never,Occasional,0,0,0,6.4,Low,Poor,0
P3486,19,Male,27.7,104,93,121,9.7,Moderate,Current,None,0,0,0,7.0,Low,Average,0
P3487,39,Male,26.4,119,105,153,12.6,Low,Former,None,0,0,0,6.2,Moderate,Good,0
P3488,78,Female,23.5,138,103,133,22.7,Moderate,Never,Frequent,0,1,0,6.5,High,Poor,0
P3489,45,Female,23.8,123,83,141,3.8,Low,Never,Occasional,0,0,0,8.0,High,Average,0
P3490,62,Female,28.0,125,98,135,9.9,Moderate,Current,Occasional,0,0,0,6.0,Low,Average,0
P3491,24,Male,21.4,123,98,145,15.3,Low,Former,Frequent,0,0,0,6.1,Moderate,Poor,0
P3492,58,Male,28.8,139,113,141,28.0,Moderate,Never,None,0,0,0,7.5,High,Average,0
P3493,41,Male,24.0,126,97,165,2.0,Moderate,Never,None,1,0,0,5.2,Moderate,Average,0
P3494,64,Female,27.2,139,114,164,5.2,Low,Never,None,0,1,0,6.7,Low,Good,0
P3495,76,Male,33.7,124,101,154,19.8,Low,Never,Occasional,1,0,0,6.6,Moderate,Poor,1
P3496,51,Male,25.6,131,106,167,22.1,Low,Never,Frequent,1,1,0,7.6,Moderate,Poor,0
P3497,24,Female,31.3,108,118,148,25.7,Low,Current,None,1,0,0,7.8,Moderate,Average,0
P3498,47,Male,17.2,130,72,107,6.0,Moderate,Never,Frequent,0,0,0,6.6,High,Poor,0
P3499,25,Female,24.1,127,108,158,21.1,Low,Never,Occasional,0,1,0,6.7,Low,Poor,0
P3500,46,Female,26.6,131,104,124,18.8,Moderate,Never,Occasional,0,0,0,6.8,Moderate,Good,0
P3501,21,Male,36.5,126,125,151,30.5,Moderate,Current,Occasional,0,0,0,6.4,Moderate,Good,0
P3502,58,Male,16.3,133,84,116,2.0,High,Never,Occasional,1,1,0,8.4,Low,Poor,0
P3503,37,Male,26.0,121,113,143,11.7,Low,Never,Occasional,0,1,0,7.4,Moderate,Average,0
P3504,30,Male,34.1,129,90,136,42.2,High,Never,Occasional,0,0,0,8.3,Moderate,Good,0
P3505,19,Male,22.4,114,83,138,9.8,High,Never,Occasional,1,0,0,5.7,Moderate,Average,0
P3506,73,Male,25.4,145,116,176,9.7,Moderate,Current,None,0,1,0,8.3,Moderate,Average,0
P3507,70,Male,28.2,159,109,187,17.1,Moderate,Never,Occasional,0,0,0,6.9,Moderate,Poor,0
P3508,69,Female,27.5,151,125,174,21.6,Moderate,Never,Occasional,0,1,0,7.6,High,Average,0
P3509,21,Male,34.6,112,107,161,34.7,Low,Current,Frequent,0,0,0,4.5,Moderate,Poor,0
P3510,40,Female,28.8,117,93,142,25.1,High,Never,None,1,0,0,8.8,Moderate,Average,0
P3511,79,Female,33.4,164,102,158,20.4,High,Never,None,0,1,0,7.3,Low,Good,0
P3512,54,Male,24.6,139,97,151,25.3,Low,Never,None,1,1,1,9.0,Low,Average,0
P3513,26,Female,22.6,117,91,153,19.2,Low,Current,Occasional,0,0,0,8.1,Moderate,Good,0
P3514,26,Male,25.3,123,101,164,12.5,Low,Current,Occasional,0,0,0,4.3,Moderate,Average,0
P3515,34,Female,20.5,130,65,120,11.0,Moderate,Never,None,0,0,0,8.6,Moderate,Average,0
P3516,79,Male,29.0,151,124,198,27.1,High,Never,Occasional,1,0,0,7.0,Low,Good,1
P3517,28,Female,24.5,131,82,130,23.6,Low,Never,Occasional,0,1,0,7.6,High,Good,0
P3518,74,Female,23.0,147,92,130,2.0,Moderate,Never,Occasional,0,0,0,7.5,Moderate,Average,0
P3519,60,Female,29.1,141,97,139,21.1,High,Never,Occasional,0,0,0,6.7,Low,Good,0
P3520,76,Male,20.6,142,102,147,11.9,Low,Never,Occasional,0,1,0,6.3,Moderate,Good,0
P3521,70,Female,30.5,164,118,151,19.1,Moderate,Never,None,1,1,0,7.6,High,Average,0
P3522,38,Female,24.0,111,99,137,9.8,Moderate,Never,None,0,0,0,5.8,Moderate,Average,0
P3523,70,Female,32.5,149,147,179,36.8,Low,Never,Occasional,0,1,1,6.8,Moderate,Poor,1
P3524,28,Female,24.5,104,94,147,19.3,Moderate,Current,None,0,0,0,8.5,Moderate,Poor,0
P3525,36,Male,29.8,121,94,149,38.2,Low,Never,None,0,0,0,5.3,Moderate,Poor,0
P3526,31,Male,27.4,113,102,123,14.1,Moderate,Current,None,1,0,0,6.6,Moderate,Average,0
P3527,26,Female,30.4,118,129,168,25.5,Low,Never,Occasional,0,0,0,8.2,Low,Good,1
P3528,23,Female,27.1,118,103,181,20.8,Moderate,Never,Occasional,1,0,0,5.8,Moderate,Average,0
P3529,29,Female,17.9,108,88,144,19.2,Moderate,Never,Occasional,0,0,0,4.5,Moderate,Average,0
P3530,25,Female,31.7,116,82,140,34.5,High,Current,None,0,0,0,4.4,Low,Good,0
P3531,41,Female,26.0,139,100,138,17.5,Moderate,Current,None,1,0,0,6.2,Moderate,Average,0
P3532,22,Female,30.6,101,97,152,13.6,Moderate,Never,Frequent,0,0,0,8.8,Moderate,Good,0
P3533,21,Male,30.1,105,90,140,16.0,Low,Never,None,0,0,0,5.9,Moderate,Average,0
P3534,80,Male,22.5,160,100,134,13.7,Moderate,Never,Occasional,1,1,0,6.5,Moderate,Average,0
P3535,23,Male,21.7,116,83,122,21.0,Moderate,Never,None,1,0,0,6.9,Moderate,Good,0
P3536,22,Female,29.9,116,91,133,9.9,Moderate,Never,Occasional,1,0,0,8.1,Moderate,Average,0
P3537,19,Female,24.9,123,91,115,6.1,Moderate,Current,Occasional,1,0,0,7.8,Moderate,Average,0
P3538,26,Female,31.4,108,101,130,29.4,Low,Former,Occasional,0,0,0,6.6,Low,Average,0
P3539,51,Male,25.6,130,112,157,6.9,Low,Former,Occasional,0,1,0,7.5,Moderate,Average,0
P3540,70,Female,31.8,134,116,153,16.0,Low,Never,None,0,0,0,8.1,Moderate,Average,0
P3541,64,Female,28.7,134,110,154,29.9,Low,Never,None,0,0,0,4.8,Low,Good,0
P3542,54,Female,28.0,145,115,138,18.6,Moderate,Never,Occasional,1,0,0,6.3,Low,Good,0
P3543,23,Male,24.6,98,96,157,12.7,Moderate,Former,Occasional,0,0,0,5.4,Moderate,Poor,0
P3544,66,Male,27.7,126,102,184,29.9,Moderate,Never,Occasional,1,0,0,5.9,Moderate,Average,0
P3545,20,Male,32.7,104,83,150,16.3,Low,Never,Occasional,0,1,0,7.6,Moderate,Average,0
P3546,57,Female,26.2,147,105,172,7.3,Moderate,Never,Frequent,0,0,0,5.4,Moderate,Average,0
P3547,43,Female,29.3,120,89,149,33.8,Low,Never,None,0,0,0,9.6,Moderate,Average,0
P3548,73,Female,26.7,139,100,153,19.5,Low,Never,None,0,0,0,7.6,Moderate,Average,0
P3549,37,Male,27.1,106,101,151,23.6,Moderate,Never,None,0,0,0,6.1,Moderate,Average,0
P3550,58,Male,35.5,131,137,174,28.7,Moderate,Current,Occasional,0,0,0,6.6,High,Good,0
P3551,45,Female,32.7,141,143,205,27.4,Low,Former,None,1,1,0,5.3,Moderate,Average,1
P3552,50,Male,26.9,132,85,144,12.2,Low,Current,None,0,0,0,5.0,Moderate,Good,0
P3553,77,Female,27.6,148,93,135,21.3,Moderate,Current,None,0,1,0,6.3,Moderate,Poor,0
P3554,62,Male,22.9,121,96,152,19.7,Moderate,Never,None,0,0,0,8.4,Moderate,Poor,0
P3555,44,Female,25.6,123,97,134,17.9,Low,Never,Occasional,0,0,0,5.1,Moderate,Poor,0
P3556,46,Female,28.1,134,90,129,27.8,Moderate,Never,None,1,1,0,8.3,High,Average,0
P3557,62,Female,30.9,126,109,171,28.7,Low,Never,None,1,0,0,6.6,Moderate,Average,0
P3558,39,Male,30.4,130,112,169,14.7,Moderate,Current,Occasional,0,0,0,7.1,High,Average,0
P3559,28,Female,20.7,131,70,113,10.8,Moderate,Current,None,0,1,0,6.9,Moderate,Average,0
P3560,47,Female,31.6,128,101,146,20.0,High,Never,None,0,1,1,7.7,Moderate,Good,0
P3561,22,Female,26.0,121,82,133,22.8,Low,Never,None,1,0,0,8.1,Moderate,Good,0
P3562,28,Male,21.4,116,79,96,15.7,Low,Never,Occasional,0,0,0,6.5,Moderate,Average,0
P3563,44,Female,33.4,138,121,160,28.4,Low,Never,Occasional,0,0,0,7.4,Moderate,Average,0
P3564,68,Male,34.1,165,119,150,36.1,Low,Never,None,0,1,0,8.4,Moderate,Poor,0
P3565,67,Male,27.9,128,104,153,4.5,Low,Current,None,1,0,0,7.8,Low,Average,0
P3566,34,Female,30.2,128,134,201,19.7,Low,Never,None,0,0,0,6.3,Moderate,Good,0
P3567,44,Female,30.5,139,91,149,18.1,High,Current,Frequent,0,0,0,6.6,Moderate,Good,0
P3568,27,Male,33.8,107,100,143,28.2,High,Never,Frequent,0,0,0,5.6,Moderate,Good,0
P3569,65,Male,30.3,132,118,157,27.8,Moderate,Never,Occasional,1,0,0,9.0,Low,Average,0
P3570,33,Female,19.6,114,93,127,12.0,Low,Never,Frequent,1,0,0,7.2,Moderate,Good,0
P3571,68,Female,37.0,138,129,213,21.8,Moderate,Never,None,0,0,0,5.1,Moderate,Poor,1
P3572,71,Male,32.0,143,145,197,30.9,Moderate,Never,Occasional,0,1,0,5.8,Moderate,Average,0
P3573,61,Female,23.9,134,98,149,15.3,Moderate,Never,Occasional,0,0,0,6.6,Low,Average,0
P3574,38,Female,21.1,131,65,90,2.0,Low,Never,Occasional,0,0,0,8.4,Low,Average,0
P3575,78,Female,29.1,126,109,140,18.9,High,Never,Occasional,0,0,0,6.6,Moderate,Average,0
P3576,61,Male,25.1,126,88,135,18.7,Low,Never,Occasional,1,0,0,7.5,Moderate,Average,0
P3577,58,Female,28.2,141,122,163,34.4,Low,Never,Frequent,0,0,0,5.9,Moderate,Average,1
P3578,71,Female,30.4,147,123,175,15.2,Moderate,Former,None,1,0,0,7.6,High,Good,0
P3579,73,Female,23.6,132,73,122,20.2,Low,Never,None,1,0,0,8.4,Low,Average,0
P3580,22,Female,20.7,120,98,154,3.4,High,Never,None,1,0,0,7.7,Moderate,Average,0
P3581,73,Male,28.5,156,119,138,11.2,Moderate,Former,None,0,0,0,3.9,Low,Good,0
P3582,66,Male,23.7,138,89,119,4.3,High,Never,None,1,0,0,6.6,Low,Good,0
P3583,31,Male,27.3,109,94,141,23.2,High,Former,None,0,0,0,5.5,Moderate,Good,0
P3584,37,Male,19.5,131,99,135,13.0,Moderate,Never,Occasional,0,0,0,7.6,High,Average,0
P3585,65,Male,25.2,155,69,112,13.3,Moderate,Former,Occasional,0,0,0,6.9,Moderate,Average,0
P3586,31,Male,30.2,110,108,160,26.1,High,Never,Occasional,0,0,0,8.9,Moderate,Average,0
P3587,46,Female,29.7,128,119,157,23.1,Low,Former,None,0,0,0,6.4,Moderate,Good,0
P3588,61,Female,22.4,147,89,139,13.4,Low,Former,None,1,0,0,6.9,Moderate,Average,0
P3589,58,Female,20.4,140,101,156,9.7,Moderate,Never,Occasional,0,1,0,6.7,Moderate,Average,0
P3590,75,Female,26.6,126,103,153,9.5,Moderate,Never,None,0,0,0,7.7,High,Average,0
P3591,25,Male,29.4,120,88,149,34.4,Moderate,Former,None,1,0,0,5.6,Low,Average,0
P3592,36,Male,28.6,112,88,102,31.1,Low,Never,Occasional,0,0,0,5.6,Moderate,Poor,0
P3593,80,Male,23.8,133,106,144,27.4,High,Former,None,1,0,0,6.1,High,Poor,0
P3594,53,Male,28.0,119,99,162,14.9,Moderate,Never,None,1,1,1,7.5,Moderate,Good,0
P3595,33,Male,34.3,132,90,127,21.3,Low,Never,Frequent,0,0,0,8.0,Moderate,Good,0
P3596,36,Female,27.6,114,99,132,15.4,Moderate,Former,Occasional,0,0,0,6.7,Moderate,Poor,0
P3597,39,Female,18.0,132,76,120,20.6,High,Never,Frequent,0,1,0,7.5,Low,Good,0
P3598,52,Female,27.6,136,83,132,18.7,Low,Never,Occasional,1,0,0,7.4,Moderate,Good,0
P3599,35,Male,37.1,123,119,163,27.3,Moderate,Never,None,0,0,0,6.7,High,Poor,0
P3600,57,Female,19.8,136,94,170,14.9,Moderate,Current,Occasional,0,0,0,6.7,Moderate,Poor,0
P3601,46,Female,26.7,136,104,157,12.1,Moderate,Never,Frequent,0,1,0,7.7,Moderate,Average,0
P3602,56,Male,25.3,134,81,115,5.1,Low,Never,Frequent,0,0,0,9.1,High,Good,0
P3603,27,Male,27.0,109,101,127,19.1,High,Never,Occasional,0,0,0,8.0,Moderate,Average,0
P3604,57,Female,27.5,125,115,170,15.7,Low,Never,None,0,0,0,8.2,Low,Good,0
P3605,76,Male,32.4,148,153,189,28.6,Low,Never,Occasional,1,1,0,9.2,Low,Poor,1
P3606,26,Female,26.9,115,114,197,2.0,High,Never,None,1,0,0,6.0,High,Poor,0
P3607,38,Male,33.1,127,95,153,18.2,Moderate,Never,None,0,0,0,7.6,Moderate,Average,0
P3608,61,Male,25.9,147,110,167,17.1,Moderate,Current,None,1,0,0,8.5,High,Average,0
P3609,56,Female,24.7,136,98,150,3.1,Moderate,Former,None,0,0,0,7.9,High,Average,0
P3610,60,Male,23.0,127,75,140,2.0,Low,Current,Occasional,0,0,0,6.1,Low,Good,0
P3611,53,Male,17.1,109,81,90,12.3,Low,Current,Frequent,0,0,1,5.8,Moderate,Poor,0
P3612,61,Male,27.9,133,136,166,27.6,High,Never,Occasional,0,1,0,8.8,Moderate,Average,0
P3613,56,Male,37.2,124,145,214,26.7,Low,Former,Occasional,0,1,0,7.3,Moderate,Good,1
P3614,22,Female,28.9,112,90,163,18.2,Low,Never,Occasional,0,1,0,7.2,Moderate,Good,0
P3615,65,Male,30.1,140,108,138,20.4,Moderate,Former,None,0,0,0,6.8,Low,Average,0
P3616,46,Male,24.4,128,99,118,2.4,High,Current,Occasional,0,0,0,8.6,Low,Average,0
P3617,21,Female,25.2,132,65,116,25.3,Moderate,Never,Occasional,0,0,1,8.0,Low,Poor,0
P3618,43,Female,31.6,136,90,148,22.1,Low,Never,None,1,1,0,6.6,Low,Poor,0
P3619,45,Male,36.9,146,121,176,30.2,Low,Never,None,0,0,0,7.9,Moderate,Poor,0
P3620,23,Female,34.2,122,111,161,30.5,High,Current,Occasional,0,0,0,7.0,Moderate,Average,0
P3621,80,Male,30.7,157,86,106,10.0,Moderate,Never,Occasional,0,0,0,7.8,Moderate,Good,0
P3622,32,Female,26.7,116,100,143,25.0,Moderate,Never,None,1,0,0,8.4,Moderate,Poor,0
P3623,38,Female,27.6,117,120,165,28.7,Moderate,Current,Occasional,0,1,0,8.3,Moderate,Good,0
P3624,45,Female,22.6,127,92,130,13.8,Moderate,Never,Occasional,0,1,0,4.7,High,Average,0
P3625,70,Male,19.0,140,85,100,15.7,High,Never,Frequent,0,0,0,7.4,Moderate,Poor,0
P3626,64,Male,20.6,131,95,151,9.4,Low,Never,Occasional,0,0,0,8.6,Moderate,Poor,0
P3627,66,Female,26.8,133,114,176,25.8,Low,Never,None,0,1,0,5.9,Moderate,Average,0
P3628,32,Female,25.0,124,67,102,9.0,Low,Never,Occasional,0,0,0,9.2,Moderate,Poor,0
P3629,71,Male,18.9,131,71,114,11.7,Moderate,Never,Frequent,1,0,0,7.5,High,Average,0
P3630,70,Male,26.3,130,102,143,17.5,Low,Never,None,0,1,0,8.0,Moderate,Poor,0
P3631,47,Male,24.8,117,81,121,15.1,Low,Never,Occasional,1,0,0,7.9,Moderate,Good,0
P3632,52,Female,20.4,133,112,166,21.5,Moderate,Current,Occasional,0,1,1,5.2,Low,Poor,0
P3633,20,Male,24.6,103,96,152,32.6,Moderate,Former,Occasional,0,0,0,8.0,Moderate,Average,0
P3634,65,Female,24.8,141,87,152,14.5,Moderate,Never,Occasional,1,1,0,7.4,Moderate,Average,0
P3635,78,Female,23.3,156,99,163,17.3,High,Never,Occasional,0,1,0,6.3,High,Good,0
P3636,47,Female,31.3,134,123,170,18.6,Low,Current,None,1,0,1,8.7,Moderate,Average,1
P3637,52,Male,16.6,124,67,158,20.3,Moderate,Never,Occasional,0,0,0,4.5,Moderate,Average,0
P3638,49,Female,16.2,116,86,156,7.9,Moderate,Current,Occasional,0,0,0,6.1,Low,Good,0
P3639,23,Female,26.5,109,112,150,43.5,Moderate,Current,Frequent,1,0,0,8.5,Low,Good,0
P3640,57,Male,27.0,140,116,167,5.9,Moderate,Current,None,0,0,1,8.0,Moderate,Good,0
P3641,63,Female,28.6,151,114,131,38.2,Moderate,Never,Occasional,0,1,0,6.2,High,Poor,0
P3642,76,Female,23.7,147,113,161,23.0,Moderate,Never,None,0,0,0,5.9,Moderate,Average,0
P3643,76,Female,21.7,156,84,158,3.0,Moderate,Former,Occasional,0,0,0,6.6,Low,Average,0
P3644,48,Female,26.5,151,139,232,39.1,High,Never,Frequent,0,1,0,7.3,High,Good,0
P3645,78,Male,24.2,145,107,153,7.8,High,Never,Occasional,1,1,0,6.4,High,Average,0
P3646,51,Female,34.6,145,131,188,27.1,Moderate,Never,Occasional,0,0,0,6.8,Moderate,Poor,0
P3647,58,Female,24.8,131,90,148,5.0,Moderate,Former,None,0,0,1,7.0,Moderate,Average,0
P3648,55,Male,26.2,143,104,184,16.2,Moderate,Never,Frequent,1,0,0,6.5,Low,Average,0
P3649,80,Female,39.4,153,138,175,35.5,Moderate,Never,None,1,0,0,6.4,High,Average,1
P3650,64,Male,25.5,118,84,175,22.8,Low,Never,None,1,0,0,5.5,Low,Average,0
P3651,25,Female,29.4,106,86,130,40.4,Low,Never,None,1,0,0,6.9,High,Good,0
P3652,22,Female,29.9,102,97,128,17.4,High,Former,Occasional,0,0,0,6.9,Moderate,Good,0
P3653,43,Male,30.3,108,120,165,2.0,Moderate,Former,Occasional,0,0,0,5.8,Moderate,Average,0
P3654,50,Male,28.0,138,75,111,24.4,Low,Current,Occasional,1,0,0,7.3,Moderate,Average,0
P3655,60,Male,27.5,161,103,159,14.4,Moderate,Former,Occasional,0,1,0,8.4,Moderate,Good,0
P3656,48,Female,27.0,126,116,138,33.8,Low,Never,Occasional,0,0,0,7.0,Moderate,Good,0
P3657,50,Male,23.5,138,73,123,13.5,Moderate,Current,Frequent,1,0,0,7.5,Moderate,Average,0
P3658,76,Female,28.2,159,123,183,15.2,Low,Never,Occasional,0,0,0,8.1,Moderate,Average,1
P3659,39,Male,37.0,131,109,185,22.6,Moderate,Former,None,0,1,0,6.9,High,Poor,0
P3660,49,Female,32.8,129,98,160,29.9,Moderate,Never,Frequent,0,0,0,8.0,Moderate,Average,0
P3661,53,Female,28.1,129,99,171,17.1,Moderate,Former,Frequent,0,0,0,4.2,Low,Average,0
P3662,47,Male,31.0,133,133,173,37.2,Low,Never,Occasional,0,0,0,6.1,Moderate,Good,0
P3663,78,Female,22.0,159,90,143,10.3,Moderate,Never,Occasional,1,1,1,5.6,High,Average,0
P3664,78,Female,25.1,150,75,90,27.0,Moderate,Never,Frequent,0,0,0,8.6,Low,Average,0
P3665,50,Male,31.4,134,88,136,12.2,Low,Never,Occasional,0,0,0,7.7,Moderate,Good,0
P3666,46,Male,34.2,132,133,190,15.4,Low,Never,None,0,1,0,5.5,Low,Average,0
P3667,55,Female,22.5,116,70,125,19.2,Moderate,Former,Frequent,0,0,0,5.8,Moderate,Average,0
P3668,29,Male,24.0,127,104,126,11.0,Low,Never,Occasional,0,0,0,5.3,Moderate,Average,0
P3669,44,Male,37.8,113,122,168,30.6,Low,Former,Occasional,0,0,0,7.3,Moderate,Good,0
P3670,31,Female,27.0,130,101,146,10.0,Moderate,Former,None,0,1,0,7.2,Low,Good,0
P3671,27,Female,36.0,125,118,163,21.6,Moderate,Never,None,0,0,0,6.4,Moderate,Average,0
P3672,23,Male,27.6,103,83,144,23.8,Moderate,Current,None,0,0,0,5.9,Moderate,Poor,0
P3673,54,Male,27.8,131,110,156,19.6,High,Never,None,0,1,0,6.9,Moderate,Average,0
P3674,18,Male,24.9,133,71,121,7.0,Moderate,Never,Occasional,0,0,0,10.0,Moderate,Good,0
P3675,58,Female,31.4,133,128,170,31.8,Low,Never,Occasional,0,0,0,6.5,Moderate,Poor,0
P3676,45,Male,33.6,115,97,165,35.3,Low,Former,Occasional,0,0,0,8.3,High,Average,0
P3677,41,Female,21.1,133,90,155,11.1,Low,Never,None,0,0,0,6.6,Low,Poor,0
P3678,66,Female,24.7,136,88,131,23.3,Moderate,Never,None,0,1,0,8.1,Moderate,Average,0
P3679,51,Female,31.3,111,100,196,15.1,Moderate,Never,Occasional,0,0,0,7.7,Low,Average,0
P3680,64,Female,25.8,147,100,136,21.2,High,Current,Occasional,0,1,0,6.9,Moderate,Average,0
P3681,62,Female,23.9,127,135,199,18.4,Moderate,Current,None,0,0,0,7.7,High,Average,0
P3682,20,Male,31.7,116,103,138,17.5,Low,Never,None,0,0,0,8.4,High,Average,0
P3683,31,Male,32.2,111,95,158,40.7,Moderate,Never,None,0,0,0,7.0,Moderate,Average,0
P3684,53,Male,24.2,138,86,145,16.5,Low,Former,Occasional,0,0,0,6.7,Low,Poor,0
P3685,79,Female,27.6,147,84,117,14.0,Low,Current,Occasional,0,0,0,7.7,Low,Average,0
P3686,27,Female,20.2,91,77,121,12.2,Low,Never,Occasional,1,0,0,8.9,Moderate,Average,0
P3687,24,Male,21.8,119,108,185,5.7,Low,Former,Frequent,1,0,0,5.3,Moderate,Good,0
P3688,77,Male,27.1,147,115,151,10.1,Low,Never,Occasional,0,1,0,5.4,Moderate,Poor,0
P3689,78,Female,26.7,159,115,170,15.2,Moderate,Never,Occasional,0,0,0,8.6,Low,Good,0
P3690,28,Female,21.5,121,69,121,8.9,Moderate,Never,None,1,0,0,6.3,Low,Average,0
P3691,43,Male,22.8,133,85,132,6.5,High,Former,None,1,0,1,8.4,Moderate,Poor,0
P3692,57,Female,21.0,126,89,108,22.0,Low,Former,None,0,0,0,6.1,Moderate,Good,0
P3693,30,Female,28.9,111,89,152,14.2,Moderate,Never,None,0,0,0,6.4,Moderate,Poor,0
P3694,38,Female,16.3,123,78,123,4.5,High,Former,None,1,0,1,8.2,Moderate,Poor,0
P3695,42,Male,21.2,122,93,157,2.5,High,Never,None,0,0,0,7.8,Moderate,Poor,0
P3696,58,Female,16.8,147,85,134,2.0,High,Never,None,0,0,0,5.6,Moderate,Poor,0
P3697,37,Female,28.7,121,97,147,28.3,Moderate,Current,Occasional,0,0,0,7.7,High,Good,0
P3698,43,Female,17.1,119,97,148,14.1,High,Never,Occasional,0,1,0,6.1,Moderate,Average,0
P3699,36,Male,26.7,114,91,124,23.2,Moderate,Current,None,0,0,0,7.5,High,Poor,0
P3700,65,Female,35.0,153,121,197,37.4,Low,Former,None,1,1,0,7.0,Low,Average,1
P3701,27,Female,35.2,115,132,178,27.7,Low,Former,Occasional,0,0,0,6.7,Low,Average,0
P3702,32,Male,17.1,117,65,104,23.8,High,Never,Frequent,0,0,0,6.2,Moderate,Good,0
P3703,33,Female,28.1,131,74,144,14.3,High,Current,None,1,0,1,4.9,Moderate,Average,0
P3704,75,Male,21.4,139,85,136,3.2,Moderate,Never,Occasional,0,1,0,6.2,Moderate,Poor,0
P3705,77,Female,20.3,122,94,137,15.0,Moderate,Never,Frequent,0,0,0,7.8,Moderate,Poor,0
P3706,49,Female,25.9,126,121,176,19.5,Low,Never,Occasional,0,1,0,7.5,Low,Good,0
P3707,27,Female,32.9,119,98,159,26.2,Moderate,Former,Occasional,0,0,0,5.9,Moderate,Good,0
P3708,65,Male,29.6,140,139,187,32.4,Moderate,Former,None,0,1,0,8.3,Low,Poor,0
P3709,49,Male,22.8,118,96,158,13.8,Low,Never,None,1,1,0,7.4,Low,Good,0
P3710,71,Female,30.2,156,114,143,25.5,Moderate,Never,Occasional,0,1,1,7.7,Moderate,Poor,0
P3711,40,Male,15.0,126,65,114,22.9,Moderate,Never,Frequent,0,0,0,5.7,Moderate,Average,0
P3712,80,Female,22.6,155,128,188,17.1,High,Current,Occasional,0,1,0,9.1,Moderate,Poor,0
P3713,68,Female,22.2,144,89,146,16.2,High,Former,None,0,0,0,7.5,Moderate,Good,0
P3714,32,Female,26.9,107,76,90,6.5,Low,Never,None,0,0,0,8.8,High,Average,0
P3715,63,Female,25.4,140,131,177,48.3,Low,Current,None,1,0,0,6.2,Moderate,Poor,0
P3716,36,Male,25.8,131,99,128,3.8,Low,Current,Frequent,0,0,0,4.8,Moderate,Good,0
P3717,40,Female,25.6,136,104,173,12.3,Low,Former,None,0,0,0,5.8,Moderate,Average,0
P3718,33,Male,26.6,127,118,160,14.4,Moderate,Never,None,0,0,0,8.2,Moderate,Average,0
P3719,60,Female,29.3,140,114,182,38.7,Moderate,Never,Occasional,0,0,0,5.6,Moderate,Good,0
P3720,34,Female,27.3,103,110,139,14.4,Low,Never,None,0,0,0,8.8,Moderate,Average,0
P3721,58,Female,25.0,134,96,150,19.1,High,Current,None,0,0,0,6.1,High,Average,0
P3722,54,Male,28.6,127,120,169,17.0,Moderate,Never,None,0,1,0,7.4,Moderate,Poor,0
P3723,65,Female,30.8,156,116,210,15.5,Low,Former,Occasional,1,1,0,7.3,Low,Good,0
P3724,80,Female,23.6,162,103,169,18.7,Moderate,Current,None,0,1,1,6.6,Moderate,Average,0
P3725,18,Female,26.2,102,92,158,11.3,Low,Never,None,0,0,0,6.6,Moderate,Average,0
P3726,80,Female,32.5,146,110,193,27.1,Moderate,Never,Occasional,1,0,0,5.8,Moderate,Average,0
P3727,24,Female,20.8,118,87,138,17.0,Moderate,Never,Occasional,0,0,0,9.3,Moderate,Good,0
P3728,51,Female,35.9,139,125,175,45.9,Low,Former,Occasional,0,0,1,7.6,Moderate,Average,0
P3729,39,Female,19.5,107,91,134,2.0,Moderate,Never,Occasional,0,0,0,5.0,Moderate,Poor,0
P3730,58,Female,24.7,112,103,156,14.3,High,Never,Occasional,0,0,0,5.3,Moderate,Average,0
P3731,63,Female,21.6,142,124,126,13.0,Moderate,Never,Occasional,0,1,1,7.6,Moderate,Poor,0
P3732,72,Male,37.9,121,148,201,34.9,Moderate,Never,None,0,1,0,7.0,Moderate,Average,0
P3733,43,Male,23.9,127,87,138,34.8,High,Never,None,1,0,0,4.8,High,Average,0
P3734,76,Male,23.9,150,102,147,13.1,Moderate,Never,Occasional,0,0,0,10.0,Low,Average,0
P3735,38,Female,24.6,135,110,133,2.0,High,Never,None,0,0,0,3.6,Moderate,Average,0
P3736,30,Female,27.0,112,81,127,16.4,Low,Never,None,0,0,0,6.4,Moderate,Average,0
P3737,41,Male,24.8,131,127,150,16.6,Low,Never,None,1,1,0,7.0,Moderate,Poor,0
P3738,51,Male,25.8,137,85,162,14.6,Moderate,Current,Frequent,0,0,0,6.2,Moderate,Average,0
P3739,60,Female,15.0,123,86,126,6.3,High,Never,Occasional,0,0,0,8.0,Low,Average,0
P3740,70,Male,26.8,150,101,117,7.3,Moderate,Never,None,0,0,0,7.6,Moderate,Average,0
P3741,32,Male,26.6,122,93,138,34.8,High,Never,None,0,0,0,7.1,High,Average,0
P3742,37,Male,31.9,116,88,153,26.4,Moderate,Never,None,0,0,0,6.9,High,Poor,0
P3743,77,Female,33.3,146,130,184,26.4,Low,Never,None,0,0,0,7.6,Moderate,Average,0
P3744,45,Male,25.5,125,76,110,33.2,High,Former,None,0,0,0,6.7,Moderate,Poor,0
P3745,33,Male,30.7,133,90,129,15.5,High,Never,None,1,1,0,5.2,High,Average,0
P3746,80,Female,20.8,142,106,148,17.3,Moderate,Current,Occasional,1,0,0,8.1,High,Average,0
P3747,46,Male,30.5,130,130,173,14.6,Moderate,Former,Frequent,0,0,0,9.1,Low,Good,0
P3748,80,Male,23.5,145,94,121,19.8,Low,Never,None,1,1,0,7.1,Moderate,Average,0
P3749,75,Female,20.3,134,102,147,3.1,Moderate,Former,None,0,0,0,7.1,High,Average,0
P3750,75,Female,25.5,150,118,145,21.4,Moderate,Former,Occasional,1,1,0,6.9,High,Poor,1
P3751,54,Male,33.8,123,113,179,42.8,Moderate,Former,None,0,0,0,5.4,High,Average,0
P3752,68,Male,27.4,148,121,187,20.9,Moderate,Never,None,0,0,0,6.3,High,Poor,0
P3753,78,Male,34.3,151,117,152,10.6,Low,Current,None,0,0,0,7.9,Moderate,Average,0
P3754,34,Female,22.6,113,93,129,13.0,Low,Never,Occasional,0,0,1,7.3,Moderate,Poor,0
P3755,20,Female,31.9,115,86,130,27.7,Low,Former,None,0,0,0,9.0,Low,Poor,0
P3756,38,Male,23.1,120,77,124,20.5,Moderate,Never,None,0,1,0,7.9,Moderate,Average,0
P3757,58,Female,27.7,118,118,171,32.1,Moderate,Former,Occasional,1,0,0,6.5,Low,Average,0
P3758,52,Female,27.6,130,115,171,32.1,Moderate,Never,None,1,1,0,7.8,Moderate,Average,0
P3759,23,Male,29.9,114,98,155,20.4,Moderate,Never,Frequent,0,0,0,6.7,Moderate,Poor,0
P3760,53,Male,27.8,136,127,201,15.8,Low,Never,Occasional,0,0,0,5.0,Moderate,Average,0
P3761,28,Female,22.7,124,118,166,5.3,Moderate,Never,None,1,1,0,8.2,Low,Average,0
P3762,49,Female,31.1,143,120,149,20.2,Moderate,Never,None,0,1,0,7.6,High,Good,0
P3763,54,Female,35.5,122,97,123,32.0,Moderate,Former,Frequent,0,0,0,10.0,Low,Poor,0
P3764,58,Male,23.5,130,90,164,3.0,Low,Current,None,0,0,0,6.3,Moderate,Average,0
P3765,43,Male,17.0,142,65,118,4.6,Moderate,Current,None,0,0,0,7.9,High,Average,0
P3766,43,Male,29.1,106,103,156,25.3,Moderate,Never,None,0,0,0,6.1,High,Good,0
P3767,60,Male,24.8,136,89,144,10.2,Moderate,Never,Frequent,0,1,0,5.9,Moderate,Good,0
P3768,65,Male,25.8,127,81,132,19.5,Low,Current,Frequent,0,0,0,9.8,Low,Average,0
P3769,68,Male,29.4,143,82,138,14.4,Moderate,Current,Occasional,1,1,0,4.5,Low,Average,0
P3770,39,Female,24.1,119,92,134,16.8,High,Never,None,1,0,0,6.9,Moderate,Average,0
P3771,44,Female,25.1,132,65,130,9.5,High,Never,None,1,0,0,9.1,Low,Good,0
P3772,38,Female,26.0,126,89,129,2.0,High,Never,None,0,0,0,5.1,Low,Average,0
P3773,51,Female,34.1,117,124,161,36.1,Low,Never,None,1,0,0,6.4,Moderate,Poor,0
P3774,26,Male,26.7,111,83,105,12.1,Moderate,Former,Frequent,0,0,0,8.1,Low,Poor,0
P3775,45,Female,20.1,132,74,116,10.0,Low,Never,Occasional,0,1,0,5.5,High,Good,0
P3776,29,Male,20.3,130,86,153,6.5,Moderate,Former,None,0,1,0,7.4,Moderate,Average,0
P3777,51,Female,27.2,154,87,128,22.6,Moderate,Never,Occasional,0,0,0,6.0,High,Good,0
P3778,71,Female,20.6,148,90,114,14.7,Moderate,Never,None,0,0,0,8.6,Moderate,Good,0
P3779,80,Male,18.4,141,77,127,16.3,High,Never,Occasional,1,1,0,8.5,High,Poor,0
P3780,46,Female,29.8,131,109,148,17.7,High,Never,None,0,1,0,6.4,High,Poor,0
P3781,21,Female,30.1,115,95,170,21.3,Low,Never,Occasional,0,0,0,3.5,Moderate,Good,0
P3782,32,Male,24.6,115,89,154,18.5,High,Never,None,1,0,0,7.6,Low,Average,0
P3783,24,Male,28.0,120,119,148,33.1,High,Never,None,1,0,0,8.2,Low,Average,0
P3784,65,Female,27.5,120,112,158,22.0,Moderate,Current,Frequent,0,1,0,7.6,High,Average,0
P3785,80,Male,29.6,152,116,154,14.4,Low,Current,Frequent,0,0,0,7.4,Moderate,Poor,1
P3786,52,Female,29.6,126,95,126,23.3,Low,Never,Occasional,1,0,0,7.3,Low,Poor,0
P3787,29,Male,15.0,117,71,115,10.7,Moderate,Current,Occasional,0,0,0,6.6,Moderate,Poor,0
P3788,19,Female,25.2,127,85,146,2.0,Low,Never,None,0,0,0,6.1,High,Poor,0
P3789,79,Male,29.2,133,109,157,6.6,Low,Never,None,1,0,0,7.0,High,Good,0
P3790,37,Male,24.4,125,99,139,14.3,Low,Never,None,1,0,0,6.7,Low,Good,0
P3791,25,Female,26.7,124,86,99,17.8,Moderate,Current,None,0,0,0,7.8,Moderate,Good,0
P3792,29,Male,30.4,120,96,135,19.7,Moderate,Former,Occasional,1,0,0,5.9,High,Poor,0
P3793,34,Female,26.9,105,88,145,25.0,Low,Current,Occasional,0,0,0,6.4,Moderate,Average,0
P3794,59,Male,34.3,153,116,146,20.6,High,Never,Occasional,0,1,0,7.0,Moderate,Poor,0
P3795,74,Male,32.4,141,117,188,14.8,Low,Current,Occasional,0,0,0,6.0,High,Poor,0
P3796,35,Female,25.9,116,88,127,10.1,Moderate,Former,Occasional,0,0,0,5.3,High,Poor,0
P3797,61,Male,25.5,133,118,169,12.8,Moderate,Current,Occasional,0,0,0,7.7,Moderate,Average,0
P3798,22,Male,15.0,110,104,142,11.9,Moderate,Current,Frequent,0,0,0,5.4,Moderate,Average,0
P3799,18,Female,24.8,100,80,109,9.0,Low,Never,None,0,0,0,7.1,High,Average,0
P3800,21,Female,19.5,115,81,134,2.0,Moderate,Former,None,0,0,0,7.6,Moderate,Good,0
P3801,76,Female,27.7,143,126,165,2.0,Low,Never,Frequent,1,1,0,8.6,Low,Average,0
P3802,54,Female,27.3,139,96,131,19.3,Low,Current,Occasional,0,0,0,9.7,Moderate,Poor,0
P3803,68,Female,30.1,150,101,113,12.8,Moderate,Never,Occasional,1,1,0,8.5,Moderate,Good,0
P3804,19,Female,33.8,129,132,204,12.7,Low,Never,Occasional,1,0,0,6.1,High,Average,0
P3805,19,Female,26.4,110,101,150,22.4,High,Never,Frequent,1,0,0,6.6,Moderate,Poor,0
P3806,71,Male,38.4,133,131,201,46.5,Moderate,Never,Frequent,0,0,0,7.3,Low,Average,0
P3807,24,Female,27.7,101,115,174,19.3,Low,Never,Occasional,0,0,0,6.8,Low,Average,0
P3808,27,Male,19.7,144,96,160,14.1,Moderate,Never,None,0,1,1,7.1,High,Good,0
P3809,50,Female,23.6,141,97,135,16.1,Moderate,Current,Occasional,1,1,0,8.4,Moderate,Average,0
P3810,56,Male,24.6,126,80,106,2.0,Moderate,Never,None,1,0,0,7.1,Low,Average,0
P3811,32,Female,29.6,137,94,156,28.2,High,Current,None,1,0,0,8.0,Moderate,Average,0
P3812,46,Female,21.6,146,109,158,22.6,Moderate,Never,Occasional,1,1,0,5.6,Low,Average,0
P3813,60,Female,25.0,127,112,153,31.3,Low,Never,Occasional,0,1,0,7.5,Low,Average,0
P3814,45,Female,25.7,119,92,152,12.9,Moderate,Current,Frequent,0,0,0,4.9,Moderate,Average,0
P3815,42,Male,24.2,124,115,168,6.8,High,Former,None,0,0,0,8.3,Moderate,Poor,0
P3816,22,Male,30.7,103,99,159,33.3,Low,Never,None,0,0,0,6.7,Moderate,Poor,0
P3817,46,Male,29.8,126,117,150,26.7,Low,Current,Occasional,0,0,0,5.3,Low,Good,0
P3818,68,Female,32.6,147,117,183,33.1,Moderate,Never,Occasional,0,0,0,6.6,Moderate,Average,1
P3819,57,Female,24.8,125,129,177,12.5,Moderate,Never,None,0,1,1,7.5,Moderate,Average,1
P3820,74,Male,32.8,151,133,201,29.8,Low,Former,None,0,1,0,5.4,Low,Good,0
P3821,25,Male,19.4,128,78,140,3.6,High,Former,None,0,0,0,5.9,Low,Good,0
P3822,18,Male,19.3,116,73,130,12.0,Low,Former,Frequent,1,0,0,6.4,Moderate,Good,0
P3823,52,Female,20.2,135,90,135,9.2,Moderate,Never,None,1,1,0,7.9,Moderate,Good,0
P3824,29,Male,26.5,111,83,143,36.1,High,Never,Occasional,0,0,0,4.5,Moderate,Average,0
P3825,55,Female,32.8,146,100,169,29.3,Low,Never,Frequent,0,1,0,7.5,Moderate,Average,0
P3826,74,Female,23.4,131,99,156,2.0,Moderate,Never,None,0,0,0,6.6,High,Poor,0
P3827,39,Male,24.0,126,82,133,14.4,Low,Never,Frequent,0,0,0,8.2,Low,Poor,0
P3828,52,Male,25.4,136,94,154,19.0,Moderate,Former,Occasional,1,1,0,7.4,Moderate,Poor,0
P3829,60,Female,29.5,151,111,152,18.1,Moderate,Current,Occasional,0,1,0,8.5,Low,Average,0
P3830,27,Male,24.0,111,88,160,5.6,Moderate,Current,Frequent,0,0,0,7.4,Moderate,Average,0
P3831,74,Female,23.7,143,102,123,19.5,Moderate,Former,None,0,1,1,5.5,Moderate,Good,0
P3832,30,Female,19.5,106,102,149,4.5,Low,Never,Frequent,1,0,0,7.4,Moderate,Average,0
P3833,68,Female,23.5,144,103,144,18.6,Low,Never,None,0,0,0,7.5,High,Good,0
P3834,59,Female,32.6,135,149,189,20.3,Low,Current,None,1,1,0,6.1,Moderate,Good,0
P3835,26,Female,27.0,108,88,142,13.7,Moderate,Never,None,0,0,0,6.2,Moderate,Average,0
P3836,63,Male,22.7,129,102,131,20.6,High,Never,Occasional,0,0,0,4.0,Low,Poor,0
P3837,30,Male,32.9,129,109,194,29.7,Moderate,Never,None,0,1,0,7.8,High,Average,0
P3838,55,Male,23.5,121,84,110,14.1,Moderate,Never,None,0,0,0,6.7,Moderate,Average,0
P3839,78,Female,33.9,140,155,191,30.4,High,Current,None,0,1,1,6.2,High,Good,1
P3840,78,Female,33.8,159,114,148,28.0,Low,Never,None,0,1,0,5.7,Moderate,Average,0
P3841,72,Male,26.8,145,77,129,11.4,High,Never,None,0,1,0,6.3,Low,Good,0
P3842,49,Male,18.7,144,77,139,2.0,Low,Former,Occasional,0,1,0,7.4,Moderate,Poor,0
P3843,53,Female,38.4,133,103,164,36.5,Low,Current,Occasional,0,1,0,7.1,High,Poor,0
P3844,36,Male,28.5,122,86,159,32.0,High,Never,Occasional,0,0,0,6.5,Low,Average,0
P3845,76,Female,24.8,145,86,121,20.2,Moderate,Former,Occasional,0,0,0,5.4,Moderate,Good,0
P3846,48,Female,31.5,142,108,169,26.1,High,Current,None,0,0,0,6.5,Moderate,Poor,0
P3847,66,Male,30.2,156,86,131,12.2,Moderate,Current,None,0,1,0,5.9,Moderate,Poor,0
P3848,40,Male,33.3,136,127,182,34.7,Low,Never,Occasional,0,0,0,6.6,Low,Average,1
P3849,64,Male,23.1,136,73,138,17.2,Low,Never,Occasional,1,1,1,7.6,Low,Average,0
P3850,32,Female,28.2,110,96,118,25.5,Moderate,Current,Occasional,0,0,0,6.2,Low,Average,0
P3851,64,Male,20.3,150,88,166,20.3,Moderate,Current,None,1,1,0,8.9,Moderate,Poor,1
P3852,20,Male,30.0,127,111,158,35.2,Moderate,Never,None,0,0,0,6.2,High,Average,0
P3853,24,Female,26.4,127,97,120,8.4,Low,Never,Occasional,1,0,0,4.8,Moderate,Average,0
P3854,40,Male,28.0,129,122,160,10.6,Low,Never,Occasional,0,1,0,6.6,Moderate,Poor,0
P3855,48,Female,25.7,136,90,140,17.6,Moderate,Former,Frequent,1,0,0,6.1,Low,Average,0
P3856,62,Male,25.2,149,97,134,8.5,Low,Never,Occasional,1,1,0,10.0,High,Poor,0
P3857,40,Male,22.0,126,91,105,3.2,Moderate,Never,Occasional,0,0,0,6.3,High,Average,0
P3858,19,Male,30.6,114,115,167,33.3,Low,Former,Occasional,0,0,0,5.0,Moderate,Good,0
P3859,38,Male,34.2,129,130,170,21.0,High,Never,Frequent,0,1,0,6.8,Moderate,Good,0
P3860,45,Male,23.6,119,94,152,13.8,Moderate,Current,Occasional,0,0,0,6.6,High,Good,0
P3861,52,Female,29.4,124,107,139,8.4,Low,Never,None,0,0,0,5.4,Moderate,Average,0
P3862,58,Male,28.7,127,103,188,20.8,Moderate,Never,None,0,0,0,7.2,Moderate,Average,0
P3863,33,Female,26.5,104,100,157,26.9,Moderate,Current,Frequent,0,0,0,7.5,Low,Average,0
P3864,56,Female,18.6,139,116,165,23.0,Moderate,Never,Occasional,0,1,0,6.9,Low,Average,0
P3865,57,Female,19.7,133,80,136,20.4,Low,Never,Occasional,0,0,0,6.5,Moderate,Poor,0
P3866,66,Female,22.4,151,93,111,11.9,Moderate,Never,Occasional,0,1,0,6.4,Moderate,Good,0
P3867,50,Male,15.4,147,73,110,20.9,High,Never,None,0,1,0,6.1,Low,Average,0
P3868,69,Male,33.8,158,129,209,31.9,Low,Never,Occasional,0,1,0,5.3,Moderate,Good,0
P3869,31,Female,28.4,133,68,112,16.2,Moderate,Current,Occasional,0,0,0,8.6,Moderate,Average,0
P3870,62,Female,26.3,129,97,144,20.2,Low,Current,Frequent,1,0,0,9.7,Moderate,Good,0
P3871,20,Male,15.1,99,79,116,19.1,Moderate,Never,Occasional,1,0,0,5.6,Moderate,Good,0
P3872,24,Female,17.0,125,65,134,2.0,Moderate,Never,None,1,0,0,6.1,High,Average,0
P3873,72,Female,26.5,161,111,156,9.8,Low,Never,Frequent,0,1,0,5.5,Low,Average,0
P3874,47,Female,36.7,144,148,180,32.3,Low,Current,None,0,0,0,7.9,High,Good,0
P3875,57,Male,22.9,138,95,184,3.3,Moderate,Never,Occasional,0,0,1,5.6,Low,Good,0
P3876,56,Male,31.0,118,84,112,12.9,Moderate,Never,None,0,1,0,7.6,Moderate,Good,0
P3877,61,Male,24.0,144,81,127,11.0,High,Never,None,1,1,1,7.3,Moderate,Good,0
P3878,33,Male,26.8,126,91,126,25.7,Moderate,Current,Occasional,0,0,0,6.6,Moderate,Average,0
P3879,29,Male,32.8,131,96,136,32.7,High,Never,Occasional,1,0,0,8.4,High,Average,0
P3880,20,Male,24.7,127,89,120,17.8,High,Never,Frequent,1,0,0,6.4,Moderate,Poor,0
P3881,72,Male,22.9,151,89,128,14.5,Low,Never,Occasional,0,0,0,6.8,Low,Average,0
P3882,32,Male,33.9,114,126,193,45.1,High,Never,None,0,0,0,5.3,Moderate,Poor,0
P3883,54,Male,26.7,122,83,101,13.3,High,Never,Frequent,0,0,0,3.9,Moderate,Poor,0
P3884,46,Male,32.2,133,106,177,26.6,Moderate,Never,Frequent,1,0,0,8.1,Moderate,Poor,0
P3885,28,Male,22.9,110,88,153,8.4,Moderate,Never,Frequent,0,0,0,6.1,Low,Average,0
P3886,44,Female,33.8,141,117,176,17.2,Low,Never,Frequent,0,0,0,8.2,High,Poor,0
P3887,23,Female,27.9,98,97,148,28.6,Low,Never,Occasional,1,0,0,6.4,Moderate,Good,0
P3888,29,Female,28.8,124,65,119,17.7,Low,Current,Occasional,1,0,0,6.7,High,Good,0
P3889,26,Female,27.2,120,95,167,23.8,Low,Former,Occasional,1,0,0,7.0,High,Average,0
P3890,69,Male,23.9,143,100,120,12.3,Moderate,Never,None,0,1,0,6.2,High,Average,0
P3891,53,Female,26.5,122,110,170,28.2,Moderate,Never,Occasional,1,0,0,4.9,Moderate,Good,0
P3892,76,Male,24.2,123,107,143,7.2,Low,Never,None,0,0,0,5.8,High,Average,0
P3893,45,Female,31.5,122,111,174,33.6,Low,Never,Occasional,0,0,0,5.7,Low,Average,0
P3894,30,Male,25.4,113,95,133,23.2,Low,Current,None,0,0,0,6.8,Moderate,Good,0
P3895,56,Male,18.7,149,107,164,2.0,High,Never,None,0,1,0,8.1,Moderate,Average,0
P3896,76,Male,17.8,141,106,127,8.3,Moderate,Former,Occasional,0,1,0,5.9,Moderate,Good,0
P3897,51,Male,17.5,140,88,106,20.2,Low,Former,Occasional,0,1,0,6.7,Moderate,Poor,0
P3898,19,Female,29.7,100,129,177,36.7,Moderate,Current,Occasional,1,0,0,7.1,Moderate,Good,0
P3899,37,Female,20.5,132,80,149,17.7,Moderate,Former,Occasional,1,1,0,5.8,Low,Poor,0
P3900,76,Male,28.1,122,89,147,16.1,Moderate,Never,Occasional,0,0,0,7.3,High,Average,0
P3901,50,Male,27.2,156,105,162,10.9,High,Never,None,0,1,0,8.1,Moderate,Poor,0
P3902,77,Female,26.2,148,103,165,21.8,Moderate,Never,Occasional,0,1,0,7.3,Moderate,Average,0
P3903,50,Female,28.8,107,75,118,16.8,Low,Never,None,0,1,0,6.7,High,Average,0
P3904,18,Female,27.3,105,84,143,15.3,High,Never,Frequent,1,0,0,5.8,High,Average,0
P3905,73,Female,15.0,133,81,116,10.2,High,Current,None,1,0,0,6.7,Moderate,Average,0
P3906,66,Female,24.8,132,95,138,22.4,Low,Never,Frequent,1,0,0,5.9,High,Good,0
P3907,63,Female,28.7,133,93,139,34.5,Moderate,Former,None,0,0,0,6.1,Moderate,Average,0
P3908,79,Female,35.0,144,129,172,38.1,Moderate,Never,None,1,1,0,6.7,Low,Poor,0
P3909,30,Male,35.3,110,115,166,29.2,Moderate,Never,Frequent,0,0,0,6.6,Moderate,Poor,0
P3910,75,Female,19.4,132,96,138,4.8,Moderate,Never,Occasional,1,0,0,8.0,Low,Good,0
P3911,32,Male,24.7,128,81,118,20.6,Low,Never,None,0,0,0,6.1,Moderate,Good,0
P3912,79,Male,18.4,158,97,140,25.3,Moderate,Never,Occasional,0,0,0,7.3,Low,Average,0
P3913,30,Female,34.4,116,96,150,34.9,Low,Current,None,1,0,0,6.2,Moderate,Average,0
P3914,52,Male,31.8,131,102,135,25.6,Low,Former,None,0,0,0,5.7,Moderate,Average,0
P3915,67,Female,28.3,128,128,184,17.9,Moderate,Never,None,1,0,0,7.5,Low,Average,0
P3916,22,Female,27.4,115,80,121,21.2,Low,Never,None,0,0,0,7.3,Moderate,Good,0
P3917,22,Male,33.7,116,99,153,35.3,Moderate,Current,None,1,0,0,6.1,Moderate,Average,0
P3918,71,Male,32.8,144,104,144,27.1,Low,Never,None,1,1,0,3.5,High,Average,0
P3919,21,Female,32.5,118,93,160,23.8,Moderate,Never,Frequent,0,0,0,8.1,Low,Average,0
P3920,56,Female,28.9,141,112,177,15.7,Low,Current,None,0,1,0,7.7,Moderate,Average,0
P3921,77,Female,24.7,134,108,139,36.6,Low,Never,None,1,0,0,8.2,Moderate,Average,0
P3922,56,Male,30.5,145,107,165,15.6,Moderate,Never,None,0,0,0,8.2,Moderate,Average,1
P3923,48,Female,30.7,126,101,174,14.7,Moderate,Former,Frequent,0,0,0,6.8,Low,Good,0
P3924,44,Male,25.5,143,76,109,17.5,Moderate,Never,None,0,0,0,6.3,High,Poor,0
P3925,58,Male,24.7,143,91,125,13.6,Moderate,Never,None,0,1,0,4.7,Low,Average,0
P3926,54,Male,32.4,152,89,151,32.7,Low,Never,Frequent,0,0,0,7.0,Moderate,Good,1
P3927,49,Male,35.2,146,133,164,38.9,Low,Current,Occasional,0,1,0,6.3,Moderate,Average,0
P3928,27,Female,22.6,119,96,131,3.0,Low,Never,None,0,0,0,5.9,Low,Average,0
P3929,59,Female,25.1,127,95,127,9.7,Moderate,Never,Occasional,1,0,0,5.2,Moderate,Average,0
P3930,64,Male,28.3,135,117,178,13.9,Moderate,Never,None,0,1,0,5.6,Low,Average,0
P3931,62,Female,29.0,147,124,162,28.6,Moderate,Never,None,0,1,0,5.2,Moderate,Average,0
P3932,22,Male,23.8,116,87,130,17.6,High,Current,Occasional,1,0,0,8.0,Moderate,Average,0
P3933,62,Female,36.3,135,147,187,29.9,Low,Never,Frequent,1,1,0,8.1,Moderate,Poor,1
P3934,63,Male,28.7,145,90,158,21.8,High,Never,Frequent,0,0,0,5.9,Moderate,Average,0
P3935,29,Male,29.3,123,102,138,11.9,Moderate,Former,Occasional,0,1,0,8.3,High,Average,0
P3936,71,Female,35.6,155,121,150,24.1,Moderate,Never,None,0,1,0,6.9,Moderate,Good,0
P3937,51,Female,24.2,120,101,126,4.3,Moderate,Never,Occasional,1,0,0,8.6,Moderate,Average,0
P3938,47,Female,26.0,138,75,134,18.0,Moderate,Former,Frequent,1,0,0,7.5,Moderate,Average,0
P3939,63,Female,20.0,142,105,164,13.5,Low,Former,Occasional,0,0,0,7.6,Low,Good,0
P3940,50,Male,25.6,147,110,178,9.2,Low,Never,None,0,1,1,7.1,Moderate,Poor,0
P3941,52,Male,18.8,145,112,138,16.3,Low,Never,Frequent,1,1,0,5.9,Moderate,Average,0
P3942,37,Female,30.4,127,110,156,31.3,Low,Never,Frequent,1,1,0,5.2,Low,Average,0
P3943,76,Female,28.7,142,99,187,11.8,Low,Current,None,0,0,0,7.0,Moderate,Good,0
P3944,79,Male,25.1,163,108,151,13.7,Low,Former,Occasional,1,0,0,6.7,Moderate,Poor,0
P3945,26,Male,26.0,113,106,145,21.4,High,Never,Frequent,1,0,0,9.9,Low,Average,0
P3946,64,Female,30.5,145,98,148,22.1,Low,Current,None,0,0,0,7.7,Moderate,Average,0
P3947,19,Male,20.6,109,65,120,2.0,High,Never,Frequent,0,0,0,5.8,Moderate,Poor,0
P3948,41,Male,27.6,106,72,129,15.2,Moderate,Never,None,0,0,0,6.7,High,Average,0
P3949,79,Female,30.1,133,114,154,19.0,Low,Former,None,1,0,0,6.4,Moderate,Poor,0
P3950,29,Male,17.2,122,94,130,10.6,Low,Never,Frequent,0,0,0,6.8,Low,Average,0
P3951,41,Male,30.1,132,85,130,20.7,Low,Never,Frequent,1,0,0,5.2,Moderate,Average,0
P3952,31,Female,17.8,123,71,105,24.5,Low,Never,None,1,0,0,7.9,Moderate,Average,0
P3953,63,Male,25.9,148,93,122,15.0,Low,Never,Frequent,1,0,0,6.3,High,Good,0
P3954,47,Female,20.5,132,110,185,2.0,Moderate,Former,Occasional,0,0,0,7.6,Moderate,Average,0
P3955,55,Female,33.9,130,153,198,31.2,Low,Current,Frequent,0,1,0,6.1,Low,Average,0
P3956,77,Male,20.5,155,102,143,26.1,Moderate,Never,Occasional,0,1,0,6.3,Moderate,Good,0
P3957,50,Female,17.9,131,91,131,10.7,Moderate,Current,Frequent,0,0,0,7.5,Low,Average,0
P3958,64,Female,27.2,137,120,167,16.3,Moderate,Never,Occasional,0,1,0,4.3,Moderate,Average,0
P3959,24,Male,24.3,120,70,125,12.3,High,Former,Occasional,0,0,0,8.0,Moderate,Average,0
P3960,31,Female,18.7,120,86,124,16.7,Moderate,Never,Occasional,0,0,0,8.6,Moderate,Good,0
P3961,77,Male,29.2,138,94,162,18.2,Low,Never,None,0,0,0,8.5,Moderate,Average,0
P3962,72,Male,16.1,145,83,137,2.0,High,Current,None,0,1,0,6.0,Low,Poor,0
P3963,59,Female,21.1,149,103,147,6.9,High,Never,None,1,0,0,7.2,Moderate,Average,0
P3964,41,Female,23.5,138,90,127,13.3,Moderate,Never,Frequent,1,0,0,6.3,Moderate,Average,0
P3965,30,Female,30.7,120,118,185,28.2,Moderate,Never,Occasional,0,0,0,5.0,Moderate,Average,0
P3966,71,Female,33.2,142,134,182,23.5,Moderate,Never,Occasional,1,0,0,6.9,High,Average,0
P3967,67,Female,32.2,125,88,119,21.9,Moderate,Former,None,0,0,0,5.1,Low,Average,0
P3968,33,Male,25.7,137,65,130,16.8,Low,Never,Occasional,0,0,0,7.5,Moderate,Poor,0
P3969,55,Male,15.0,143,89,122,5.8,Moderate,Never,None,0,0,0,7.8,Low,Poor,0
P3970,56,Female,28.5,140,119,182,20.6,Moderate,Never,Occasional,0,0,0,8.3,High,Poor,0
P3971,48,Female,34.1,106,117,128,31.6,Low,Never,None,1,0,0,7.4,Moderate,Average,0
P3972,76,Male,32.9,144,121,166,17.3,Moderate,Never,None,1,0,0,6.3,Low,Average,0
P3973,25,Male,28.9,115,110,178,23.5,Moderate,Current,None,1,0,0,6.6,Moderate,Average,0
P3974,34,Female,20.3,128,93,139,3.3,Low,Never,None,0,0,0,6.9,High,Good,0
P3975,23,Male,23.8,110,82,139,5.6,Moderate,Never,Occasional,0,0,0,8.6,Low,Average,0
P3976,61,Male,36.6,133,135,173,27.0,Moderate,Current,Occasional,0,0,0,8.6,Moderate,Average,0
P3977,58,Female,19.1,140,77,128,22.9,Low,Never,None,0,0,0,6.7,Moderate,Good,0
P3978,80,Male,20.5,138,93,139,2.0,Low,Never,Occasional,1,0,0,8.0,Low,Average,0
P3979,52,Female,31.4,125,111,165,20.4,Low,Current,Frequent,0,0,0,6.2,Low,Average,0
P3980,27,Female,24.3,119,76,156,14.5,Low,Never,Occasional,0,0,0,7.3,Low,Good,0
P3981,46,Female,20.4,146,80,147,21.3,Moderate,Never,Occasional,1,1,0,6.4,Moderate,Average,0
P3982,23,Female,34.4,123,141,205,45.7,Moderate,Never,Occasional,0,0,0,7.1,Moderate,Good,0
P3983,60,Female,28.9,146,92,154,16.9,Moderate,Never,Occasional,1,0,0,5.8,High,Average,0
P3984,60,Female,24.5,136,100,133,19.3,Moderate,Former,None,1,0,0,5.1,Low,Good,0
P3985,72,Male,20.5,162,103,142,11.5,Low,Never,None,0,1,0,5.3,High,Average,0
P3986,39,Female,37.1,106,118,146,30.8,High,Current,None,1,0,0,7.5,Moderate,Poor,0
P3987,37,Female,26.4,148,111,139,20.3,Low,Never,Occasional,1,1,0,5.5,Low,Good,0
P3988,22,Male,33.8,136,113,150,14.5,Moderate,Never,None,1,0,0,6.4,Moderate,Poor,0
P3989,44,Male,31.1,131,94,144,22.5,Low,Never,Occasional,1,0,0,7.9,Moderate,Good,0
P3990,47,Male,23.8,136,98,126,17.8,Moderate,Current,Occasional,0,0,0,8.1,Moderate,Good,0
P3991,65,Male,23.8,142,93,140,7.3,Moderate,Never,None,0,1,0,5.6,Moderate,Average,0
P3992,65,Male,34.0,141,148,197,33.9,High,Never,None,1,1,0,3.9,Moderate,Good,0
P3993,26,Female,34.1,110,115,148,13.9,Moderate,Never,Occasional,0,0,0,5.8,Moderate,Good,0
P3994,35,Male,16.7,121,65,135,12.7,High,Never,Occasional,1,0,0,7.0,Moderate,Average,0
P3995,50,Male,29.4,140,115,143,32.8,Moderate,Never,None,0,1,1,7.6,Low,Good,1
P3996,39,Male,25.9,128,81,147,14.9,Low,Current,Occasional,0,0,0,5.4,Moderate,Average,0
P3997,19,Male,21.1,132,83,94,4.2,Moderate,Never,None,1,0,0,4.7,High,Average,0
P3998,71,Female,27.9,147,108,155,8.3,Low,Never,Occasional,0,1,1,5.7,Moderate,Average,0
P3999,64,Male,19.5,127,80,107,15.1,Moderate,Never,Occasional,0,1,0,6.2,Moderate,Good,0
P4000,50,Female,24.1,146,80,117,21.9,Low,Never,Occasional,1,0,0,9.3,Moderate,Average,0
P4001,38,Male,22.3,111,120,196,13.5,Moderate,Former,Frequent,0,0,0,6.9,Moderate,Average,0
P4002,71,Male,23.9,136,96,138,10.6,Moderate,Current,None,1,0,0,7.6,Moderate,Average,0
P4003,20,Female,26.1,116,85,116,2.0,Moderate,Never,Occasional,1,0,0,8.1,Low,Average,0
P4004,46,Male,21.2,132,76,130,13.0,Moderate,Current,None,0,0,0,6.3,Low,Average,0
P4005,68,Female,34.7,130,132,178,24.3,Moderate,Current,Frequent,0,1,0,6.9,Low,Good,0
P4006,78,Female,29.1,138,99,151,15.5,Moderate,Never,None,0,0,1,7.1,High,Average,0
P4007,33,Female,35.8,105,99,136,41.5,Moderate,Never,Occasional,1,0,0,7.5,Low,Good,0
P4008,59,Male,25.7,141,96,130,2.0,Moderate,Former,Occasional,0,0,0,6.6,High,Average,0
P4009,29,Male,23.6,130,86,121,2.0,Moderate,Current,Frequent,0,0,0,8.1,Low,Poor,0
P4010,25,Male,35.6,104,107,171,30.7,Low,Current,Occasional,1,0,0,8.1,Moderate,Poor,0
P4011,40,Male,23.5,134,76,120,10.7,Low,Never,Occasional,0,0,1,6.5,Moderate,Average,0
P4012,73,Male,25.6,152,94,125,12.2,Moderate,Never,Occasional,1,0,0,7.7,Moderate,Average,0
P4013,61,Female,30.2,134,108,160,24.7,Moderate,Former,Occasional,0,1,0,7.3,Low,Good,0
P4014,48,Male,20.1,114,81,129,14.0,High,Former,None,1,1,0,10.0,Moderate,Good,0
P4015,35,Female,30.2,111,106,165,14.5,High,Current,None,0,0,0,7.9,High,Average,0
P4016,26,Male,29.5,110,131,173,18.7,High,Former,None,0,0,0,7.3,High,Good,0
P4017,35,Male,33.1,142,135,185,28.5,Moderate,Never,None,0,1,0,6.1,High,Good,0
P4018,27,Female,31.1,116,130,187,26.7,Moderate,Never,Occasional,1,0,0,5.6,High,Poor,0
P4019,29,Male,33.3,113,107,142,30.0,Low,Never,Frequent,0,1,0,7.4,Moderate,Average,0
P4020,61,Male,25.9,142,128,190,14.3,Low,Never,Occasional,1,1,0,4.8,Low,Average,0
P4021,26,Female,22.0,103,86,133,14.8,Moderate,Former,None,1,0,0,8.7,Moderate,Poor,0
P4022,20,Female,37.5,118,130,165,40.6,Moderate,Current,Occasional,1,0,0,4.3,Low,Average,0
P4023,52,Female,18.6,126,93,121,12.4,Low,Former,Occasional,0,1,0,5.6,High,Average,0
P4024,36,Female,19.1,114,73,117,11.2,High,Never,Occasional,1,0,0,8.0,Moderate,Good,0
P4025,46,Female,29.4,131,113,154,20.0,High,Never,Occasional,1,0,0,6.8,Moderate,Good,0
P4026,26,Female,34.9,139,125,189,24.5,Low,Never,Occasional,1,1,0,7.0,High,Poor,0
P4027,31,Female,27.5,141,71,115,11.1,Low,Former,Frequent,1,0,0,6.0,Moderate,Good,0
P4028,45,Male,31.7,121,113,168,22.3,High,Former,None,0,1,0,6.6,Moderate,Poor,0
P4029,61,Female,16.1,130,88,119,15.6,Low,Never,Occasional,0,0,0,7.6,Moderate,Good,0
P4030,44,Male,23.9,131,94,141,7.2,Low,Never,Frequent,0,0,0,5.8,High,Average,0
P4031,52,Male,16.8,142,83,149,11.4,Moderate,Former,None,1,0,0,6.5,Moderate,Poor,1
P4032,50,Male,30.6,113,103,151,21.0,Moderate,Never,Occasional,0,1,0,6.8,Moderate,Good,0
P4033,34,Female,18.5,122,80,117,26.2,Moderate,Never,None,1,0,0,6.5,Low,Poor,0
P4034,35,Male,19.9,121,85,117,17.8,Moderate,Current,Occasional,0,1,0,7.7,Moderate,Poor,0
P4035,44,Female,29.2,107,99,148,26.3,Moderate,Never,None,0,0,0,7.4,Moderate,Poor,0
P4036,20,Male,32.0,100,94,167,31.4,Moderate,Never,None,0,0,0,6.7,Low,Average,0
P4037,61,Female,25.7,135,117,143,13.4,Moderate,Former,Occasional,0,1,1,4.8,Moderate,Poor,0
P4038,56,Female,29.5,138,117,166,33.4,Low,Never,None,0,1,0,8.2,Moderate,Good,0
P4039,37,Female,29.3,133,104,126,22.4,Moderate,Never,None,1,0,0,5.7,Low,Average,0
P4040,41,Male,25.4,128,122,164,17.5,Moderate,Current,Occasional,0,0,0,8.9,Low,Good,0
P4041,38,Female,20.8,137,96,147,2.3,Low,Never,Occasional,1,1,0,5.8,Low,Average,0
P4042,59,Male,29.4,135,122,146,19.4,Moderate,Current,None,0,0,0,7.1,Moderate,Average,0
P4043,65,Female,29.7,131,111,154,8.0,Low,Never,Occasional,0,0,0,7.6,High,Average,0
P4044,24,Male,31.1,113,98,153,20.9,Low,Never,Frequent,0,0,0,6.6,Moderate,Good,0
P4045,44,Female,28.1,133,85,136,14.7,Moderate,Never,None,0,0,0,7.2,Moderate,Average,0
P4046,18,Female,20.4,122,81,133,8.8,Low,Former,Frequent,1,0,0,6.5,High,Average,0
P4047,46,Female,30.1,126,67,101,10.6,Low,Current,Frequent,1,0,0,9.1,Moderate,Poor,0
P4048,33,Female,26.5,116,105,158,23.4,Moderate,Never,Occasional,0,1,0,7.0,High,Average,0
P4049,39,Male,24.0,127,94,132,19.1,Moderate,Current,Frequent,0,0,0,6.7,Moderate,Average,0
P4050,46,Female,25.0,132,90,149,29.1,Moderate,Former,Occasional,1,0,0,7.1,Moderate,Poor,0
P4051,38,Male,22.9,140,93,103,26.4,Low,Current,Occasional,1,1,0,8.2,Moderate,Average,0
P4052,42,Female,31.1,118,88,134,24.2,Moderate,Former,None,0,0,0,7.3,Low,Good,0
P4053,66,Male,19.1,132,103,151,20.4,Moderate,Former,Occasional,1,0,0,7.0,Moderate,Poor,0
P4054,69,Female,21.3,148,84,152,14.1,Low,Current,None,0,0,0,5.1,Moderate,Poor,0
P4055,18,Female,24.8,108,74,123,11.9,Low,Former,Occasional,0,0,0,8.2,Low,Average,0
P4056,41,Female,34.9,120,122,176,27.0,Moderate,Current,None,0,0,0,7.2,Moderate,Average,0
P4057,71,Female,32.0,154,114,170,30.2,Moderate,Never,Occasional,0,0,0,6.3,Moderate,Average,0
P4058,51,Male,18.0,121,81,147,44.7,Low,Never,Frequent,0,1,1,7.2,Moderate,Poor,0
P4059,30,Female,33.5,139,102,147,35.3,Low,Former,Occasional,0,0,0,8.5,Moderate,Average,0
P4060,55,Female,33.5,126,113,142,28.8,Moderate,Never,Occasional,0,0,0,7.7,High,Average,0
P4061,27,Female,20.4,126,98,119,15.9,Moderate,Never,None,0,0,0,9.2,High,Good,0
P4062,19,Female,15.0,111,73,128,15.8,Moderate,Current,None,0,0,0,7.8,Moderate,Average,0
P4063,57,Female,26.1,136,97,149,16.2,High,Former,Frequent,0,0,0,4.5,Moderate,Good,0
P4064,50,Male,32.3,127,122,168,32.2,Low,Current,Occasional,0,0,0,8.3,Moderate,Poor,0
P4065,65,Female,34.8,146,118,160,27.6,Moderate,Never,Occasional,1,0,0,4.7,Moderate,Good,0
P4066,39,Female,22.0,125,98,148,3.9,Low,Never,Occasional,0,1,0,8.4,Low,Poor,0
P4067,71,Female,35.6,135,123,178,34.0,Moderate,Never,Occasional,1,0,0,7.9,Moderate,Average,0
P4068,44,Male,15.0,144,79,131,16.9,Moderate,Current,Occasional,1,0,0,8.8,Low,Poor,0
P4069,64,Female,24.6,138,89,119,14.0,Moderate,Never,None,0,0,0,7.3,Low,Good,0
P4070,24,Female,24.3,109,72,92,17.2,Moderate,Current,None,1,0,0,7.1,Low,Average,0
P4071,24,Male,32.5,100,118,154,33.7,Moderate,Never,Occasional,0,0,0,8.3,Low,Average,0
P4072,67,Male,33.3,158,136,165,28.0,Moderate,Never,Frequent,0,0,1,5.4,Low,Good,1
P4073,70,Male,31.5,140,103,131,20.1,Low,Former,None,1,1,0,6.8,Moderate,Poor,0
P4074,77,Female,19.5,165,89,160,6.3,Low,Never,Occasional,1,0,0,6.5,Low,Average,0
P4075,38,Male,31.0,127,99,113,20.8,High,Never,Occasional,0,0,0,6.3,High,Poor,0
P4076,19,Female,29.1,114,110,167,33.6,Moderate,Never,Occasional,0,0,0,6.1,Low,Average,0
P4077,79,Female,17.8,152,94,154,10.4,Low,Never,Occasional,1,1,0,7.0,High,Poor,0
P4078,55,Male,15.8,160,128,189,17.1,High,Current,None,0,1,0,7.7,Moderate,Poor,0
P4079,33,Male,31.9,98,102,157,21.4,High,Never,Occasional,1,0,0,8.6,Moderate,Poor,0
P4080,66,Male,25.6,146,126,195,15.1,Moderate,Never,Occasional,0,1,0,6.5,Low,Average,0
P4081,74,Female,19.8,145,117,192,6.3,Moderate,Never,None,1,1,0,6.4,High,Average,0
P4082,35,Male,25.4,124,106,149,17.4,Low,Never,Occasional,0,1,0,3.5,Low,Poor,0
P4083,66,Male,28.4,145,112,168,16.5,Moderate,Current,None,1,1,0,8.6,Low,Average,0
P4084,67,Male,26.1,141,108,177,27.7,High,Former,Frequent,1,1,0,5.2,Low,Poor,0
P4085,49,Male,18.4,131,79,111,11.1,Low,Current,Frequent,1,0,0,7.4,Moderate,Poor,0
P4086,57,Female,36.3,133,136,184,31.7,Low,Never,Occasional,0,0,0,7.2,Low,Average,0
P4087,34,Female,31.7,113,100,140,22.2,High,Never,None,0,1,0,8.0,High,Good,0
P4088,76,Male,24.8,153,103,158,18.6,Moderate,Never,Frequent,0,1,0,5.7,Moderate,Good,0
P4089,79,Male,25.0,158,102,120,27.7,High,Current,None,1,1,0,7.5,High,Good,0
P4090,79,Male,28.4,145,89,161,11.4,Low,Never,Occasional,0,1,0,8.8,Moderate,Average,0
P4091,64,Female,20.6,161,106,161,14.7,Low,Never,None,0,1,0,7.1,Low,Average,0
P4092,20,Male,28.2,126,110,169,7.7,High,Never,None,0,0,0,5.7,Moderate,Average,0
P4093,41,Female,19.6,138,78,90,21.8,Low,Current,Frequent,1,1,0,5.0,Low,Good,0
P4094,46,Female,26.1,136,110,142,16.9,Moderate,Never,None,1,0,0,8.6,High,Poor,0
P4095,78,Male,20.4,150,74,144,2.0,Low,Never,Occasional,0,1,0,6.3,Moderate,Good,0
P4096,52,Male,20.7,147,92,136,2.0,Moderate,Former,Occasional,1,1,0,6.5,Moderate,Good,0
P4097,51,Male,35.1,146,114,138,35.4,Low,Former,Occasional,0,0,0,9.8,Moderate,Average,0
P4098,27,Female,26.8,125,95,147,4.4,Moderate,Never,None,1,0,0,7.9,Moderate,Average,0
P4099,68,Male,27.6,139,111,171,21.8,High,Never,None,1,1,0,8.2,High,Average,0
P4100,39,Male,16.0,123,71,124,8.6,Low,Never,Frequent,0,0,0,8.8,Moderate,Good,0
P4101,23,Male,23.4,120,80,125,12.1,Low,Never,None,0,0,0,4.9,Moderate,Average,0
P4102,80,Male,28.9,154,106,174,15.4,Moderate,Never,None,0,0,0,8.6,Moderate,Poor,0
P4103,29,Male,27.5,117,115,153,12.2,High,Never,Occasional,1,0,0,8.8,Low,Average,0
P4104,19,Female,15.3,107,65,118,8.1,Low,Former,Occasional,1,0,0,6.3,Moderate,Average,0
P4105,22,Male,27.6,130,126,177,25.4,High,Never,Occasional,0,0,0,7.7,Moderate,Average,0
P4106,46,Male,28.4,117,92,139,17.3,High,Former,None,0,0,0,8.0,High,Average,0
P4107,24,Male,33.2,106,110,155,29.6,Moderate,Never,None,0,0,0,6.0,Moderate,Average,0
P4108,71,Female,23.1,128,101,143,11.5,Moderate,Never,None,0,0,0,7.9,High,Poor,0
P4109,50,Male,15.0,120,68,113,16.9,Moderate,Former,Occasional,1,0,0,6.0,Moderate,Average,0
P4110,38,Male,21.3,135,103,145,15.6,Moderate,Never,Frequent,1,0,0,9.9,Moderate,Average,0
P4111,18,Male,20.8,125,86,144,7.7,Moderate,Never,Occasional,0,0,0,7.0,Low,Poor,0
P4112,48,Female,30.3,133,109,150,15.1,Low,Current,Occasional,0,1,0,7.5,Moderate,Poor,0
P4113,27,Female,15.0,122,87,157,19.6,Moderate,Current,Occasional,0,0,0,4.8,Low,Poor,0
P4114,79,Female,24.2,150,90,128,8.1,High,Former,Occasional,0,1,0,7.3,Moderate,Poor,0
P4115,36,Female,33.9,110,103,169,30.5,Moderate,Never,Occasional,1,0,0,8.3,Moderate,Poor,1
P4116,47,Female,26.5,150,104,168,18.0,Moderate,Former,Occasional,0,0,1,5.7,Moderate,Average,0
P4117,19,Male,31.2,126,113,166,20.4,Low,Never,Occasional,0,0,0,6.2,High,Good,0
P4118,26,Male,18.0,120,79,126,15.4,Low,Never,None,0,0,0,5.9,Moderate,Average,0
P4119,31,Male,18.2,116,81,115,22.9,Low,Never,Occasional,0,1,0,5.4,Moderate,Good,0
P4120,21,Female,34.0,111,105,148,31.8,Moderate,Former,None,1,0,0,5.2,Moderate,Average,0
P4121,63,Female,27.0,135,123,175,20.9,Moderate,Never,Occasional,0,1,0,8.0,Moderate,Average,0
P4122,77,Female,27.0,145,106,154,31.5,Moderate,Current,Occasional,1,0,0,5.3,Low,Average,0
P4123,80,Female,20.7,149,77,142,2.0,Low,Never,Occasional,1,0,0,4.7,Low,Good,0
P4124,34,Male,27.0,117,82,123,9.1,Low,Never,None,0,0,0,6.2,High,Average,0
P4125,67,Male,20.5,129,115,155,9.5,Moderate,Never,Occasional,0,1,0,6.9,Low,Average,0
P4126,49,Male,32.7,150,100,124,36.2,Low,Former,None,0,0,0,7.5,High,Average,0
P4127,20,Female,40.7,115,127,191,44.1,High,Never,Occasional,1,0,0,5.7,Moderate,Good,0
P4128,23,Female,29.0,119,117,175,8.0,Moderate,Never,None,0,0,0,6.1,Moderate,Good,0
P4129,52,Male,23.2,126,98,161,9.9,High,Former,Occasional,0,0,0,7.4,Moderate,Average,0
P4130,44,Male,15.0,111,65,126,2.0,Moderate,Never,Frequent,0,0,0,7.9,Moderate,Poor,0
P4131,18,Female,17.7,111,65,123,11.7,High,Never,None,1,0,0,8.3,Moderate,Good,0
P4132,76,Female,34.6,141,146,211,38.0,Moderate,Former,Occasional,0,0,0,7.4,Moderate,Average,1
P4133,64,Female,21.1,144,73,129,19.8,Low,Current,Occasional,0,0,0,4.8,Low,Poor,0
P4134,49,Female,24.6,138,85,145,17.3,Moderate,Never,Occasional,0,0,0,5.7,Low,Poor,0
P4135,80,Male,29.9,159,122,142,19.8,Low,Former,Frequent,0,1,0,8.3,Moderate,Good,0
P4136,79,Male,34.2,155,116,150,27.2,Moderate,Never,Occasional,1,0,1,8.9,Moderate,Good,0
P4137,79,Female,25.5,164,108,136,22.3,Low,Never,None,1,0,0,6.7,High,Poor,0
P4138,34,Female,24.4,125,69,137,33.7,Moderate,Never,Occasional,1,0,0,6.6,Moderate,Poor,0
P4139,73,Female,26.9,158,106,142,8.9,Moderate,Current,Occasional,0,1,0,5.6,Moderate,Poor,0
P4140,49,Female,23.2,134,99,136,26.2,High,Never,Occasional,1,0,0,8.5,Moderate,Good,0
P4141,63,Female,23.5,123,109,157,16.5,Low,Current,Occasional,0,1,0,5.5,Moderate,Good,0
P4142,72,Male,28.6,140,98,127,26.5,High,Never,Occasional,0,0,0,9.2,Moderate,Average,0
P4143,28,Male,27.5,114,88,143,20.1,Moderate,Never,None,0,1,0,6.7,Low,Average,0
P4144,46,Female,37.6,135,131,149,44.4,Moderate,Never,Occasional,0,1,0,5.8,Low,Average,0
P4145,26,Female,28.8,108,79,109,22.8,Low,Never,Frequent,0,0,0,4.7,Low,Average,0
P4146,35,Male,32.5,127,126,180,21.5,Low,Never,Occasional,0,0,0,6.5,Moderate,Good,0
P4147,44,Female,20.9,136,86,113,15.6,Low,Never,Occasional,1,0,0,6.6,Low,Average,0
P4148,71,Male,29.2,158,104,174,30.0,Moderate,Former,Occasional,0,1,0,6.4,Low,Average,0
P4149,72,Male,22.7,158,78,126,12.8,Low,Former,None,1,0,0,6.8,Moderate,Good,0
P4150,42,Female,28.6,108,91,158,3.3,Moderate,Current,Occasional,1,0,0,8.5,Moderate,Poor,0
P4151,38,Female,30.1,111,81,137,20.8,Moderate,Never,None,0,0,0,7.5,Moderate,Good,0
P4152,51,Male,26.8,159,105,153,18.9,Moderate,Former,Frequent,0,0,0,7.0,High,Good,0
P4153,75,Male,39.0,158,125,162,34.0,High,Never,Occasional,1,1,0,8.2,Moderate,Poor,1
P4154,79,Female,33.9,153,131,197,24.8,Low,Never,None,0,1,0,5.7,Low,Average,0
P4155,32,Female,32.6,120,115,173,36.5,Moderate,Never,Occasional,0,0,0,7.7,Low,Average,0
P4156,29,Male,30.5,117,116,199,4.5,High,Current,Occasional,0,0,0,7.6,Low,Good,0
P4157,62,Female,35.7,117,123,188,31.0,Low,Never,None,1,0,0,8.6,Low,Average,0
P4158,36,Male,19.0,114,94,134,12.9,Moderate,Never,None,0,0,0,5.2,High,Average,0
P4159,30,Female,33.6,122,135,191,45.5,High,Never,Occasional,0,1,0,5.8,Low,Average,0
P4160,19,Male,21.3,105,84,137,11.9,Moderate,Never,Occasional,1,0,0,5.8,Moderate,Average,0
P4161,43,Female,23.6,125,101,167,17.6,High,Never,None,1,1,1,7.4,Low,Poor,0
P4162,42,Female,29.4,156,101,172,22.0,High,Former,Occasional,1,1,0,7.1,Low,Poor,0
P4163,53,Female,32.9,129,98,146,25.8,Low,Never,Occasional,0,0,0,7.5,Moderate,Average,0
P4164,30,Female,20.5,121,98,125,26.1,Moderate,Never,Frequent,1,0,0,4.3,High,Good,0
P4165,63,Female,23.8,144,109,127,6.0,Moderate,Never,Occasional,0,1,1,8.6,Low,Good,0
P4166,60,Female,27.0,141,110,140,13.5,High,Never,None,0,0,0,7.1,Moderate,Poor,0
P4167,47,Female,25.5,123,86,125,22.2,Moderate,Never,Occasional,0,0,0,7.5,Low,Average,0
P4168,29,Female,30.9,131,126,200,26.8,Moderate,Never,Occasional,1,0,0,7.2,Moderate,Average,0
P4169,49,Female,44.4,133,133,212,39.3,Low,Never,Occasional,0,0,0,6.0,High,Average,0
P4170,60,Female,28.7,122,92,157,19.5,Moderate,Never,None,0,0,0,7.4,Low,Poor,0
P4171,41,Female,22.7,124,79,146,20.2,Moderate,Never,Occasional,0,0,0,6.9,Moderate,Poor,0
P4172,34,Female,19.8,119,101,136,16.0,High,Former,Frequent,0,0,0,6.9,Moderate,Average,0
P4173,49,Male,24.8,127,78,102,9.7,Low,Former,None,1,0,0,7.4,Low,Average,0
P4174,40,Female,21.6,129,74,105,13.9,Low,Never,None,0,0,0,6.7,Low,Average,0
P4175,43,Male,28.9,132,142,159,23.2,High,Never,Occasional,0,0,0,5.2,Low,Average,0
P4176,39,Female,28.9,129,114,146,25.2,Moderate,Former,Frequent,1,0,0,6.6,Moderate,Average,0
P4177,37,Male,24.1,126,79,119,12.0,Low,Never,Occasional,1,0,0,8.8,Low,Average,0
P4178,63,Female,36.8,138,107,162,20.7,Moderate,Current,None,1,0,1,6.1,Moderate,Poor,0
P4179,46,Male,22.7,111,72,121,18.2,High,Former,Frequent,0,1,0,6.9,Low,Poor,0
P4180,47,Female,25.9,136,97,134,21.1,High,Never,Occasional,1,0,0,7.8,Moderate,Average,0
P4181,59,Female,29.8,139,116,175,34.0,Low,Never,Occasional,0,0,0,9.3,Low,Average,0
P4182,40,Male,31.1,119,134,173,15.1,Moderate,Never,None,0,1,0,6.5,Low,Poor,0
P4183,24,Female,33.1,118,80,131,24.8,Moderate,Never,None,0,0,0,5.3,Low,Average,0
P4184,71,Male,28.7,153,94,126,18.2,Moderate,Never,Occasional,1,1,0,7.6,Moderate,Average,0
P4185,21,Female,32.0,125,102,170,21.0,Moderate,Current,Occasional,0,0,0,5.8,Low,Good,0
P4186,54,Female,23.0,137,129,177,3.2,Low,Current,Occasional,1,0,0,7.2,Moderate,Good,0
P4187,34,Male,31.3,124,117,178,16.0,Moderate,Current,Frequent,1,0,0,7.5,Moderate,Average,0
P4188,31,Male,31.2,129,109,140,25.9,Low,Never,Occasional,1,0,0,6.2,Moderate,Average,0
P4189,20,Male,34.4,115,99,153,22.9,Low,Current,Occasional,0,1,0,6.5,Low,Average,0
P4190,74,Male,17.8,152,65,120,5.4,Low,Former,Occasional,0,1,0,7.8,High,Good,0
P4191,45,Male,21.8,121,86,100,23.4,High,Never,None,0,0,0,8.1,Low,Average,0
P4192,39,Female,30.8,135,103,172,41.8,Moderate,Current,None,0,0,0,6.9,Moderate,Poor,0
P4193,64,Female,15.0,126,78,103,11.5,Moderate,Current,Occasional,0,1,0,7.0,Moderate,Average,0
P4194,20,Male,29.1,121,92,145,8.5,Low,Never,None,0,0,0,5.5,Moderate,Poor,0
P4195,53,Male,32.0,131,99,178,27.2,High,Former,Frequent,1,0,0,6.9,Moderate,Poor,0
P4196,49,Male,23.5,144,84,147,2.0,Moderate,Former,Occasional,1,1,0,6.3,Moderate,Average,0
P4197,52,Female,24.3,123,112,136,4.9,High,Never,None,0,0,0,6.9,Moderate,Average,0
P4198,25,Male,20.9,117,68,112,15.3,Low,Never,None,0,0,0,8.5,High,Average,0
P4199,78,Male,23.8,146,92,159,3.1,Moderate,Never,Occasional,0,0,0,5.4,Moderate,Average,0
P4200,33,Male,23.9,125,88,123,11.9,Low,Current,Occasional,1,0,0,8.2,Low,Average,0
P4201,60,Male,22.9,130,108,150,2.0,Low,Never,Occasional,0,1,0,7.0,Moderate,Good,0
P4202,65,Female,22.7,144,79,120,13.3,Moderate,Never,None,0,0,0,6.8,Moderate,Average,0
P4203,39,Male,25.1,110,113,170,25.7,Moderate,Never,Frequent,0,1,0,5.8,Moderate,Poor,0
P4204,26,Female,25.0,110,81,104,10.7,Low,Never,Occasional,1,0,0,7.1,Moderate,Good,0
P4205,36,Female,36.2,106,114,176,30.0,Moderate,Never,Occasional,0,0,0,9.4,Moderate,Average,0
P4206,68,Female,24.5,153,126,164,10.6,Moderate,Never,Frequent,1,1,1,3.7,Moderate,Poor,0
P4207,75,Male,28.3,152,99,148,13.6,Moderate,Current,Occasional,1,1,0,4.5,Moderate,Good,0
P4208,77,Female,23.5,154,112,156,8.1,Moderate,Never,Occasional,1,1,1,6.6,High,Average,0
P4209,32,Male,23.4,134,101,158,20.0,Moderate,Current,Frequent,0,0,0,7.2,High,Good,0
P4210,56,Female,17.6,135,90,135,2.0,High,Current,Frequent,1,1,0,7.9,High,Average,0
P4211,27,Female,18.3,123,73,142,9.3,Moderate,Never,Occasional,0,0,0,7.3,High,Good,0
P4212,62,Male,20.2,137,115,177,16.5,High,Never,Occasional,0,0,0,4.8,Low,Average,0
P4213,44,Female,27.5,125,98,134,25.9,Low,Never,None,0,0,0,7.5,Moderate,Average,0
P4214,62,Female,32.1,154,121,193,29.3,Moderate,Current,Frequent,1,1,0,6.6,Moderate,Good,0
P4215,61,Female,17.2,156,74,124,11.4,High,Never,Frequent,0,0,0,7.9,Moderate,Average,0
P4216,80,Male,23.6,142,98,148,9.4,Low,Current,Occasional,0,0,1,5.9,Moderate,Poor,0
P4217,48,Female,19.4,142,102,162,19.6,Moderate,Current,Occasional,1,1,0,5.0,High,Poor,0
P4218,39,Male,25.1,127,88,119,8.8,High,Never,Occasional,0,0,0,6.3,Moderate,Poor,0
P4219,51,Male,32.1,133,80,108,17.3,Moderate,Current,Occasional,0,0,0,7.4,Moderate,Average,0
P4220,28,Female,24.2,120,95,143,25.5,Moderate,Former,None,1,0,0,7.3,High,Poor,0
P4221,25,Male,26.3,113,77,116,20.0,Moderate,Never,Occasional,1,0,0,6.8,Moderate,Average,0
P4222,50,Female,34.1,94,124,208,31.6,Moderate,Current,None,0,0,0,6.1,Low,Good,0
P4223,70,Male,28.9,156,106,143,25.5,Low,Never,Occasional,0,0,0,6.6,Moderate,Average,0
P4224,51,Male,22.5,123,102,150,12.0,Moderate,Never,Frequent,0,0,0,8.6,High,Average,0
P4225,67,Male,27.3,137,89,141,6.9,Moderate,Never,None,0,0,0,9.9,Moderate,Good,0
P4226,29,Female,22.2,116,76,143,14.2,Low,Former,Frequent,0,0,0,7.3,Low,Poor,0
P4227,46,Female,28.7,120,96,129,19.9,Low,Former,Occasional,0,0,0,8.0,Low,Average,0
P4228,56,Male,29.2,135,83,107,13.8,Moderate,Never,Frequent,0,0,0,5.9,Moderate,Good,0
P4229,39,Female,19.4,123,95,163,3.3,High,Never,None,0,0,0,8.4,Moderate,Poor,0
P4230,18,Male,27.4,105,71,121,18.1,High,Never,None,0,0,0,6.4,High,Good,0
P4231,22,Female,25.9,116,106,167,6.3,High,Never,Occasional,0,0,0,5.3,Moderate,Average,0
P4232,76,Male,29.3,144,114,177,20.7,High,Never,Occasional,0,0,0,8.2,High,Average,0
P4233,56,Female,30.8,142,105,172,20.8,Low,Current,Occasional,0,0,0,6.9,High,Good,0
P4234,34,Male,29.0,107,105,148,19.8,Moderate,Never,Occasional,1,0,0,8.5,Moderate,Good,0
P4235,34,Male,24.9,113,95,133,18.7,Low,Never,Occasional,1,0,0,7.8,Moderate,Poor,0
P4236,20,Female,31.4,120,97,115,28.3,Moderate,Never,Frequent,0,0,0,5.2,Low,Average,0
P4237,77,Female,22.0,143,103,134,6.5,High,Current,None,0,1,0,7.0,Low,Average,0
P4238,24,Male,19.6,106,87,134,19.0,Low,Never,None,1,0,0,5.7,Low,Average,0
P4239,65,Female,15.0,132,65,98,10.2,Moderate,Never,Occasional,0,0,1,8.3,Low,Poor,0
P4240,33,Female,26.1,119,98,128,30.9,Moderate,Never,None,0,0,0,6.9,Low,Average,0
P4241,39,Male,22.2,123,65,113,7.6,Low,Never,Occasional,1,0,0,6.0,Moderate,Average,0
P4242,35,Male,28.6,119,72,143,7.0,High,Former,Occasional,0,0,0,4.4,Low,Good,0
P4243,69,Female,16.2,135,93,137,18.7,Moderate,Never,None,0,1,0,8.2,High,Good,0
P4244,20,Female,23.1,121,78,107,16.7,Moderate,Former,None,0,0,0,6.4,High,Average,0
P4245,40,Female,28.9,137,89,159,29.9,High,Never,None,0,0,0,6.5,Moderate,Good,0
P4246,35,Female,21.1,107,89,123,14.5,Low,Never,None,0,1,0,7.4,High,Average,0
P4247,35,Female,28.6,106,93,166,38.6,Moderate,Former,None,0,0,0,5.7,Moderate,Good,0
P4248,30,Female,23.6,129,73,116,12.4,Moderate,Never,None,0,0,0,5.0,High,Average,0
P4249,75,Female,26.3,159,78,128,25.5,Moderate,Never,Occasional,0,0,0,7.0,Moderate,Average,0
P4250,41,Male,29.6,103,75,150,16.9,Moderate,Never,Frequent,0,0,0,5.7,Low,Good,0
P4251,44,Female,31.5,139,124,153,29.3,Moderate,Former,None,0,1,0,6.7,Moderate,Poor,0
P4252,42,Female,27.0,142,91,123,23.4,Low,Never,Occasional,0,0,0,5.8,Moderate,Good,0
P4253,79,Male,22.3,137,107,149,19.6,Low,Never,Occasional,0,0,0,5.2,High,Average,0
P4254,39,Female,24.1,139,84,129,20.7,High,Never,None,1,0,0,4.8,Moderate,Poor,0
P4255,39,Female,29.8,127,114,206,2.0,Low,Never,None,0,1,1,6.9,Moderate,Average,0
P4256,38,Male,21.2,131,88,120,11.5,High,Current,Occasional,1,1,0,8.1,Moderate,Average,0
P4257,38,Male,25.6,121,101,128,11.8,Low,Former,None,1,1,0,8.0,High,Poor,0
P4258,23,Male,24.5,130,96,129,12.0,High,Never,Frequent,0,1,0,6.8,Moderate,Good,0
P4259,56,Male,26.0,141,91,143,14.5,High,Current,Occasional,0,0,0,8.5,Moderate,Poor,0
P4260,19,Male,21.3,130,65,120,19.8,Low,Never,Occasional,0,0,0,6.2,Low,Average,0
P4261,32,Male,16.9,139,90,124,13.6,Moderate,Never,Occasional,1,1,0,7.8,High,Average,0
P4262,30,Male,29.2,119,122,172,18.3,Moderate,Never,None,1,0,0,6.2,High,Average,0
P4263,36,Male,31.5,153,129,210,14.0,Moderate,Former,Occasional,0,0,0,5.9,Moderate,Poor,0
P4264,65,Male,17.2,151,72,118,24.3,High,Never,None,1,0,0,7.8,High,Average,0
P4265,55,Female,28.4,138,92,146,14.5,Low,Never,Occasional,1,0,0,7.3,Moderate,Good,0
P4266,80,Male,32.1,141,114,195,24.2,High,Current,None,0,1,0,7.6,Moderate,Poor,0
P4267,40,Female,29.6,114,107,145,38.8,Moderate,Current,None,1,1,0,5.0,High,Poor,1
P4268,76,Male,24.3,129,96,132,9.8,Low,Current,Occasional,0,0,1,8.0,Moderate,Good,0
P4269,20,Female,21.6,104,67,106,9.8,Moderate,Never,None,0,0,0,7.6,Moderate,Good,0
P4270,49,Female,26.9,143,77,117,19.7,Low,Never,None,1,0,0,6.3,High,Average,0
P4271,68,Female,27.8,149,111,131,7.0,Moderate,Never,Frequent,1,1,0,7.5,High,Good,0
P4272,51,Male,27.0,124,65,116,4.2,Low,Never,None,0,0,0,8.1,Moderate,Good,0
P4273,76,Female,25.6,143,98,150,12.5,High,Never,None,0,0,0,5.9,Moderate,Poor,0
P4274,37,Male,20.9,120,69,113,8.4,Moderate,Current,None,0,0,0,5.9,Moderate,Poor,0
P4275,20,Male,28.7,121,107,160,21.7,Moderate,Never,Occasional,0,0,0,6.5,Low,Average,0
P4276,66,Female,28.9,130,120,173,14.1,High,Never,Occasional,0,0,0,4.1,Moderate,Average,0
P4277,22,Male,27.5,118,109,137,22.8,High,Never,Frequent,0,0,0,7.2,Moderate,Good,0
P4278,66,Male,27.1,141,96,149,2.0,Moderate,Never,Occasional,0,0,0,7.9,High,Average,0
P4279,64,Female,35.2,134,110,171,28.1,Low,Former,Occasional,0,1,0,7.5,Moderate,Poor,1
P4280,71,Male,23.3,157,82,104,16.4,High,Never,Frequent,0,0,0,7.4,Moderate,Poor,0
P4281,48,Female,33.2,126,115,189,29.3,Low,Former,Occasional,1,0,0,8.0,Moderate,Good,0
P4282,74,Male,22.7,138,77,104,11.5,Moderate,Never,Frequent,1,1,0,6.7,Moderate,Average,0
P4283,28,Male,32.3,126,125,157,21.1,High,Never,None,0,0,0,4.9,Moderate,Poor,0
P4284,45,Male,32.9,127,106,160,24.0,Low,Never,Occasional,0,0,0,7.0,Low,Average,0
P4285,25,Male,25.0,120,96,153,25.5,Low,Never,None,0,0,1,8.4,Moderate,Average,0
P4286,66,Male,35.1,127,94,158,22.9,Moderate,Current,Occasional,0,0,0,7.2,Low,Average,0
P4287,62,Male,28.9,144,92,150,28.1,Moderate,Former,Frequent,1,0,0,6.4,High,Good,0
P4288,68,Male,21.9,166,71,110,21.1,Moderate,Never,Occasional,0,1,1,7.7,Low,Average,0
P4289,66,Male,24.6,126,110,160,2.0,Moderate,Current,Occasional,0,0,0,7.3,High,Good,0
P4290,37,Male,32.4,126,105,151,23.9,High,Former,None,1,0,0,6.5,Low,Average,0
P4291,22,Female,31.3,106,111,164,16.2,High,Never,None,0,0,0,6.9,Moderate,Average,0
P4292,76,Female,21.0,176,98,146,2.0,Low,Current,Frequent,1,1,1,6.4,Moderate,Good,0
P4293,49,Female,25.8,146,109,149,23.6,Moderate,Former,None,1,1,0,7.5,Moderate,Average,0
P4294,23,Female,27.6,118,90,133,22.5,High,Former,None,0,0,0,5.7,Moderate,Average,0
P4295,76,Male,23.9,132,93,111,16.4,Low,Never,None,1,0,0,7.2,Moderate,Average,0
P4296,80,Male,38.8,141,135,201,26.3,Moderate,Never,Occasional,1,1,0,7.8,Moderate,Average,0
P4297,46,Female,27.7,135,105,159,20.9,Low,Current,Occasional,1,0,0,7.1,Moderate,Good,0
P4298,66,Male,26.2,130,112,124,7.5,Low,Former,None,0,1,0,7.1,Moderate,Good,0
P4299,20,Female,32.7,100,145,208,29.1,Low,Current,Occasional,0,0,0,6.9,Moderate,Good,0
P4300,23,Male,24.6,115,112,159,10.8,Moderate,Former,Occasional,0,0,0,7.4,Moderate,Average,0
P4301,35,Male,31.7,123,81,116,32.0,Moderate,Current,Occasional,0,0,0,6.4,Moderate,Poor,0
P4302,59,Female,17.8,143,85,114,9.1,Low,Never,None,0,1,0,6.6,Low,Average,0
P4303,26,Female,24.1,112,82,119,16.4,Moderate,Never,None,0,0,0,5.7,Moderate,Average,0
P4304,20,Female,32.0,122,122,158,27.6,Low,Never,None,0,0,0,6.5,Moderate,Good,0
P4305,60,Male,34.7,131,119,158,28.2,Low,Never,None,0,1,1,4.4,Low,Average,0
P4306,66,Male,22.5,150,105,179,13.8,High,Never,None,0,1,0,6.8,Low,Average,0
P4307,64,Female,21.9,139,65,118,14.4,Moderate,Never,Frequent,0,0,0,7.5,Low,Average,0
P4308,68,Male,29.5,146,86,168,13.8,Moderate,Never,Frequent,0,0,0,6.7,High,Poor,0
P4309,68,Female,23.3,156,130,181,19.2,Low,Never,None,0,1,0,7.9,Moderate,Average,0
P4310,55,Male,25.1,128,96,153,22.6,Low,Never,Occasional,0,0,0,8.4,Low,Average,0
P4311,50,Female,31.1,123,93,129,26.1,High,Never,Occasional,0,0,0,6.8,High,Average,0
P4312,71,Female,23.7,129,105,150,11.6,Low,Never,None,0,1,0,5.6,Moderate,Good,0
P4313,39,Male,16.3,103,65,109,13.4,Low,Never,Occasional,0,0,0,8.1,Moderate,Average,0
P4314,24,Female,19.7,114,73,129,9.1,Moderate,Former,Occasional,0,0,0,7.9,High,Average,0
P4315,65,Male,26.6,137,80,128,16.6,Moderate,Never,Occasional,0,0,0,7.3,Moderate,Average,0
P4316,35,Male,16.8,110,65,116,2.5,High,Never,None,0,0,0,6.2,Moderate,Good,0
P4317,79,Female,25.0,137,93,146,26.6,High,Never,Occasional,0,0,0,7.3,Moderate,Average,0
P4318,44,Female,19.3,142,96,137,27.5,Low,Never,Occasional,1,0,0,6.4,Low,Poor,0
P4319,71,Male,35.0,150,126,171,24.0,Low,Former,None,1,0,0,5.9,Moderate,Average,1
P4320,20,Male,37.8,100,125,167,39.2,Moderate,Current,None,1,0,0,7.2,Moderate,Poor,0
P4321,59,Male,21.0,135,93,157,23.7,Low,Never,None,0,1,0,5.6,Low,Poor,0
P4322,46,Female,27.8,136,118,162,12.7,Moderate,Never,None,0,1,0,7.7,Moderate,Good,0
P4323,47,Female,21.5,122,73,125,2.0,Low,Current,None,1,0,0,7.1,Moderate,Average,0
P4324,34,Female,24.9,113,80,125,27.6,High,Former,Occasional,0,0,0,6.7,Low,Average,0
P4325,79,Male,35.9,142,129,198,30.9,High,Never,Occasional,0,0,0,6.8,High,Average,0
P4326,42,Male,24.1,136,86,102,10.4,Low,Former,Occasional,0,0,0,5.5,Low,Poor,0
P4327,71,Male,25.0,153,97,150,16.0,Low,Current,None,0,0,0,5.6,High,Poor,0
P4328,44,Male,21.6,119,83,110,9.0,High,Never,Occasional,1,0,0,8.9,Moderate,Average,0
P4329,21,Male,32.5,118,123,180,50.1,Low,Former,Occasional,0,0,0,6.6,Low,Poor,0
P4330,73,Female,15.0,147,101,143,7.8,Low,Current,None,0,1,0,5.1,Moderate,Poor,0
P4331,29,Male,24.2,108,79,103,17.3,Low,Never,Occasional,0,0,0,7.9,Moderate,Average,0
P4332,35,Male,26.3,118,69,123,27.5,Low,Current,Frequent,0,0,0,5.6,Low,Good,0
P4333,72,Female,23.1,134,91,142,23.6,Low,Current,Occasional,0,1,0,7.5,Moderate,Poor,0
P4334,74,Female,31.0,154,99,145,31.6,Low,Former,Occasional,0,0,0,8.6,Moderate,Average,0
P4335,75,Female,32.8,164,134,183,24.3,Low,Never,Occasional,0,1,0,6.5,Low,Poor,1
P4336,44,Male,19.2,122,93,142,10.8,Moderate,Never,None,0,0,0,8.2,Moderate,Poor,0
P4337,65,Male,37.4,136,116,187,14.4,Low,Former,None,0,1,0,7.7,Low,Average,0
P4338,38,Female,19.1,134,68,109,11.4,Moderate,Never,Occasional,0,0,0,8.7,Moderate,Good,0
P4339,64,Female,33.2,154,101,168,25.8,Moderate,Never,Occasional,0,1,0,7.5,Moderate,Average,0
P4340,49,Male,27.3,123,108,156,24.9,Moderate,Never,Occasional,0,1,1,6.2,Moderate,Poor,0
P4341,21,Female,23.9,112,85,153,28.6,High,Never,None,0,0,0,4.3,Moderate,Average,0
P4342,44,Male,24.4,126,102,146,20.7,Moderate,Former,Frequent,1,0,0,5.8,Moderate,Good,0
P4343,47,Male,26.3,125,110,148,26.5,Low,Current,Occasional,0,1,0,6.2,High,Average,0
P4344,34,Male,27.6,125,105,136,19.0,Moderate,Never,None,0,0,0,8.0,Moderate,Average,0
P4345,41,Female,21.7,118,65,111,22.3,Low,Never,None,0,0,0,8.3,High,Poor,0
P4346,49,Male,25.3,124,85,120,16.0,Low,Never,Occasional,0,0,0,5.5,Moderate,Good,0
P4347,21,Female,22.5,113,96,166,21.7,High,Never,None,0,0,0,8.3,Moderate,Good,0
P4348,27,Male,20.2,102,72,104,18.4,High,Former,Occasional,1,0,0,5.9,High,Good,0
P4349,66,Male,22.2,123,75,111,15.4,Moderate,Never,Frequent,0,1,0,5.8,High,Poor,0
P4350,40,Female,20.5,133,93,149,2.0,Moderate,Never,Occasional,0,0,0,5.1,High,Average,0
P4351,56,Female,24.3,125,85,152,23.5,Moderate,Never,Frequent,0,0,0,7.2,Moderate,Poor,0
P4352,53,Male,28.7,153,117,178,24.4,Low,Current,None,0,0,0,6.1,Moderate,Poor,0
P4353,52,Male,27.1,155,105,171,24.1,Low,Current,None,0,1,0,8.4,Low,Average,0
P4354,44,Male,36.8,121,115,166,33.5,Moderate,Former,Frequent,1,0,0,5.7,Low,Average,0
P4355,48,Male,15.0,152,90,133,15.9,Low,Never,Frequent,0,0,0,7.7,Moderate,Good,0
P4356,69,Male,28.9,149,88,170,30.7,Low,Former,Occasional,0,0,1,5.3,Moderate,Average,0
P4357,78,Female,26.5,139,122,198,15.4,Moderate,Never,None,0,0,0,8.0,Low,Poor,0
P4358,34,Male,30.7,100,101,162,26.3,Moderate,Never,Occasional,0,1,0,6.9,Low,Poor,0
P4359,60,Female,30.2,142,109,177,16.3,Low,Never,None,0,0,0,7.2,Moderate,Good,0
P4360,79,Female,25.6,146,103,165,21.2,High,Never,Frequent,1,0,0,6.4,High,Good,0
P4361,18,Female,27.4,116,87,117,20.5,Moderate,Current,Occasional,0,0,0,6.3,Moderate,Poor,0
P4362,67,Female,22.6,137,81,128,7.7,Moderate,Former,None,1,0,0,7.4,High,Good,0
P4363,49,Female,29.7,118,99,173,22.0,Low,Former,None,0,0,0,9.0,High,Average,0
P4364,78,Male,16.7,146,73,130,7.5,Moderate,Current,None,0,1,0,5.5,Low,Average,0
P4365,54,Male,30.5,139,134,183,21.9,Moderate,Never,Occasional,1,0,0,6.4,High,Average,0
P4366,70,Female,26.4,142,101,174,20.2,Moderate,Former,None,0,1,0,6.1,Low,Average,0
P4367,28,Male,24.0,114,104,158,16.9,Moderate,Former,Occasional,0,0,0,5.0,Low,Average,0
P4368,26,Female,25.3,101,104,164,2.0,Low,Never,None,0,0,0,5.0,Moderate,Average,0
P4369,76,Female,25.7,150,112,166,20.4,Low,Never,Occasional,0,1,0,5.9,Moderate,Poor,1
P4370,51,Female,33.2,119,110,170,23.8,High,Never,Occasional,0,0,0,6.3,Moderate,Average,0
P4371,53,Male,43.3,145,144,208,37.8,Low,Never,None,0,1,0,8.5,Low,Poor,0
P4372,28,Male,32.8,110,115,187,17.1,Moderate,Former,None,0,0,0,8.0,Moderate,Average,0
P4373,32,Male,23.6,117,89,159,13.6,High,Current,None,0,0,0,5.8,High,Poor,0
P4374,69,Male,29.8,167,93,135,17.2,Low,Current,Frequent,1,1,0,7.7,Moderate,Average,0
P4375,37,Male,30.0,119,77,132,31.8,High,Never,Occasional,1,0,0,5.8,Moderate,Poor,0
P4376,54,Male,21.7,132,115,182,2.0,High,Never,None,0,1,0,6.7,High,Average,0
P4377,37,Male,19.9,128,65,109,4.3,Moderate,Current,Occasional,1,0,0,7.2,Moderate,Average,0
P4378,34,Female,26.2,103,96,123,8.8,Moderate,Current,None,0,0,0,9.3,High,Average,0
P4379,28,Female,30.7,130,99,134,24.5,High,Never,Occasional,0,0,0,7.1,Low,Average,0
P4380,76,Female,18.1,159,93,125,21.4,Low,Current,None,1,1,0,5.0,High,Poor,0
P4381,77,Male,22.8,155,85,125,17.0,Moderate,Current,Frequent,0,1,0,7.7,Moderate,Good,0
P4382,25,Male,29.5,90,111,149,13.1,Low,Never,Occasional,1,1,0,8.2,Moderate,Average,0
P4383,40,Female,26.7,122,99,164,14.2,High,Never,Occasional,0,0,0,7.9,High,Average,0
P4384,53,Male,33.9,119,153,200,24.0,Moderate,Current,None,1,0,0,5.6,Moderate,Good,1
P4385,42,Male,19.2,141,88,154,16.1,Moderate,Former,None,0,1,0,6.9,Moderate,Poor,0
P4386,63,Female,38.7,147,145,180,32.0,Low,Never,None,0,0,0,6.8,Moderate,Average,1
P4387,34,Female,18.5,125,65,105,2.0,Low,Current,Frequent,0,0,1,8.9,Moderate,Poor,0
P4388,21,Female,15.9,102,83,129,16.7,High,Current,Frequent,0,0,0,7.5,Low,Good,0
P4389,39,Male,26.2,138,98,159,27.1,Moderate,Never,None,1,0,0,8.9,Moderate,Average,0
P4390,55,Male,20.6,135,96,161,10.6,Moderate,Never,Frequent,1,1,0,5.9,Moderate,Average,0
P4391,29,Male,26.3,136,97,137,18.1,Moderate,Current,Occasional,0,0,0,6.5,Low,Average,0
P4392,69,Female,26.1,148,130,194,7.3,Low,Never,Occasional,0,1,0,6.2,Low,Good,0
P4393,18,Male,25.5,117,93,114,2.0,Low,Never,Frequent,0,0,0,8.0,Low,Average,0
P4394,22,Male,22.1,110,71,132,2.0,Low,Current,Frequent,0,0,0,8.2,Moderate,Good,0
P4395,50,Male,28.7,149,100,128,19.7,High,Former,Occasional,0,1,0,7.3,Low,Good,0
P4396,50,Male,24.8,136,105,160,13.3,Low,Never,Occasional,0,0,1,6.9,Low,Good,0
P4397,36,Male,32.2,136,113,182,29.6,Low,Never,Occasional,1,0,0,7.3,Moderate,Poor,0
P4398,34,Female,25.6,128,78,140,14.7,High,Current,None,0,1,0,5.1,Moderate,Average,0
P4399,22,Female,21.5,119,95,116,19.9,High,Never,None,0,1,0,6.3,Low,Average,0
P4400,59,Female,17.7,146,71,109,19.0,Moderate,Never,Occasional,1,1,0,6.4,Low,Average,0
P4401,41,Male,25.6,139,100,160,13.7,Moderate,Current,None,0,0,0,6.8,Moderate,Poor,0
P4402,25,Female,19.9,126,67,124,4.0,High,Current,Occasional,0,0,0,6.0,Moderate,Good,0
P4403,43,Female,19.5,127,76,126,2.0,High,Never,None,0,0,0,5.8,High,Average,0
P4404,77,Male,29.2,131,107,121,32.7,High,Former,Occasional,1,1,0,4.9,High,Good,0
P4405,34,Female,17.3,129,95,159,4.5,Moderate,Never,None,1,0,0,7.3,Moderate,Poor,0
P4406,74,Male,33.8,128,123,196,16.0,Moderate,Never,Frequent,0,0,0,5.2,Low,Good,0
P4407,34,Female,27.3,121,114,165,20.5,Moderate,Current,Occasional,1,0,1,8.0,Low,Good,0
P4408,29,Male,26.3,117,133,185,7.9,Moderate,Never,None,0,0,0,7.2,Moderate,Average,0
P4409,34,Male,21.1,107,83,138,13.0,Moderate,Former,None,1,0,0,7.9,Moderate,Average,0
P4410,38,Male,30.5,127,125,198,21.5,Low,Never,None,1,0,0,5.7,Low,Average,0
P4411,25,Female,26.5,137,83,136,24.8,Moderate,Never,None,0,0,0,9.0,Moderate,Poor,0
P4412,55,Male,22.9,134,115,159,21.0,Moderate,Never,Occasional,0,1,1,9.5,Moderate,Average,0
P4413,39,Female,27.5,136,93,148,27.4,Low,Never,None,0,1,0,6.8,Moderate,Average,0
P4414,63,Male,17.7,165,87,132,13.7,Low,Former,Occasional,1,1,0,7.3,Low,Average,0
P4415,48,Female,18.0,142,93,139,5.1,Low,Current,None,0,1,0,6.8,Moderate,Good,0
P4416,45,Male,20.7,125,100,118,3.7,Moderate,Current,None,0,1,0,8.0,Moderate,Average,0
P4417,47,Male,28.3,130,83,141,15.3,Low,Never,Frequent,1,0,0,7.8,Moderate,Average,0
P4418,27,Male,26.5,122,81,148,33.4,Moderate,Never,Frequent,0,0,0,4.7,High,Good,0
P4419,62,Male,32.0,151,120,187,23.6,High,Never,None,0,0,0,5.8,Moderate,Good,0
P4420,24,Male,21.7,127,77,139,13.3,Low,Never,Occasional,0,0,0,7.3,Moderate,Average,0
P4421,63,Male,29.5,109,86,135,33.1,Low,Current,None,1,0,0,7.7,Moderate,Good,0
P4422,80,Female,25.9,138,100,151,18.7,Low,Former,Occasional,1,0,1,7.0,Moderate,Good,0
P4423,66,Male,21.6,143,94,160,6.0,Moderate,Never,Occasional,1,1,0,4.8,High,Average,0
P4424,46,Male,28.5,117,103,166,25.9,Low,Former,Occasional,0,0,0,7.5,Low,Good,0
P4425,37,Male,26.2,90,101,173,13.7,Low,Never,Occasional,0,0,0,9.0,High,Poor,0
P4426,72,Female,23.2,139,107,144,16.3,Low,Never,Frequent,0,1,0,4.0,Low,Average,0
P4427,34,Male,26.7,126,91,129,21.7,Low,Never,None,1,1,0,7.9,Low,Poor,0
P4428,48,Female,25.8,128,96,139,12.6,Moderate,Never,Occasional,0,1,0,9.0,High,Poor,0
P4429,66,Male,25.7,133,118,151,19.4,Moderate,Never,None,0,1,0,7.9,Moderate,Good,0
P4430,76,Female,24.4,149,97,124,27.7,Low,Never,None,0,1,1,6.7,Moderate,Poor,0
P4431,76,Male,19.7,152,88,142,7.0,Moderate,Former,Occasional,1,1,0,7.9,Moderate,Average,0
P4432,23,Male,26.9,110,72,127,28.4,Moderate,Never,None,0,0,0,6.7,Moderate,Average,0
P4433,74,Female,22.3,157,92,143,7.6,High,Never,None,0,0,0,7.5,Low,Poor,0
P4434,25,Male,21.2,116,86,138,26.4,Moderate,Never,None,0,0,0,6.9,Moderate,Good,0
P4435,54,Male,25.2,123,67,92,9.0,Moderate,Never,Frequent,1,0,0,6.9,High,Good,0
P4436,76,Female,30.3,133,95,137,18.8,High,Never,None,0,0,0,5.9,Low,Poor,0
P4437,59,Male,27.5,132,81,125,30.7,Moderate,Never,None,0,0,0,6.2,Moderate,Average,0
P4438,77,Female,23.7,156,107,155,27.0,Low,Never,None,0,0,1,8.7,Low,Average,0
P4439,39,Male,23.5,115,65,90,20.3,Moderate,Former,Frequent,1,0,0,6.1,Low,Average,0
P4440,37,Male,29.8,128,101,136,12.8,Low,Never,None,1,0,0,4.5,Moderate,Average,0
P4441,38,Male,15.0,124,80,118,12.7,Moderate,Former,Occasional,0,0,0,10.0,Moderate,Poor,0
P4442,40,Male,30.6,149,114,181,23.4,Moderate,Never,Occasional,0,1,0,6.3,High,Poor,0
P4443,61,Male,16.8,140,72,121,5.2,Moderate,Former,Occasional,1,0,0,6.5,Moderate,Average,0
P4444,46,Female,19.1,120,85,147,17.6,Low,Never,Frequent,0,0,0,6.3,Moderate,Average,0
P4445,64,Female,23.8,145,108,154,8.6,Moderate,Current,None,0,0,0,6.8,Moderate,Average,0
P4446,44,Male,37.8,139,126,178,22.7,Low,Never,None,0,1,0,5.9,High,Average,0
P4447,37,Female,35.2,118,83,143,14.9,Low,Current,None,1,0,0,8.6,Low,Average,0
P4448,29,Female,30.2,106,117,164,36.9,Moderate,Never,None,1,0,0,6.6,Moderate,Average,0
P4449,52,Female,28.4,136,107,146,16.2,Low,Former,Frequent,0,0,0,5.5,Low,Poor,0
P4450,74,Male,16.8,148,87,108,8.1,High,Never,None,0,1,0,3.5,High,Average,0
P4451,72,Female,27.3,132,82,121,10.1,Moderate,Never,Occasional,1,1,0,8.1,High,Average,0
P4452,33,Male,23.6,123,83,144,24.9,High,Never,None,0,0,0,6.3,High,Poor,0
P4453,48,Female,22.3,122,75,142,2.0,High,Never,None,0,0,0,7.3,Moderate,Good,0
P4454,62,Female,27.3,121,84,120,8.7,Moderate,Never,Occasional,1,0,0,5.7,Low,Good,0
P4455,56,Male,24.1,129,91,111,11.9,Moderate,Never,Occasional,1,0,0,6.9,High,Good,0
P4456,22,Male,31.0,127,94,159,22.6,High,Never,None,0,0,0,6.8,Moderate,Average,0
P4457,55,Male,16.4,144,69,115,17.3,Low,Former,Frequent,1,0,0,7.9,Moderate,Good,0
P4458,20,Female,26.9,128,110,137,13.3,Moderate,Never,None,0,1,0,7.0,Moderate,Average,0
P4459,25,Female,21.9,124,93,90,24.4,Low,Former,Frequent,0,1,0,5.5,Low,Average,0
P4460,59,Male,24.4,141,87,119,9.5,Moderate,Former,None,0,0,0,9.7,Moderate,Average,0
P4461,24,Male,28.1,116,87,129,11.3,High,Never,None,1,0,0,7.3,Moderate,Average,0
P4462,39,Male,20.7,112,76,104,3.2,Moderate,Former,Frequent,0,0,0,5.7,High,Poor,0
P4463,55,Male,27.4,123,96,156,12.3,Moderate,Never,None,0,0,0,7.0,Moderate,Poor,0
P4464,59,Female,25.4,128,104,139,7.1,Moderate,Never,Occasional,0,0,0,7.3,High,Average,0
P4465,46,Male,23.1,141,74,122,19.3,Moderate,Current,Occasional,0,0,0,7.4,Low,Average,0
P4466,23,Male,24.1,126,107,193,7.1,Moderate,Former,None,0,0,0,7.2,Moderate,Average,0
P4467,68,Female,25.7,129,107,157,15.9,High,Never,Occasional,0,0,0,7.1,High,Average,0
P4468,77,Male,22.5,145,65,110,4.4,Low,Never,Occasional,1,0,0,7.9,Moderate,Poor,0
P4469,73,Female,26.5,143,109,156,8.7,Low,Never,None,0,1,0,7.7,Moderate,Average,0
P4470,65,Female,25.1,136,111,170,25.5,Low,Never,None,1,0,0,7.7,Low,Average,0
P4471,43,Male,23.3,120,94,150,26.4,Moderate,Current,None,1,0,0,4.7,Moderate,Poor,0
P4472,73,Female,34.8,161,121,156,39.2,High,Current,Occasional,0,1,0,4.7,Moderate,Poor,0
P4473,48,Female,28.7,133,108,151,8.9,Low,Never,None,0,1,0,5.8,Moderate,Poor,0
P4474,26,Female,24.5,119,91,128,4.3,Moderate,Never,Occasional,0,0,0,6.5,High,Good,0
P4475,71,Male,27.3,148,120,164,35.8,High,Never,None,0,1,0,5.9,Moderate,Average,1
P4476,38,Male,21.2,113,65,141,10.0,Low,Former,None,0,0,0,5.6,Moderate,Good,0
P4477,77,Male,24.2,151,95,153,3.6,High,Never,Occasional,0,1,0,7.1,Moderate,Average,0
P4478,41,Male,24.8,135,115,162,25.2,High,Current,Occasional,0,0,0,5.8,Moderate,Poor,0
P4479,72,Male,20.0,161,94,160,12.5,Moderate,Former,Frequent,1,1,0,3.9,Moderate,Poor,0
P4480,51,Female,28.5,124,130,182,26.8,Low,Never,Occasional,1,1,0,5.2,Moderate,Average,1
P4481,47,Female,23.9,118,140,161,2.0,Moderate,Never,Frequent,0,1,0,6.1,Moderate,Good,0
P4482,36,Male,24.7,128,91,166,12.6,Low,Former,Frequent,0,1,0,6.5,Low,Average,0
P4483,70,Male,23.5,152,77,122,21.4,Low,Former,None,0,0,0,7.9,High,Average,0
P4484,21,Male,41.9,117,122,140,32.5,Low,Never,Occasional,0,0,0,7.3,Low,Average,0
P4485,47,Male,23.1,135,104,126,23.5,Low,Never,None,1,0,0,4.4,Low,Average,0
P4486,41,Female,15.7,111,89,152,2.0,High,Never,Occasional,1,0,0,8.5,High,Average,0
P4487,52,Male,18.2,125,111,131,12.0,Moderate,Never,Occasional,0,0,0,6.6,Moderate,Average,0
P4488,34,Male,30.4,99,102,173,35.4,Low,Former,Occasional,0,0,0,6.9,High,Poor,0
P4489,59,Female,33.4,138,128,180,18.7,Moderate,Never,None,1,1,0,6.9,Moderate,Average,0
P4490,42,Male,23.0,109,85,144,15.4,Moderate,Former,Frequent,0,1,0,5.8,Moderate,Average,0
P4491,29,Male,33.2,131,73,120,30.1,Low,Never,None,0,0,0,7.5,Moderate,Average,0
P4492,30,Male,30.4,139,108,166,23.5,Low,Current,Occasional,1,1,0,4.5,Moderate,Average,0
P4493,61,Female,25.5,142,88,141,14.2,Moderate,Current,Frequent,1,1,0,8.4,High,Good,0
P4494,34,Male,25.1,111,107,154,9.3,High,Never,None,0,1,0,7.0,Moderate,Average,0
P4495,37,Female,27.4,126,70,102,20.1,Low,Current,Occasional,0,0,0,7.2,Moderate,Average,0
P4496,57,Female,31.1,152,98,154,22.1,High,Former,Occasional,1,0,0,7.4,High,Good,0
P4497,38,Male,28.6,128,103,123,8.7,Moderate,Current,Frequent,0,0,0,6.3,Moderate,Good,0
P4498,42,Female,23.0,142,100,162,22.0,Moderate,Never,Frequent,0,1,0,8.3,Moderate,Poor,0
P4499,33,Female,25.6,115,91,142,9.0,Low,Current,None,0,0,0,5.9,Low,Average,0
P4500,39,Male,36.8,115,144,204,22.0,Moderate,Never,Frequent,0,0,0,5.6,Moderate,Poor,0
P4501,61,Female,27.8,135,124,131,16.1,Low,Never,None,0,0,0,7.0,Moderate,Average,0
P4502,51,Male,31.0,111,98,130,15.7,Low,Current,None,0,0,0,5.1,High,Average,0
P4503,80,Male,29.3,174,138,179,21.7,High,Current,Occasional,0,1,0,6.1,Moderate,Good,0
P4504,66,Female,27.9,140,128,188,11.4,Moderate,Never,Occasional,1,0,0,7.1,Moderate,Good,0
P4505,19,Male,27.1,121,91,125,21.7,Low,Never,None,1,0,0,7.7,Low,Poor,0
P4506,41,Male,31.2,120,106,197,34.6,Low,Current,Occasional,1,0,0,6.8,Moderate,Good,0
P4507,36,Male,30.2,106,102,148,22.8,Low,Never,None,0,0,0,5.7,Moderate,Poor,0
P4508,55,Male,27.9,147,92,125,7.5,High,Never,None,1,0,0,6.4,Moderate,Average,0
P4509,34,Female,22.9,110,79,123,5.8,Low,Never,Frequent,1,0,0,6.0,Moderate,Good,0
P4510,78,Female,28.5,153,132,166,24.1,Moderate,Never,Occasional,0,1,0,6.7,Moderate,Average,0
P4511,36,Male,26.2,131,107,136,2.0,Moderate,Never,Occasional,1,1,0,6.1,Moderate,Poor,0
P4512,50,Female,24.9,135,93,157,5.6,Low,Former,Occasional,0,1,0,5.6,Moderate,Poor,0
P4513,25,Male,40.4,113,117,179,22.3,Moderate,Never,Occasional,0,1,0,5.5,Moderate,Average,0
P4514,75,Male,18.5,142,73,127,12.9,Moderate,Former,None,0,0,0,4.6,Low,Good,0
P4515,75,Female,31.5,139,117,188,42.1,High,Never,Occasional,0,1,1,8.1,Low,Poor,0
P4516,68,Female,22.0,148,103,158,2.2,Moderate,Former,Frequent,1,0,0,7.7,Low,Poor,0
P4517,40,Male,27.2,130,85,117,24.8,Low,Never,None,0,0,0,5.3,Moderate,Good,0
P4518,21,Male,39.9,113,134,199,31.7,Low,Former,None,1,0,0,7.6,Low,Average,0
P4519,62,Female,21.5,131,91,120,2.0,Low,Current,Occasional,1,0,0,6.9,Moderate,Good,0
P4520,45,Female,22.7,148,90,130,25.4,Moderate,Former,Occasional,0,0,0,5.2,Moderate,Average,0
P4521,80,Male,26.4,138,124,172,36.5,High,Never,None,0,1,0,5.5,Moderate,Average,0
P4522,61,Female,22.1,125,108,153,16.1,Low,Current,Occasional,0,1,0,6.6,Moderate,Good,0
P4523,51,Female,31.1,129,88,109,25.8,Low,Never,Frequent,0,0,0,7.7,Moderate,Good,0
P4524,80,Female,23.7,149,88,120,14.5,Moderate,Never,None,0,1,0,7.5,Low,Poor,0
P4525,68,Male,29.9,155,112,161,21.3,Low,Current,None,1,1,0,6.2,Low,Average,0
P4526,46,Female,19.6,134,86,122,14.7,Moderate,Never,Occasional,1,0,0,7.4,Moderate,Average,0
P4527,19,Female,17.1,113,90,153,17.4,Low,Never,Occasional,0,0,0,6.6,Low,Poor,0
P4528,23,Female,25.3,120,90,159,29.3,High,Current,None,0,0,0,5.9,Moderate,Poor,0
P4529,45,Male,18.3,132,102,130,8.0,Low,Never,Occasional,0,0,0,8.0,High,Average,0
P4530,53,Male,34.4,157,112,164,28.9,Moderate,Former,Occasional,1,1,0,7.0,Low,Poor,0
P4531,19,Female,18.5,115,66,137,11.3,Moderate,Never,Occasional,1,0,0,7.4,Moderate,Good,0
P4532,25,Male,21.1,109,76,120,20.2,Low,Never,None,1,0,0,5.5,High,Poor,0
P4533,62,Female,28.7,138,93,136,39.2,Low,Never,None,0,0,0,6.2,Moderate,Average,0
P4534,65,Female,23.5,117,116,177,23.5,Moderate,Never,None,1,1,0,7.8,High,Average,0
P4535,19,Male,18.6,112,65,106,18.4,Moderate,Current,Occasional,1,0,0,6.5,Low,Average,0
P4536,49,Female,37.1,145,120,193,39.0,Moderate,Current,Occasional,0,1,0,6.5,Moderate,Average,1
P4537,23,Female,21.3,121,97,134,22.1,Moderate,Never,None,1,0,0,5.5,High,Average,0
P4538,63,Male,25.5,145,100,141,35.5,Moderate,Former,Occasional,0,1,1,7.0,High,Poor,0
P4539,70,Female,25.4,152,120,181,4.2,Moderate,Never,None,0,1,0,5.5,Low,Average,0
P4540,72,Female,30.2,153,140,191,29.8,Moderate,Former,Frequent,0,0,0,7.2,Moderate,Good,0
P4541,55,Male,28.9,147,104,155,2.0,Low,Never,Occasional,1,0,0,5.6,Moderate,Good,0
P4542,57,Female,22.2,138,105,121,20.3,Moderate,Never,None,0,0,0,6.5,Moderate,Average,0
P4543,76,Male,24.8,141,132,174,22.3,High,Never,None,1,0,0,8.7,Low,Good,0
P4544,56,Male,25.3,110,101,163,11.7,Moderate,Never,None,0,0,0,7.2,Moderate,Good,0
P4545,46,Female,30.4,142,111,148,2.0,Moderate,Never,None,0,1,0,6.4,Low,Average,0
P4546,65,Male,20.4,143,99,157,11.9,Moderate,Never,Occasional,0,0,0,7.8,Moderate,Good,0
P4547,55,Male,37.0,134,138,194,34.8,Moderate,Current,None,0,0,0,5.9,High,Average,0
P4548,71,Male,22.6,134,92,136,12.2,Moderate,Never,Occasional,0,0,0,5.6,Moderate,Good,0
P4549,51,Female,26.5,140,90,160,12.4,Low,Never,Occasional,0,0,0,6.4,High,Average,0
P4550,72,Male,20.5,139,112,153,5.8,Low,Never,None,0,0,0,8.1,Low,Poor,0
P4551,20,Female,19.7,113,73,115,11.6,Low,Never,None,1,0,0,8.1,Moderate,Poor,0
P4552,20,Male,22.0,113,98,142,5.6,Moderate,Never,None,0,0,0,6.2,Low,Average,0
P4553,24,Male,21.5,120,85,133,18.5,Moderate,Current,Occasional,0,0,0,6.5,Low,Poor,0
P4554,53,Male,24.3,120,118,178,15.6,High,Never,Occasional,0,0,0,7.3,High,Good,0
P4555,62,Male,21.4,142,76,99,2.0,Low,Current,None,1,0,0,9.7,Low,Average,0
P4556,31,Male,30.1,112,90,154,23.1,Low,Never,None,0,0,0,6.5,Moderate,Poor,0
P4557,27,Female,22.4,110,96,144,15.8,Moderate,Current,Frequent,0,0,0,8.5,High,Average,0
P4558,72,Male,21.9,151,75,131,24.9,Low,Never,None,0,0,0,7.1,Low,Average,0
P4559,65,Female,24.5,128,97,183,22.4,Moderate,Never,Occasional,0,0,0,7.8,High,Poor,0
P4560,58,Female,31.7,143,132,174,19.0,Low,Current,None,0,0,0,8.0,Low,Poor,0
P4561,48,Female,27.6,130,74,103,30.1,Low,Never,None,1,0,0,7.0,Low,Average,0
P4562,44,Male,26.0,110,101,152,5.8,Moderate,Never,Occasional,0,0,0,6.8,Moderate,Poor,0
P4563,19,Female,19.0,131,99,151,12.2,Moderate,Former,Occasional,0,1,0,6.6,Low,Poor,0
P4564,29,Female,20.6,121,80,140,18.0,Low,Never,None,0,0,0,7.2,Moderate,Good,0
P4565,74,Female,19.9,152,81,119,23.7,Low,Never,None,1,1,1,8.2,High,Average,0
P4566,39,Female,33.3,134,106,144,41.2,Low,Current,Occasional,0,0,0,8.4,Moderate,Good,0
P4567,62,Male,29.3,151,94,119,31.0,Low,Former,None,0,0,0,8.3,Moderate,Average,0
P4568,62,Female,22.0,143,97,122,10.9,High,Current,Frequent,0,1,0,6.2,Moderate,Good,0
P4569,37,Male,23.6,134,91,132,18.6,Moderate,Former,Occasional,0,1,0,6.1,Moderate,Average,0
P4570,30,Female,22.2,122,77,122,14.0,Low,Former,Frequent,0,0,0,5.8,Moderate,Average,0
P4571,61,Female,21.9,137,102,182,6.5,Low,Never,None,0,1,0,7.0,Moderate,Good,0
P4572,23,Female,28.9,99,120,142,21.0,Low,Never,Occasional,0,0,0,7.9,Low,Average,0
P4573,49,Male,25.0,131,98,151,30.0,Low,Current,None,0,0,0,6.1,Moderate,Poor,0
P4574,73,Male,37.3,161,151,192,39.6,High,Current,Frequent,0,1,0,6.6,Moderate,Average,0
P4575,62,Female,33.0,142,136,190,44.6,Low,Former,Occasional,0,0,0,7.6,Moderate,Good,0
P4576,66,Female,33.3,128,107,149,17.5,High,Current,Occasional,0,0,0,6.4,Moderate,Average,0
P4577,23,Male,30.0,126,104,170,18.9,High,Never,None,1,0,0,6.6,Moderate,Good,0
P4578,30,Male,24.3,121,90,154,18.1,Moderate,Never,Occasional,0,1,0,8.1,Low,Average,0
P4579,35,Male,29.6,105,87,135,27.1,Moderate,Never,Occasional,1,1,0,6.8,Low,Poor,0
P4580,36,Female,24.7,132,96,167,14.3,Low,Former,None,0,0,0,5.9,Low,Poor,0
P4581,30,Male,35.0,109,97,161,34.0,High,Never,Occasional,0,0,0,6.9,Low,Poor,0
P4582,79,Male,28.6,163,114,186,27.4,High,Never,Occasional,1,0,0,7.3,Low,Average,0
P4583,28,Female,27.9,129,74,122,8.0,Moderate,Never,Occasional,0,0,0,9.8,Moderate,Average,0
P4584,62,Male,27.2,139,110,174,25.1,Low,Never,None,0,1,0,8.6,Low,Poor,0
P4585,54,Female,35.5,136,96,135,36.8,Low,Never,Occasional,0,0,0,10.0,Moderate,Poor,0
P4586,56,Male,19.0,162,98,130,14.4,Low,Never,None,1,1,0,5.5,Moderate,Average,0
P4587,31,Female,36.1,129,109,196,14.9,Low,Never,Occasional,1,0,0,8.5,Moderate,Average,0
P4588,37,Female,25.5,125,86,117,14.0,Moderate,Never,Frequent,0,0,0,8.7,Low,Good,0
P4589,56,Female,19.2,167,105,144,15.9,High,Never,None,0,1,1,6.8,High,Average,0
P4590,36,Male,22.6,123,81,98,5.8,Moderate,Never,Frequent,1,0,0,6.3,Low,Average,0
P4591,61,Male,17.9,141,82,114,19.3,Moderate,Never,Frequent,0,0,0,7.7,Moderate,Average,0
P4592,20,Male,29.9,104,96,130,27.3,Moderate,Current,None,0,0,0,6.4,High,Good,0
P4593,22,Female,21.1,97,87,123,13.1,Moderate,Never,None,0,0,0,5.4,Moderate,Average,0
P4594,63,Male,27.4,134,116,170,19.9,Moderate,Never,Occasional,0,0,0,5.1,High,Poor,0
P4595,56,Male,32.4,133,123,182,27.9,Moderate,Former,Frequent,0,0,0,5.0,Moderate,Average,0
P4596,20,Male,23.0,116,77,108,13.2,Low,Never,None,0,0,0,7.1,Moderate,Average,0
P4597,74,Female,25.1,129,115,150,6.6,High,Never,Frequent,0,0,0,7.6,Low,Good,0
P4598,18,Female,19.7,119,65,128,8.6,Low,Former,None,0,0,0,5.6,High,Poor,0
P4599,78,Female,24.5,137,87,162,15.6,Moderate,Never,None,0,0,0,7.4,High,Average,0
P4600,63,Female,39.9,143,127,200,47.0,Moderate,Current,Frequent,1,0,0,7.4,Moderate,Poor,1
P4601,80,Female,30.5,160,133,157,30.4,Moderate,Never,None,1,1,0,7.2,Moderate,Good,1
P4602,77,Male,25.1,140,82,149,27.5,Moderate,Former,Occasional,0,0,0,7.6,Moderate,Good,0
P4603,37,Male,23.3,113,100,177,2.3,Low,Current,None,0,0,0,7.1,Low,Good,0
P4604,65,Male,26.3,153,99,120,14.3,Moderate,Current,None,1,0,0,8.4,Moderate,Good,0
P4605,31,Male,27.2,128,89,155,34.8,Low,Never,Frequent,0,0,0,7.5,High,Good,0
P4606,47,Male,24.3,134,114,165,9.9,Moderate,Never,None,1,1,0,5.3,Low,Average,0
P4607,33,Male,29.3,135,89,133,14.7,High,Never,Occasional,1,0,0,9.0,Moderate,Average,0
P4608,48,Male,21.5,129,118,166,11.3,Moderate,Never,Frequent,0,0,0,5.6,Low,Poor,0
P4609,72,Male,21.5,140,95,149,28.1,High,Former,Occasional,0,1,0,6.8,Moderate,Average,0
P4610,45,Female,28.4,117,102,170,14.5,Low,Never,Frequent,0,0,0,9.9,Moderate,Poor,0
P4611,23,Female,20.4,114,100,164,16.5,Low,Never,Frequent,0,0,0,7.4,Moderate,Average,0
P4612,38,Female,30.3,131,106,132,25.6,Low,Never,None,1,0,0,5.8,Moderate,Poor,0
P4613,67,Male,26.4,153,117,155,3.2,High,Never,Occasional,0,0,0,7.2,High,Good,0
P4614,50,Male,17.0,135,65,112,11.9,Moderate,Never,Occasional,1,1,0,7.4,High,Good,0
P4615,53,Female,27.1,143,93,167,13.7,High,Never,Occasional,0,0,0,7.0,Moderate,Good,0
P4616,45,Female,17.7,125,82,90,17.4,Moderate,Former,Occasional,1,0,0,6.2,Moderate,Poor,0
P4617,36,Male,30.1,119,125,165,37.6,Low,Never,None,0,1,0,5.3,Moderate,Good,0
P4618,55,Male,25.2,119,106,130,13.6,Low,Former,Occasional,0,0,0,5.4,Moderate,Average,0
P4619,57,Male,36.1,133,136,166,29.0,Moderate,Never,None,0,1,0,5.9,Moderate,Poor,0
P4620,74,Female,32.1,130,129,195,46.6,Low,Former,Occasional,1,0,0,8.4,Low,Good,1
P4621,56,Male,21.0,153,93,131,6.3,Moderate,Never,Occasional,0,0,0,5.3,Moderate,Poor,0
P4622,80,Female,16.0,155,65,90,2.0,High,Never,None,1,1,0,7.0,Low,Good,0
P4623,70,Male,22.6,145,119,164,25.3,Low,Former,Occasional,0,1,0,8.5,Moderate,Good,0
P4624,22,Female,20.1,131,66,145,11.6,Moderate,Current,Occasional,0,0,0,7.6,High,Average,0
P4625,42,Female,36.0,112,121,144,32.7,Moderate,Never,Frequent,0,0,0,8.5,High,Average,0
P4626,42,Female,26.4,124,98,155,35.1,Low,Former,Occasional,0,0,0,6.1,High,Good,0
P4627,18,Male,31.4,132,103,178,12.3,Low,Never,Frequent,1,0,0,7.6,Moderate,Average,0
P4628,29,Female,25.0,117,74,121,14.0,Moderate,Former,Occasional,0,0,0,8.2,Moderate,Poor,0
P4629,66,Female,25.6,168,78,157,6.4,Moderate,Current,Frequent,1,1,0,7.9,High,Average,0
P4630,40,Male,26.3,132,81,119,19.8,Moderate,Former,None,0,0,0,7.9,Low,Average,0
P4631,27,Male,32.3,130,117,191,21.3,Low,Never,Occasional,0,0,0,5.4,Moderate,Good,0
P4632,36,Male,28.1,135,78,146,9.9,Low,Never,None,1,0,0,7.6,High,Good,0
P4633,35,Male,21.0,126,77,123,17.9,Moderate,Never,Occasional,1,1,0,7.4,Moderate,Average,0
P4634,28,Male,34.9,113,117,145,28.9,Low,Never,Frequent,0,0,0,6.6,Moderate,Poor,0
P4635,24,Female,25.0,114,75,107,5.6,Moderate,Former,Occasional,0,0,0,6.1,Moderate,Average,0
P4636,66,Female,24.1,129,87,97,5.0,Low,Former,Occasional,1,0,0,7.3,High,Average,0
P4637,69,Female,15.0,144,83,137,13.7,Moderate,Former,Occasional,0,1,0,5.6,Low,Average,0
P4638,49,Female,29.8,134,115,172,9.2,Low,Never,None,0,1,0,6.3,Moderate,Good,0
P4639,56,Female,27.0,150,85,135,19.8,Low,Former,Frequent,0,0,0,7.9,High,Good,0
P4640,75,Female,27.0,149,105,152,29.1,Moderate,Never,None,0,0,0,8.1,High,Average,0
P4641,71,Male,24.4,165,102,172,20.4,Moderate,Never,None,0,0,0,7.4,Moderate,Good,0
P4642,20,Female,23.5,92,67,119,8.8,High,Never,None,0,0,0,6.2,Moderate,Poor,0
P4643,78,Male,24.6,138,108,147,18.0,High,Never,Frequent,0,1,0,5.5,High,Poor,0
P4644,22,Male,28.9,111,87,139,10.3,Moderate,Never,Occasional,0,0,0,5.9,High,Average,0
P4645,19,Male,29.8,127,100,182,22.5,Moderate,Current,Occasional,0,0,0,8.3,Moderate,Average,0
P4646,43,Female,25.3,130,110,168,14.1,Moderate,Never,None,0,1,1,7.0,Moderate,Average,0
P4647,64,Male,31.4,123,108,152,15.6,Moderate,Never,None,1,0,0,6.7,High,Poor,0
P4648,23,Female,26.1,112,104,152,22.2,Low,Never,None,0,0,0,7.0,Moderate,Average,0
P4649,36,Female,23.9,110,100,155,2.0,Moderate,Never,None,0,0,0,7.6,Low,Average,0
P4650,34,Male,27.5,107,109,151,9.8,High,Never,Occasional,1,0,0,5.6,High,Average,0
P4651,43,Male,19.4,146,86,124,3.5,Low,Former,None,0,0,0,6.2,Moderate,Average,0
P4652,80,Male,27.7,143,121,170,16.5,Low,Never,None,0,0,1,7.6,Moderate,Average,0
P4653,38,Female,18.5,125,83,153,22.4,Low,Never,Occasional,1,0,0,7.1,Moderate,Average,0
P4654,31,Male,21.2,118,65,124,18.0,Moderate,Never,Occasional,0,0,0,8.1,Moderate,Average,0
P4655,25,Female,16.0,113,65,103,12.8,Moderate,Never,Frequent,0,0,0,7.7,High,Average,0
P4656,30,Male,25.6,110,89,151,16.8,Low,Never,None,1,0,0,5.9,Moderate,Average,0
P4657,26,Female,34.9,113,110,162,28.2,Moderate,Never,Occasional,0,0,0,3.5,Moderate,Average,0
P4658,54,Female,25.9,135,101,155,27.7,Moderate,Current,None,0,0,0,7.0,Moderate,Poor,0
P4659,44,Female,29.8,140,92,146,6.8,Low,Former,Frequent,1,0,0,5.5,Moderate,Poor,0
P4660,49,Female,38.7,139,152,171,42.4,Moderate,Never,Frequent,0,0,0,7.4,Moderate,Average,0
P4661,70,Male,28.6,128,104,105,16.2,Moderate,Never,None,0,0,0,8.7,Low,Good,0
P4662,54,Female,22.5,142,89,140,16.6,Moderate,Never,None,0,0,0,5.6,Low,Good,0
P4663,27,Male,23.2,122,76,110,17.5,Low,Current,None,1,0,0,7.6,Moderate,Average,0
P4664,41,Male,26.5,118,81,103,23.3,High,Never,None,0,0,0,7.8,Low,Average,0
P4665,37,Male,23.2,124,86,120,26.1,Low,Never,None,1,0,0,7.2,High,Good,0
P4666,70,Female,23.6,146,95,157,3.0,Low,Current,None,0,0,0,7.2,Moderate,Good,0
P4667,37,Female,31.6,128,112,168,32.5,Low,Never,None,1,1,1,4.3,Moderate,Good,0
P4668,26,Female,31.8,121,128,191,25.5,High,Current,None,1,0,0,6.9,Moderate,Poor,0
P4669,64,Male,17.9,129,79,132,8.3,Low,Never,None,0,0,0,6.8,Moderate,Average,0
P4670,44,Male,22.2,146,85,117,28.5,Moderate,Never,None,0,0,0,8.1,High,Average,0
P4671,24,Female,24.1,96,99,159,20.1,Moderate,Never,None,0,0,0,8.0,Moderate,Poor,0
P4672,61,Female,29.6,146,110,169,18.6,Moderate,Current,Frequent,0,1,0,6.2,Moderate,Average,0
P4673,31,Female,32.4,123,114,163,33.3,Moderate,Never,None,0,0,0,4.5,Moderate,Poor,0
P4674,72,Male,40.6,148,114,168,35.1,Low,Never,None,1,0,0,4.9,High,Average,0
P4675,70,Male,24.1,139,85,145,11.1,Moderate,Never,Frequent,0,1,0,8.5,Moderate,Average,0
P4676,41,Male,24.3,141,99,135,9.9,Low,Never,None,0,1,0,6.7,High,Poor,0
P4677,53,Female,29.6,130,101,168,23.6,Low,Former,None,1,0,0,5.1,High,Average,0
P4678,53,Male,23.0,119,79,135,8.3,Low,Never,Occasional,0,0,0,5.2,Low,Poor,0
P4679,59,Female,25.8,129,106,154,18.3,Moderate,Never,None,0,1,0,7.1,Moderate,Good,0
P4680,22,Male,24.3,115,90,162,21.9,Low,Former,Occasional,0,0,0,6.9,Moderate,Poor,0
P4681,38,Male,15.0,112,67,91,12.9,Moderate,Never,Occasional,0,1,0,8.8,Moderate,Average,0
P4682,28,Female,27.1,136,87,128,33.9,Low,Former,Occasional,0,0,0,6.7,Moderate,Average,0
P4683,61,Male,25.6,146,100,137,16.4,Moderate,Never,Occasional,0,0,0,7.3,Low,Average,0
P4684,22,Male,33.1,132,92,149,36.1,Low,Current,None,0,0,0,6.7,Moderate,Average,0
P4685,50,Female,26.5,147,89,156,25.2,Moderate,Never,None,0,0,0,7.8,Moderate,Good,0
P4686,63,Male,20.0,133,93,124,24.2,Moderate,Never,None,0,0,0,8.9,Low,Average,0
P4687,77,Female,25.2,141,106,207,32.1,Low,Current,None,1,1,0,7.9,Moderate,Poor,1
P4688,36,Male,15.6,95,65,99,2.0,Moderate,Former,Occasional,1,0,0,9.2,Low,Good,0
P4689,18,Male,20.2,108,65,117,14.1,Moderate,Never,Occasional,1,0,0,7.4,High,Average,0
P4690,63,Male,29.8,159,99,149,20.5,Low,Never,None,0,1,0,4.9,Low,Poor,0
P4691,18,Male,25.2,104,87,136,16.7,Low,Current,Frequent,0,0,0,5.8,Moderate,Average,0
P4692,22,Male,31.3,112,131,169,22.5,Low,Current,None,0,0,0,7.8,Moderate,Poor,0
P4693,80,Female,16.3,146,95,157,7.7,Moderate,Former,Frequent,0,1,0,6.5,High,Average,0
P4694,72,Male,25.2,150,86,120,7.0,Low,Never,None,1,1,0,6.8,Moderate,Average,0
P4695,62,Male,24.0,149,104,123,15.5,High,Never,Occasional,0,0,0,5.8,Low,Poor,0
P4696,70,Female,31.5,125,101,133,31.0,Moderate,Current,Occasional,0,0,0,8.5,Moderate,Average,0
P4697,22,Male,30.0,101,100,173,17.7,Moderate,Never,Occasional,1,0,0,8.6,Moderate,Poor,0
P4698,23,Male,29.8,130,91,161,18.7,High,Current,Occasional,0,0,0,6.5,High,Good,0
P4699,36,Female,34.5,134,147,166,25.2,Low,Never,Occasional,0,1,0,6.5,Moderate,Good,0
P4700,19,Female,24.6,110,71,132,7.2,Moderate,Former,Occasional,0,0,0,8.3,High,Poor,0
P4701,73,Male,33.4,164,128,147,26.0,Low,Never,Frequent,0,1,0,8.1,Moderate,Average,0
P4702,21,Male,21.1,100,70,116,14.7,Moderate,Never,None,0,0,0,4.8,Moderate,Poor,0
P4703,52,Male,20.9,140,95,122,22.1,Low,Never,Occasional,1,0,0,7.6,Low,Average,0
P4704,71,Female,30.4,140,114,178,13.7,High,Current,Occasional,0,0,0,7.4,Low,Good,0
P4705,64,Male,18.7,148,107,162,12.3,Low,Former,None,0,1,0,7.0,Moderate,Poor,0
P4706,32,Female,29.5,101,117,182,31.8,Moderate,Never,None,0,1,0,5.7,Moderate,Poor,0
P4707,47,Male,27.0,125,88,132,8.6,High,Current,None,0,0,0,5.8,Moderate,Average,0
P4708,52,Male,32.1,138,151,198,38.3,Low,Never,None,0,0,0,3.5,Moderate,Average,1
P4709,66,Female,26.2,138,107,131,14.1,High,Current,Occasional,0,0,0,6.0,Moderate,Poor,0
P4710,44,Male,26.8,139,89,121,23.5,Moderate,Never,Occasional,0,0,0,4.4,High,Poor,0
P4711,35,Male,29.1,134,103,168,19.0,Moderate,Never,None,0,0,0,6.2,Low,Poor,0
P4712,68,Female,23.1,135,109,162,17.7,Moderate,Never,Occasional,0,1,0,7.3,Low,Poor,0
P4713,73,Female,22.8,150,101,150,25.9,Moderate,Current,None,1,0,0,5.4,Low,Average,0
P4714,48,Male,29.0,124,116,186,20.7,High,Former,Frequent,0,1,0,8.4,Moderate,Poor,0
P4715,19,Female,26.3,113,105,133,25.5,Moderate,Never,Occasional,0,0,0,9.1,Moderate,Average,0
P4716,49,Female,24.4,136,104,163,17.4,Moderate,Current,None,0,0,0,7.1,Moderate,Good,0
P4717,74,Female,26.1,134,89,119,10.6,High,Former,None,1,0,0,7.5,Moderate,Poor,0
P4718,80,Male,34.8,159,157,232,30.8,Moderate,Former,Frequent,1,1,1,4.9,Moderate,Good,1
P4719,43,Female,24.2,121,118,174,14.4,High,Never,Occasional,0,0,0,7.0,Low,Average,0
P4720,27,Male,24.0,111,99,162,3.1,Moderate,Never,None,0,0,0,5.1,Moderate,Average,0
P4721,54,Female,17.6,144,86,120,15.7,Low,Never,Occasional,0,1,0,4.7,Moderate,Good,0
P4722,70,Female,26.3,132,101,184,22.5,Moderate,Never,None,0,0,0,5.3,Moderate,Average,0
P4723,77,Male,29.9,141,112,194,28.9,Moderate,Never,Frequent,0,1,0,6.6,Low,Poor,1
P4724,21,Female,30.8,124,99,156,34.0,Low,Never,Frequent,0,0,0,6.8,Low,Good,0
P4725,36,Male,27.1,123,65,133,25.8,Low,Never,None,0,0,0,6.7,Moderate,Average,0
P4726,48,Male,31.5,114,129,174,20.9,Low,Never,Occasional,0,0,0,5.4,Low,Good,0
P4727,24,Female,30.3,124,117,147,20.2,Moderate,Current,Occasional,0,0,0,6.9,High,Poor,0
P4728,73,Female,32.3,138,90,153,31.1,Moderate,Never,None,0,0,0,6.0,Low,Average,0
P4729,25,Female,31.6,102,116,152,27.9,Moderate,Never,Frequent,0,0,0,7.0,High,Good,0
P4730,59,Female,34.7,109,117,189,28.5,Low,Never,None,0,0,0,6.5,Low,Average,0
P4731,75,Female,25.6,152,97,162,9.3,Low,Never,None,1,0,0,4.6,Low,Average,0
P4732,61,Male,19.6,127,91,141,7.8,Low,Never,Frequent,0,0,0,6.0,Moderate,Average,0
P4733,66,Female,30.0,126,83,136,26.3,Moderate,Never,Occasional,1,0,0,7.5,Low,Average,0
P4734,34,Male,30.6,127,103,169,7.0,High,Never,None,1,0,0,7.8,High,Good,0
P4735,70,Male,34.7,149,120,176,10.1,High,Never,Occasional,0,0,1,5.3,Moderate,Poor,0
P4736,44,Male,33.2,118,112,156,31.9,Low,Current,Occasional,1,0,0,5.9,High,Good,0
P4737,21,Male,36.6,123,95,123,25.3,Moderate,Never,Occasional,0,0,0,6.3,Low,Poor,0
P4738,41,Male,29.7,145,109,174,25.7,Moderate,Never,None,0,0,0,8.2,Low,Average,0
P4739,40,Female,27.7,138,113,168,32.5,High,Former,Occasional,0,0,0,7.4,High,Good,0
P4740,50,Female,19.3,147,94,184,3.9,Moderate,Never,Occasional,0,1,0,5.3,Low,Average,0
P4741,34,Male,28.1,124,94,142,6.0,Moderate,Former,Occasional,0,0,0,7.4,Moderate,Average,0
P4742,47,Male,23.6,124,128,180,13.9,Moderate,Former,None,1,0,0,8.3,Moderate,Good,0
P4743,44,Female,27.6,131,92,146,13.2,Low,Former,Frequent,1,1,0,7.1,Low,Poor,0
P4744,38,Male,26.8,127,106,165,18.0,Moderate,Never,None,0,0,0,5.9,Moderate,Average,0
P4745,61,Female,29.0,123,108,142,25.3,Moderate,Never,Occasional,1,0,0,7.8,High,Good,0
P4746,37,Female,26.0,115,122,169,21.2,High,Current,None,0,0,0,7.0,Moderate,Average,0
P4747,66,Male,31.4,124,116,179,24.9,Low,Current,Frequent,0,0,0,6.5,Low,Average,0
P4748,33,Female,15.0,123,77,116,20.5,High,Former,Frequent,0,0,0,7.9,High,Good,0
P4749,72,Female,27.5,143,110,172,24.8,Low,Never,Frequent,0,0,0,6.8,High,Good,0
P4750,40,Female,32.8,118,94,146,23.5,Moderate,Never,None,0,0,0,6.9,Moderate,Good,0
P4751,20,Male,36.2,121,101,159,34.2,High,Former,Occasional,1,0,0,7.8,Moderate,Average,0
P4752,27,Female,30.3,107,97,165,9.6,Low,Never,None,0,0,0,6.2,Moderate,Poor,0
P4753,68,Female,35.3,133,133,181,39.1,Moderate,Current,Occasional,1,0,0,5.4,Moderate,Good,1
P4754,72,Male,27.4,150,106,132,19.1,Moderate,Current,Frequent,0,0,0,7.2,Low,Good,0
P4755,31,Female,26.5,128,91,135,7.8,Moderate,Never,Occasional,0,0,0,8.7,Low,Average,0
P4756,55,Female,29.3,124,123,159,19.3,Low,Never,Occasional,1,0,0,4.1,Low,Poor,0
P4757,54,Male,26.5,134,70,90,25.7,High,Never,None,0,0,0,7.7,Low,Good,0
P4758,26,Male,22.4,109,66,111,6.3,High,Never,Occasional,1,0,0,6.8,Low,Average,0
P4759,46,Female,23.8,125,65,116,17.4,Moderate,Never,None,0,0,0,6.2,Low,Poor,0
P4760,61,Male,20.7,142,110,173,19.8,Moderate,Former,None,0,1,0,6.0,Low,Average,0
P4761,78,Female,29.2,156,114,145,22.0,Moderate,Never,Frequent,1,1,0,7.9,Moderate,Good,0
P4762,71,Male,26.6,149,122,172,12.4,Low,Never,Occasional,0,1,0,7.6,Moderate,Average,0
P4763,24,Female,24.6,118,87,153,14.6,Moderate,Never,None,0,0,0,5.6,High,Average,0
P4764,32,Female,23.6,109,102,140,2.8,Low,Never,Occasional,0,0,0,7.2,Moderate,Average,0
P4765,45,Female,29.1,136,107,165,17.2,Low,Never,None,0,1,0,8.4,High,Average,0
P4766,27,Female,30.6,122,108,184,14.1,Low,Current,None,1,0,0,7.6,Low,Average,0
P4767,53,Male,20.6,138,88,105,11.6,Moderate,Never,Occasional,0,0,0,4.8,Low,Poor,0
P4768,18,Male,19.8,105,81,132,2.0,Moderate,Current,None,0,0,0,7.6,Moderate,Average,0
P4769,25,Female,31.5,125,127,196,26.2,Moderate,Never,None,0,0,0,5.3,Moderate,Good,0
P4770,20,Female,19.3,100,65,105,21.1,Low,Former,None,0,0,0,7.1,Moderate,Average,0
P4771,36,Male,29.3,118,100,172,30.3,Low,Never,Occasional,1,0,0,5.9,High,Average,0
P4772,66,Female,34.9,136,121,183,19.2,Moderate,Never,None,0,0,0,7.3,Moderate,Poor,0
P4773,29,Female,34.9,105,112,192,23.1,Moderate,Never,None,0,0,0,6.0,High,Good,0
P4774,80,Male,30.3,148,112,171,29.7,Low,Former,Frequent,0,1,0,5.5,Moderate,Average,0
P4775,34,Male,30.2,123,95,174,27.5,Moderate,Never,Occasional,0,0,0,7.2,Moderate,Average,0
P4776,20,Female,38.2,95,139,196,29.6,Moderate,Never,None,1,0,0,6.9,Moderate,Average,0
P4777,39,Female,15.0,125,76,99,8.1,High,Never,Frequent,0,1,0,7.8,Low,Average,0
P4778,65,Male,24.1,120,129,167,17.5,Moderate,Former,Occasional,0,0,0,6.2,Low,Poor,0
P4779,24,Female,30.9,141,116,182,9.3,Low,Never,Occasional,0,1,0,5.0,Moderate,Good,0
P4780,22,Female,24.7,116,84,148,19.4,Low,Never,None,0,0,0,7.6,High,Average,0
P4781,71,Male,32.9,142,123,169,35.6,Low,Former,None,0,0,0,8.5,Moderate,Average,0
P4782,55,Male,26.3,140,106,183,14.5,Low,Never,None,0,1,0,6.1,High,Poor,0
P4783,39,Female,27.2,130,115,158,8.1,Moderate,Never,Occasional,1,0,0,7.4,High,Average,0
P4784,65,Male,25.1,153,87,142,27.0,Moderate,Never,None,1,1,0,6.4,Moderate,Poor,0
P4785,71,Male,23.8,126,70,125,15.9,Low,Never,None,0,0,0,9.1,Moderate,Average,0
P4786,40,Male,23.7,137,94,120,19.7,High,Current,None,0,0,0,6.2,High,Average,0
P4787,53,Female,27.9,144,112,159,9.5,Low,Former,Occasional,1,0,0,6.7,Moderate,Average,0
P4788,18,Male,22.5,111,87,172,2.1,Moderate,Former,None,0,0,0,4.4,High,Poor,0
P4789,37,Female,31.5,126,122,158,28.5,Low,Never,None,0,1,0,8.7,Moderate,Average,0
P4790,55,Female,29.9,101,113,173,30.7,Low,Never,Occasional,0,0,0,6.2,Moderate,Poor,0
P4791,30,Male,32.2,106,85,117,15.2,Moderate,Current,Frequent,1,0,0,8.4,Moderate,Good,0
P4792,80,Male,20.6,151,93,125,11.2,Low,Never,Frequent,0,0,1,6.0,Low,Good,0
P4793,79,Male,17.7,158,101,124,2.0,Low,Current,None,1,0,1,6.7,Moderate,Poor,0
P4794,34,Male,26.5,128,97,161,11.8,Moderate,Never,None,1,0,0,5.9,Low,Average,0
P4795,42,Female,41.6,124,111,151,34.3,Moderate,Never,None,0,0,0,5.7,Moderate,Good,0
P4796,29,Female,33.1,137,103,174,29.5,High,Current,Occasional,1,0,0,6.4,High,Poor,0
P4797,49,Female,23.6,139,98,137,2.0,Moderate,Current,None,0,0,0,6.6,Low,Poor,0
P4798,25,Female,28.7,112,123,174,32.4,Low,Current,Frequent,1,0,0,6.4,Moderate,Average,0
P4799,42,Female,30.3,147,77,133,20.6,Moderate,Current,Frequent,0,0,0,5.0,Moderate,Poor,0
P4800,52,Female,19.4,120,87,107,22.4,Moderate,Never,None,0,0,0,7.1,Low,Good,0
P4801,56,Female,33.6,118,101,155,31.6,Low,Never,None,0,0,0,4.5,Low,Good,0
P4802,55,Male,25.6,128,103,157,23.4,Low,Never,Occasional,0,0,0,6.4,Low,Average,0
P4803,31,Female,26.0,112,101,168,33.0,Moderate,Never,Occasional,0,0,0,4.9,Low,Good,0
P4804,67,Male,26.6,135,97,130,11.3,Moderate,Never,Occasional,0,0,0,7.9,Moderate,Poor,0
P4805,61,Female,32.5,149,128,166,27.9,Low,Never,None,0,1,0,8.3,Moderate,Good,0
P4806,65,Male,22.6,138,107,165,5.4,Moderate,Current,None,1,0,0,7.5,High,Average,0
P4807,47,Female,17.6,133,82,150,11.2,Low,Former,Occasional,1,1,0,6.2,Moderate,Good,0
P4808,74,Female,28.2,143,86,126,25.2,Moderate,Never,Occasional,0,0,0,5.9,Low,Good,0
P4809,42,Male,15.9,102,92,117,21.0,Moderate,Former,Occasional,0,0,0,6.5,Moderate,Average,0
P4810,68,Female,24.9,129,115,158,13.6,Low,Former,None,1,1,0,6.7,Moderate,Poor,0
P4811,30,Female,32.7,115,115,149,16.4,Low,Current,None,1,0,0,7.4,Moderate,Average,0
P4812,33,Female,29.5,112,91,147,21.6,Moderate,Never,None,0,0,0,7.3,Moderate,Average,0
P4813,51,Male,31.9,128,123,156,18.9,Low,Former,Occasional,1,0,0,4.4,Low,Good,0
P4814,53,Female,29.7,145,133,198,19.3,High,Never,None,0,0,0,7.6,Moderate,Average,0
P4815,65,Female,39.0,137,126,182,39.9,High,Current,None,0,0,0,7.3,Low,Average,0
P4816,36,Male,23.4,109,89,153,17.6,Moderate,Current,None,0,0,0,5.9,Moderate,Average,0
P4817,72,Male,28.6,134,91,101,26.6,Moderate,Never,Frequent,0,0,0,5.6,Moderate,Average,0
P4818,38,Female,24.2,140,80,100,11.9,High,Never,Occasional,1,0,0,6.9,High,Average,0
P4819,51,Male,31.5,145,93,164,31.5,Moderate,Never,Frequent,1,0,0,7.0,Moderate,Average,0
P4820,76,Male,26.2,150,103,140,17.4,Moderate,Never,Frequent,1,0,0,5.5,Moderate,Good,0
P4821,51,Female,35.4,120,119,147,27.3,Low,Never,None,0,1,0,6.9,Low,Average,0
P4822,60,Male,23.7,138,98,142,5.2,Moderate,Former,Frequent,1,0,0,7.0,Low,Average,0
P4823,75,Male,33.8,152,112,167,10.4,Low,Never,None,1,1,0,7.8,Moderate,Poor,1
P4824,79,Male,29.6,146,107,154,9.2,Low,Never,Occasional,0,0,0,6.7,Moderate,Average,0
P4825,49,Male,26.3,123,83,139,18.9,Moderate,Former,None,0,0,0,4.4,Moderate,Poor,0
P4826,44,Male,29.3,123,105,160,13.9,Low,Former,Occasional,1,0,0,7.1,Low,Average,0
P4827,30,Female,27.9,112,74,127,5.9,Low,Never,Occasional,0,0,0,4.8,Low,Good,0
P4828,51,Female,28.4,119,104,175,16.6,Moderate,Former,None,1,0,0,5.8,Moderate,Average,0
P4829,75,Female,25.4,162,102,150,18.5,Low,Former,Occasional,0,1,0,5.2,High,Poor,0
P4830,48,Male,22.9,142,98,145,16.4,High,Never,None,0,1,0,7.4,Moderate,Good,0
P4831,39,Male,24.8,121,68,129,15.1,High,Never,None,1,0,0,5.5,High,Poor,0
P4832,24,Female,17.7,119,82,136,11.5,Moderate,Former,Occasional,0,0,0,8.0,High,Average,0
P4833,42,Male,30.9,134,108,144,19.0,Low,Never,Occasional,0,1,0,5.4,Low,Average,0
P4834,32,Female,20.1,143,83,128,17.1,Moderate,Never,None,0,0,0,4.4,High,Average,0
P4835,79,Male,25.4,154,74,129,14.7,Low,Never,None,0,0,0,6.4,Moderate,Poor,0
P4836,51,Female,29.9,138,87,127,20.9,Moderate,Current,Frequent,0,0,1,5.2,Low,Average,0
P4837,26,Female,30.9,117,97,138,31.0,Low,Former,Occasional,0,0,0,8.4,Moderate,Poor,0
P4838,22,Female,17.3,110,91,114,18.3,Moderate,Former,Occasional,0,0,0,6.0,Moderate,Poor,0
P4839,71,Male,26.0,160,114,116,16.4,Low,Never,None,0,1,0,8.2,Low,Poor,0
P4840,76,Male,28.9,155,116,159,18.9,High,Current,Occasional,0,1,1,6.4,Low,Good,0
P4841,66,Female,26.8,130,88,139,15.1,Low,Never,Occasional,1,0,1,7.2,Moderate,Poor,0
P4842,25,Male,33.5,120,92,125,9.6,Moderate,Current,None,0,0,0,6.2,Moderate,Average,0
P4843,24,Female,22.2,124,87,156,21.0,Low,Never,Occasional,1,0,0,9.7,High,Average,0
P4844,30,Male,15.8,98,80,108,6.5,Moderate,Never,None,1,0,0,5.4,High,Poor,0
P4845,65,Female,30.7,129,112,177,30.2,High,Current,None,0,0,0,3.5,Moderate,Average,0
P4846,66,Male,23.7,142,118,172,15.8,Low,Current,Occasional,0,0,0,7.1,Moderate,Average,0
P4847,70,Female,17.4,126,78,158,23.1,Low,Never,Occasional,1,1,0,5.6,High,Good,0
P4848,24,Female,25.7,98,93,150,20.7,Low,Never,Occasional,0,0,0,7.0,Moderate,Poor,0
P4849,27,Female,32.9,114,83,111,32.4,Moderate,Never,Occasional,1,0,0,6.7,High,Poor,0
P4850,74,Male,19.9,148,90,153,7.3,Moderate,Never,Occasional,1,0,0,6.2,Moderate,Poor,0
P4851,76,Male,38.6,149,149,229,25.6,Moderate,Never,Occasional,0,0,0,6.3,High,Average,1
P4852,63,Male,22.1,158,82,101,13.3,High,Never,None,0,1,0,7.3,Low,Poor,0
P4853,24,Female,27.0,116,105,164,3.1,Low,Never,None,0,0,0,6.4,Moderate,Average,0
P4854,22,Male,20.2,110,98,158,8.3,High,Never,None,0,0,0,6.6,High,Good,0
P4855,21,Female,26.7,101,83,128,8.1,Moderate,Never,Frequent,0,0,0,6.2,Moderate,Average,0
P4856,61,Male,25.8,132,104,114,10.2,Moderate,Never,None,1,0,0,8.8,Moderate,Average,0
P4857,71,Male,18.8,153,113,154,17.8,Low,Never,None,0,1,0,8.4,Low,Average,0
P4858,57,Female,41.2,146,141,185,42.6,Moderate,Current,Occasional,0,1,0,5.0,Moderate,Poor,0
P4859,34,Male,23.9,123,99,171,13.0,Moderate,Never,Occasional,0,0,0,6.8,Low,Good,0
P4860,65,Male,23.9,148,76,122,16.8,Low,Current,Occasional,0,1,0,5.8,High,Average,0
P4861,21,Female,31.5,126,111,155,20.0,Low,Current,Occasional,1,0,0,5.3,Moderate,Good,0
P4862,70,Female,35.9,146,136,178,51.0,Moderate,Never,None,1,1,0,3.5,Moderate,Good,1
P4863,74,Female,32.4,156,96,152,26.9,Moderate,Former,None,0,0,0,6.4,Low,Average,0
P4864,63,Female,20.3,134,79,126,7.3,Low,Never,Occasional,0,1,0,6.5,Low,Good,0
P4865,73,Female,27.6,142,112,148,26.7,High,Never,Frequent,0,0,0,8.4,High,Good,0
P4866,54,Female,16.7,127,72,121,21.9,Low,Never,Frequent,0,0,0,8.1,Moderate,Average,0
P4867,47,Male,31.2,141,129,170,19.2,Low,Never,Frequent,1,1,0,7.4,Moderate,Good,0
P4868,38,Male,18.0,113,81,90,2.0,Low,Current,None,1,0,0,7.7,High,Average,0
P4869,76,Male,22.3,141,93,151,2.6,Moderate,Never,None,0,0,0,7.8,Low,Average,0
P4870,61,Female,26.5,122,104,162,12.4,Low,Never,Occasional,0,1,0,7.4,Low,Average,0
P4871,30,Female,28.8,130,110,163,20.5,Moderate,Former,Occasional,1,1,0,8.5,Moderate,Good,0
P4872,78,Male,25.1,162,117,158,4.0,Moderate,Never,None,0,1,1,5.3,Moderate,Average,0
P4873,21,Female,34.4,123,117,167,24.9,Low,Never,Occasional,0,0,0,6.2,Low,Poor,0
P4874,55,Male,30.3,145,107,170,20.9,Low,Never,Frequent,0,1,0,6.0,Moderate,Average,0
P4875,30,Female,29.9,132,125,165,26.1,Moderate,Never,None,0,1,0,6.1,Moderate,Good,0
P4876,59,Female,20.1,142,94,154,16.9,Moderate,Never,None,1,0,0,6.6,Low,Good,0
P4877,43,Female,35.3,132,121,149,32.9,Low,Never,None,0,0,0,8.8,Moderate,Poor,0
P4878,45,Female,22.3,139,95,145,26.7,Moderate,Never,None,0,1,0,7.9,Moderate,Average,0
P4879,60,Female,35.5,134,133,185,39.6,Moderate,Never,Occasional,0,1,0,8.3,Moderate,Average,1
P4880,65,Male,37.0,136,97,165,31.8,High,Never,Occasional,0,0,0,6.7,Moderate,Average,0
P4881,41,Male,29.2,125,105,140,13.3,Moderate,Never,None,0,0,0,6.7,Moderate,Average,0
P4882,80,Female,31.9,143,137,174,21.4,Low,Never,Frequent,1,0,0,7.5,Moderate,Average,0
P4883,49,Male,15.0,118,82,104,2.0,Moderate,Never,Occasional,0,1,0,7.3,Moderate,Poor,0
P4884,28,Male,25.5,110,99,138,17.4,Low,Never,Occasional,0,1,0,7.3,Low,Average,0
P4885,18,Male,32.2,114,95,150,26.9,Moderate,Former,Occasional,1,0,0,9.6,Low,Average,0
P4886,30,Female,31.3,128,111,132,31.2,Low,Never,Frequent,1,0,0,7.5,Low,Poor,1
P4887,61,Female,20.2,136,82,121,14.1,High,Never,None,0,0,0,5.9,High,Good,0
P4888,51,Female,25.0,163,119,177,25.6,Moderate,Never,Occasional,0,1,0,6.0,Moderate,Average,0
P4889,39,Female,15.0,114,65,108,20.6,High,Never,Occasional,0,0,0,7.8,Moderate,Poor,0
P4890,48,Female,28.6,133,95,145,11.7,Moderate,Current,Frequent,1,0,0,7.7,Moderate,Good,0
P4891,70,Female,16.7,154,71,92,7.9,Moderate,Former,Occasional,0,0,0,8.0,Moderate,Poor,0
P4892,54,Female,32.4,147,143,192,27.8,Low,Never,Frequent,1,1,0,7.4,Moderate,Poor,0
P4893,21,Male,32.7,120,103,154,19.4,Low,Never,None,0,0,0,5.6,Moderate,Poor,0
P4894,21,Female,24.0,124,79,124,12.5,Moderate,Never,Occasional,0,0,0,8.6,Low,Average,0
P4895,48,Male,29.2,129,73,125,23.1,High,Former,None,0,0,0,8.4,Low,Average,0
P4896,43,Female,25.4,147,88,131,15.1,Low,Current,Occasional,1,1,0,6.3,Moderate,Good,0
P4897,71,Female,27.8,154,111,153,19.8,Moderate,Never,Occasional,0,0,0,7.2,Moderate,Average,0
P4898,54,Female,20.5,123,92,122,4.5,Low,Never,Occasional,0,0,0,7.0,Low,Average,0
P4899,65,Female,29.7,141,98,163,25.3,Moderate,Never,None,1,0,0,6.4,Low,Average,0
P4900,54,Female,18.0,116,71,97,15.5,High,Never,Occasional,0,0,0,5.4,Moderate,Good,0
P4901,39,Female,17.0,144,107,155,6.5,Low,Never,None,1,1,0,7.5,Low,Good,0
P4902,59,Male,25.9,142,142,219,9.7,Low,Current,None,1,1,0,5.0,Moderate,Poor,1
P4903,57,Male,25.4,147,112,178,26.9,Moderate,Never,Occasional,1,0,0,6.1,Moderate,Good,0
P4904,63,Female,27.9,141,131,188,35.5,Low,Current,Occasional,0,1,0,8.9,Moderate,Average,0
P4905,29,Female,23.1,99,111,162,16.1,Low,Never,None,1,0,0,7.3,Moderate,Average,0
P4906,58,Male,36.3,165,158,208,30.9,Low,Never,Occasional,0,1,0,7.3,High,Average,1
P4907,35,Female,27.3,123,92,126,26.7,Moderate,Former,Occasional,0,0,0,6.4,Low,Good,0
P4908,67,Female,27.7,129,90,135,22.6,High,Never,None,1,0,0,4.9,Low,Average,0
P4909,68,Female,27.5,156,135,193,19.7,High,Never,Occasional,0,1,0,7.3,Moderate,Average,0
P4910,57,Male,31.7,159,103,160,31.6,Moderate,Never,None,0,1,0,7.4,Moderate,Poor,0
P4911,77,Female,29.5,147,101,163,14.6,Moderate,Never,Occasional,0,1,0,7.8,Moderate,Average,0
P4912,51,Male,28.8,129,88,157,14.6,Moderate,Never,Occasional,0,0,0,6.3,High,Good,0
P4913,19,Male,30.3,115,98,145,24.9,Moderate,Current,None,0,0,0,6.3,Moderate,Average,0
P4914,56,Female,17.0,127,65,113,12.9,Low,Current,None,0,1,0,7.5,Moderate,Average,0
P4915,66,Female,17.2,131,65,90,17.1,Low,Former,None,1,0,0,5.3,Low,Poor,0
P4916,24,Male,26.1,133,83,167,26.5,Moderate,Never,Frequent,0,0,0,7.8,Moderate,Poor,0
P4917,24,Male,25.5,114,73,115,3.8,High,Never,Occasional,0,0,0,6.6,Moderate,Poor,0
P4918,35,Male,29.5,113,116,176,22.6,Moderate,Former,Occasional,0,0,0,7.2,Moderate,Average,0
P4919,71,Female,26.6,142,108,150,33.4,High,Never,Occasional,1,1,0,9.6,Moderate,Poor,0
P4920,51,Female,29.5,141,112,155,17.2,Low,Never,Occasional,0,0,0,6.5,Low,Average,0
P4921,79,Male,20.0,126,95,137,6.3,Low,Never,Occasional,0,0,0,7.0,Moderate,Average,0
P4922,72,Male,26.4,144,98,127,2.0,High,Never,None,1,0,0,6.8,Low,Poor,0
P4923,52,Female,19.5,160,103,109,13.1,Low,Never,Occasional,0,1,0,4.4,Moderate,Average,0
P4924,60,Male,28.5,155,110,178,25.2,Moderate,Never,None,0,0,0,7.5,Low,Average,0
P4925,38,Male,16.7,134,76,130,16.6,Low,Former,None,1,1,0,4.0,Moderate,Good,0
P4926,23,Male,28.3,128,73,108,11.3,High,Never,None,0,0,0,7.7,Moderate,Average,0
P4927,43,Female,18.9,139,86,139,11.9,Low,Never,None,0,0,0,6.0,Moderate,Average,0
P4928,55,Male,24.5,136,83,144,16.8,High,Never,Occasional,0,1,0,5.9,Moderate,Poor,0
P4929,29,Male,31.2,127,109,148,24.2,Low,Former,None,0,0,0,6.8,Low,Average,0
P4930,31,Male,27.7,137,97,153,10.1,Low,Never,None,0,0,0,5.2,Moderate,Average,0
P4931,18,Male,17.9,99,65,127,12.6,Moderate,Current,Occasional,1,0,0,6.7,Moderate,Poor,0
P4932,64,Male,23.0,143,95,119,6.7,Moderate,Never,Occasional,0,0,0,5.5,Moderate,Average,0
P4933,74,Male,18.7,151,94,148,2.0,Low,Never,None,0,1,0,5.3,Low,Average,0
P4934,70,Male,17.7,147,91,142,17.5,Moderate,Never,Frequent,1,1,0,6.5,Moderate,Average,0
P4935,41,Male,27.1,125,99,178,19.2,Low,Never,Occasional,1,0,0,8.3,Low,Average,0
P4936,55,Male,29.4,135,95,153,25.6,Low,Never,None,0,0,0,7.7,Low,Poor,0
P4937,78,Female,28.8,153,122,165,17.6,Low,Never,None,0,1,0,6.1,High,Average,0
P4938,55,Male,29.6,149,102,147,26.3,Moderate,Never,None,0,1,0,6.6,Low,Poor,0
P4939,36,Female,26.4,132,86,167,25.5,Low,Never,None,0,1,1,6.1,Moderate,Average,0
P4940,39,Female,25.1,127,108,150,30.4,High,Never,Frequent,1,1,0,5.4,Moderate,Average,0
P4941,63,Female,20.9,128,100,156,18.5,Moderate,Never,Frequent,0,0,1,5.5,Moderate,Poor,0
P4942,46,Female,24.2,123,100,144,17.7,Low,Former,None,0,0,0,7.1,Moderate,Poor,0
P4943,70,Female,19.6,148,90,153,2.0,Moderate,Former,None,1,1,0,5.9,Low,Good,0
P4944,72,Male,22.1,140,71,136,11.3,Moderate,Never,None,1,1,0,6.7,High,Good,0
P4945,20,Male,27.0,123,114,162,7.7,Moderate,Current,Occasional,0,0,0,5.6,Low,Average,0
P4946,63,Male,25.9,146,78,120,10.1,Moderate,Never,Frequent,0,1,0,7.8,Moderate,Average,0
P4947,41,Female,42.4,141,146,193,55.8,Moderate,Current,None,1,1,0,7.6,High,Good,0
P4948,50,Female,19.5,123,111,129,4.7,Low,Current,Frequent,1,0,0,8.7,Low,Poor,0
P4949,34,Female,25.8,112,95,145,2.0,Moderate,Never,None,1,0,0,8.4,Moderate,Average,0
P4950,41,Female,19.1,141,90,137,18.5,Low,Never,Occasional,0,1,0,5.7,Moderate,Average,0
P4951,38,Male,24.5,124,96,131,9.6,High,Current,None,0,0,0,5.8,High,Poor,0
P4952,21,Male,24.7,112,91,110,21.4,Moderate,Never,Occasional,1,0,0,7.2,Moderate,Average,0
P4953,67,Male,30.9,146,143,196,16.8,Moderate,Never,Occasional,1,0,0,5.7,Moderate,Good,1
P4954,27,Male,24.2,124,76,129,11.2,Moderate,Current,Occasional,1,0,0,7.1,High,Average,0
P4955,41,Female,25.5,117,87,141,25.8,Low,Never,Occasional,1,1,0,6.4,Moderate,Average,0
P4956,30,Male,24.3,132,84,116,4.2,Low,Never,None,1,0,0,7.9,Moderate,Average,0
P4957,28,Female,19.2,113,101,153,10.7,Low,Never,None,0,0,0,7.9,Moderate,Average,0
P4958,41,Female,23.1,142,80,124,15.7,Moderate,Current,Occasional,0,0,0,6.4,Moderate,Good,0
P4959,75,Male,24.5,130,103,165,9.5,Moderate,Never,Occasional,0,0,0,4.6,High,Average,0
P4960,77,Female,26.9,153,125,158,21.8,Low,Current,Frequent,1,1,0,8.0,Moderate,Average,0
P4961,42,Male,29.4,123,113,181,22.0,Moderate,Never,Occasional,0,0,0,6.1,Moderate,Poor,0
P4962,49,Female,25.3,109,108,180,20.9,Low,Never,Occasional,0,0,0,6.8,High,Poor,0
P4963,80,Female,25.2,158,126,176,32.7,Moderate,Never,Occasional,0,1,0,6.6,Moderate,Good,1
P4964,32,Male,17.6,100,79,131,33.4,Low,Never,Occasional,0,0,0,7.3,Moderate,Average,0
P4965,77,Female,29.3,147,109,171,25.2,High,Never,None,0,1,1,6.1,Low,Average,0
P4966,24,Male,22.9,126,87,118,12.2,Moderate,Never,None,1,0,0,5.5,Low,Poor,0
P4967,32,Female,30.4,114,98,140,25.6,Moderate,Never,None,0,0,0,7.0,Moderate,Good,0
P4968,39,Male,33.3,115,145,199,27.3,Moderate,Former,None,1,0,0,7.8,High,Average,0
P4969,20,Male,25.5,121,82,163,3.5,Moderate,Never,Occasional,0,0,0,6.7,Moderate,Good,0
P4970,69,Male,21.2,138,96,124,11.6,Moderate,Former,Occasional,0,0,0,6.6,Moderate,Average,0
P4971,71,Male,26.4,137,80,155,25.9,Low,Current,Frequent,0,0,0,5.4,Low,Good,0
P4972,42,Male,28.3,138,101,147,7.9,Low,Former,Frequent,0,0,0,7.4,Low,Poor,0
P4973,70,Female,24.9,129,93,140,7.6,Low,Current,Occasional,0,0,0,7.5,Low,Average,0
P4974,66,Female,23.6,139,110,177,10.1,Moderate,Never,Occasional,0,1,0,6.7,Low,Good,0
P4975,68,Female,29.4,148,117,199,25.2,Moderate,Current,None,0,0,0,5.6,Low,Average,0
P4976,68,Male,29.1,132,133,189,42.2,Low,Former,None,0,1,0,6.9,Low,Average,0
P4977,54,Male,24.7,150,113,180,9.8,Low,Never,Occasional,1,0,0,7.0,Moderate,Average,0
P4978,24,Female,17.9,113,73,104,12.7,Moderate,Former,None,0,0,0,6.8,Moderate,Average,0
P4979,76,Male,28.9,153,94,135,20.3,Moderate,Former,None,1,0,0,5.5,Moderate,Average,0
P4980,56,Male,22.5,142,78,103,10.2,Moderate,Former,Frequent,1,0,0,7.1,Moderate,Good,0
P4981,74,Male,27.6,141,108,149,19.0,Moderate,Never,Occasional,1,0,0,7.0,Moderate,Good,0
P4982,78,Male,27.3,145,113,171,15.7,Low,Never,None,0,1,0,7.3,Low,Good,0
P4983,29,Male,16.7,118,75,123,33.9,Moderate,Current,Occasional,0,0,0,6.6,Moderate,Average,0
P4984,43,Female,26.9,138,96,172,23.9,Moderate,Current,Occasional,0,1,0,8.3,Low,Average,0
P4985,30,Male,29.2,109,120,202,18.6,Moderate,Never,Frequent,1,0,0,6.8,High,Average,0
P4986,21,Female,29.8,102,78,125,30.8,Low,Never,Occasional,1,0,0,8.5,Moderate,Average,0
P4987,78,Male,27.1,165,102,140,20.3,Moderate,Never,None,0,1,0,7.1,Low,Good,0
P4988,76,Male,16.2,137,65,128,12.5,Low,Former,Occasional,1,0,0,5.4,Low,Average,0
P4989,76,Female,33.1,152,120,191,25.5,Low,Never,Occasional,1,1,1,7.8,Low,Average,1
P4990,73,Female,28.6,140,123,179,19.8,Low,Current,Occasional,0,0,0,6.4,Low,Poor,0
P4991,58,Male,20.2,137,88,146,2.2,Moderate,Never,Occasional,0,1,0,6.3,High,Poor,0
P4992,50,Male,22.4,144,89,145,2.0,Moderate,Never,Occasional,0,0,0,8.0,Low,Good,0
P4993,80,Female,27.7,145,114,147,22.9,Low,Never,Frequent,0,0,0,5.3,Moderate,Average,0
P4994,52,Male,30.0,127,100,130,20.1,Low,Never,Frequent,1,0,0,4.7,Moderate,Average,0
P4995,58,Female,24.0,131,98,145,21.4,Low,Never,None,0,0,0,6.5,Moderate,Average,0
P4996,31,Male,30.8,114,107,154,16.0,Moderate,Former,Occasional,0,0,0,7.2,Moderate,Average,0
P4997,65,Female,17.2,131,65,115,3.2,Moderate,Never,None,1,0,0,7.8,Low,Average,0
P4998,69,Male,21.1,140,89,134,18.2,Moderate,Never,None,0,1,0,7.0,Low,Poor,0
P4999,60,Female,15.8,152,80,98,9.6,Moderate,Never,None,0,0,0,4.1,Moderate,Average,0
P5000,49,Female,21.8,136,104,117,19.2,High,Never,Occasional,0,0,0,5.6,Moderate,Average,0
